patient_id,age,systolic_bp,glucose,bmi,hypertension,atrial_fibrillation,smoker,prior_tia,nihss,outcome
S00001,47.8,127.8,6.29,19.8,1,0,0,0,3.0,0
S00002,52.3,111.1,5.93,26.2,1,0,0,1,2.3,0
S00003,51.6,118.1,4.35,30.2,1,0,1,0,10.0,0
S00004,64.2,131.6,6.21,20.6,0,1,0,0,4.5,0
S00005,58.0,122.2,4.65,26.6,1,0,0,0,9.2,1
S00006,62.5,146.7,4.05,27.0,0,1,0,0,0.4,0
S00007,71.1,152.5,6.21,24.3,0,0,1,0,6.3,0
S00008,71.3,122.2,11.3,34.3,0,1,1,0,9.2,1
S00009,66.7,143.9,5.0,30.0,1,0,1,1,2.1,1
S00010,55.6,141.8,3.93,35.0,0,0,0,0,7.1,0
S00011,51.9,143.9,5.84,25.4,0,0,0,1,3.2,0
S00012,51.2,137.4,5.73,23.3,0,1,0,0,4.5,0
S00013,56.9,138.0,4.8,21.5,1,0,0,1,1.4,0
S00014,60.4,125.9,6.31,28.9,0,0,1,0,3.2,0
S00015,49.3,136.0,5.12,24.6,0,0,0,0,6.3,0
S00016,47.4,120.4,4.0,29.3,0,0,0,0,6.5,0
S00017,64.7,115.1,7.12,24.9,0,0,0,0,1.3,0
S00018,38.8,133.4,6.09,22.2,0,0,1,0,1.1,0
S00019,58.9,116.9,6.99,28.5,0,0,0,0,3.0,0
S00020,66.1,125.5,5.93,28.0,1,0,1,0,5.0,0
S00021,49.2,155.2,7.59,22.5,0,0,0,1,4.6,0
S00022,47.6,155.1,3.0,22.1,0,0,0,0,2.0,0
S00023,51.9,155.7,8.36,31.1,1,0,1,0,6.3,0
S00024,68.8,156.6,7.03,27.7,0,0,0,0,6.2,0
S00025,59.4,136.8,6.9,35.0,1,0,0,0,1.4,0
S00026,38.6,113.7,3.7,27.3,0,0,0,0,4.9,0
S00027,55.9,151.6,5.0,24.7,0,0,0,0,1.4,0
S00028,73.2,127.1,6.55,27.4,1,0,0,0,1.6,0
S00029,72.8,113.6,4.82,25.1,0,0,1,0,5.0,0
S00030,68.6,113.0,7.32,19.5,1,0,0,0,2.5,0
S00031,58.1,107.0,9.75,23.5,1,0,1,1,3.3,0
S00032,38.9,160.1,5.61,30.6,0,0,1,0,1.1,0
S00033,63.0,116.6,9.73,27.4,1,0,1,0,6.7,0
S00034,58.9,138.4,7.43,21.5,0,0,0,1,8.0,0
S00035,61.9,130.0,5.03,24.7,0,0,0,0,2.0,0
S00036,79.5,160.4,5.36,22.6,0,0,0,0,1.6,1
S00037,63.2,128.6,6.59,26.0,0,0,1,0,4.5,1
S00038,64.3,140.0,8.54,24.3,1,0,0,1,2.6,0
S00039,68.3,126.8,7.89,27.4,0,1,0,0,3.6,0
S00040,57.9,108.5,9.21,16.9,0,0,0,1,0.3,0
S00041,53.0,144.6,4.53,30.5,0,0,0,0,1.0,0
S00042,52.2,98.7,8.19,37.9,0,0,0,0,5.7,0
S00043,70.2,169.2,7.94,32.0,0,0,1,0,7.1,1
S00044,67.1,162.2,7.65,25.1,0,0,0,0,3.6,0
S00045,55.1,139.4,8.39,22.4,1,0,0,1,2.6,0
S00046,74.8,128.1,5.37,19.3,0,0,0,0,2.2,0
S00047,63.2,133.0,7.36,26.6,1,0,1,0,3.5,0
S00048,44.9,112.6,4.25,22.2,0,1,0,0,4.8,0
S00049,68.3,102.0,5.86,19.1,0,0,0,0,2.6,0
S00050,59.3,147.2,6.41,22.3,0,0,1,0,4.4,0
S00051,45.1,124.6,5.26,26.3,0,0,0,0,3.7,0
S00052,67.2,130.8,8.53,25.6,0,0,0,0,2.4,0
S00053,56.9,136.3,6.47,39.8,0,0,0,0,0.6,1
S00054,56.3,142.6,4.57,32.8,1,0,0,1,1.6,0
S00055,68.1,141.9,6.65,27.4,0,0,0,0,5.0,0
S00056,34.7,130.3,6.77,28.4,0,0,0,0,5.2,0
S00057,45.7,137.0,8.19,33.2,0,0,0,0,8.1,0
S00058,55.9,134.9,5.38,32.1,1,0,0,0,7.8,0
S00059,64.0,134.0,6.63,28.2,0,0,1,0,3.1,0
S00060,53.0,96.3,6.37,20.3,0,0,0,0,3.9,0
S00061,49.0,137.8,7.93,24.8,1,0,0,0,8.6,0
S00062,48.4,145.7,5.37,31.3,0,0,1,0,4.6,0
S00063,59.6,116.7,6.0,29.0,0,0,0,0,10.4,0
S00064,69.1,140.0,7.08,27.7,1,0,0,0,10.1,0
S00065,43.6,136.7,3.98,29.1,0,0,1,0,3.9,0
S00066,36.0,121.6,6.9,23.2,0,0,0,0,1.7,0
S00067,57.4,139.5,6.66,26.3,0,0,0,0,7.7,0
S00068,56.4,158.4,6.98,25.5,0,0,1,0,5.2,0
S00069,50.1,122.1,6.76,29.0,0,0,0,0,1.2,0
S00070,68.3,128.7,6.77,29.0,1,1,1,0,7.9,0
S00071,70.7,147.7,6.87,29.8,0,0,0,0,9.7,0
S00072,54.2,192.7,5.99,30.9,0,0,0,0,4.6,0
S00073,56.9,116.9,6.48,18.3,0,0,0,0,3.6,0
S00074,67.8,140.7,6.05,29.0,1,0,0,0,0.2,0
S00075,55.8,131.7,8.45,27.0,0,0,0,0,2.8,1
S00076,44.2,153.2,4.86,30.7,1,0,0,0,5.7,0
S00077,60.2,138.2,6.18,25.6,0,0,1,0,8.0,0
S00078,50.1,170.8,5.02,26.1,0,0,0,0,9.7,0
S00079,64.9,133.4,4.84,25.2,0,0,0,0,6.2,0
S00080,54.9,132.1,4.83,24.8,0,1,1,1,2.4,0
S00081,58.7,122.5,5.1,16.4,0,0,1,0,3.1,0
S00082,67.2,138.7,7.78,29.6,1,0,1,1,3.2,0
S00083,59.5,151.3,6.73,24.1,0,0,0,0,5.4,0
S00084,53.4,125.7,6.26,26.6,0,0,1,1,3.8,0
S00085,48.9,171.8,9.12,21.0,1,0,0,0,5.0,0
S00086,81.7,131.9,6.9,28.7,0,0,0,0,2.5,0
S00087,74.3,162.5,8.2,29.5,1,1,0,0,13.3,0
S00088,43.0,140.4,4.22,25.0,0,0,0,0,5.9,0
S00089,48.4,162.8,8.06,23.8,0,1,0,0,6.0,0
S00090,68.0,104.3,6.53,25.4,0,1,0,0,7.8,0
S00091,53.9,147.5,4.92,21.5,1,0,0,0,11.8,0
S00092,61.2,147.2,5.46,31.2,0,0,0,0,3.7,0
S00093,70.8,133.8,7.56,27.2,1,1,0,0,2.0,0
S00094,62.5,123.8,8.51,25.1,1,0,0,0,2.3,0
S00095,59.4,146.5,5.82,30.7,0,0,0,0,7.9,0
S00096,55.3,148.7,6.12,17.2,1,0,0,0,3.5,0
S00097,60.0,99.6,7.16,28.6,0,0,0,0,10.8,0
S00098,65.6,100.4,5.28,31.1,0,0,0,0,5.4,0
S00099,81.8,133.8,5.15,21.1,1,0,1,0,2.0,0
S00100,73.8,136.5,6.1,29.0,0,0,0,0,1.1,0
S00101,58.6,147.7,9.52,27.9,0,0,1,0,7.1,0
S00102,72.0,106.4,8.87,29.8,0,0,1,0,1.6,0
S00103,62.4,106.4,9.41,30.7,0,0,0,0,1.6,0
S00104,43.2,133.4,5.72,28.2,0,0,0,0,5.2,0
S00105,59.7,140.4,7.44,34.7,0,0,0,0,12.3,0
S00106,72.9,150.9,5.81,28.5,0,0,0,0,7.2,0
S00107,53.8,147.5,5.12,19.3,1,0,0,0,9.6,0
S00108,72.2,124.8,6.92,27.6,0,0,1,0,2.0,0
S00109,57.3,113.1,5.31,27.4,0,0,0,0,1.6,0
S00110,61.3,147.9,10.86,28.2,0,0,1,0,4.5,0
S00111,46.7,148.3,4.13,24.7,1,0,0,0,3.9,0
S00112,85.8,133.1,4.89,31.3,0,0,0,0,8.5,0
S00113,66.4,135.6,7.61,38.2,0,0,0,0,2.2,0
S00114,73.1,146.3,5.03,18.8,0,0,1,0,0.4,0
S00115,55.6,134.7,7.53,37.0,1,0,0,0,1.7,0
S00116,43.4,120.7,4.63,27.9,1,0,1,0,2.9,0
S00117,75.5,100.6,7.5,25.7,1,0,1,0,10.8,0
S00118,52.5,129.9,7.21,22.8,0,0,0,0,2.4,0
S00119,80.8,108.1,4.07,20.7,0,0,0,0,3.4,0
S00120,58.9,110.1,7.2,23.9,0,0,0,0,3.2,0
S00121,80.5,102.1,8.42,27.7,1,0,0,0,1.7,0
S00122,52.3,169.9,3.0,25.8,1,0,0,0,0.2,0
S00123,39.8,110.0,7.26,25.5,0,0,1,0,2.9,0
S00124,69.4,144.9,4.7,24.5,1,0,0,1,9.5,1
S00125,60.2,141.4,6.12,24.2,0,0,0,0,7.4,0
S00126,61.0,120.2,5.19,22.5,1,0,0,0,7.8,0
S00127,73.6,155.9,4.36,26.4,1,0,1,0,8.4,0
S00128,50.4,153.9,4.97,25.3,0,0,1,0,3.0,0
S00129,45.5,133.4,5.04,34.0,1,0,0,0,13.7,0
S00130,47.0,126.6,6.42,23.9,0,0,0,0,8.2,0
S00131,40.8,136.7,5.42,19.5,1,0,0,0,5.4,0
S00132,39.3,130.5,6.63,30.2,0,1,0,0,0.8,0
S00133,45.6,128.0,8.82,29.2,0,0,0,0,3.0,0
S00134,49.3,131.5,3.81,16.0,1,0,0,0,2.0,0
S00135,55.5,158.4,7.09,20.9,1,1,1,0,3.9,0
S00136,46.4,141.5,7.54,24.6,1,0,0,0,3.5,0
S00137,59.2,130.6,3.67,24.6,0,0,1,0,1.1,0
S00138,69.8,147.2,4.58,22.4,0,0,0,0,13.9,0
S00139,58.0,122.1,3.21,25.4,0,0,0,0,8.4,1
S00140,65.6,129.3,7.07,26.1,0,0,0,0,2.8,0
S00141,49.5,124.9,6.84,24.7,1,0,0,0,2.0,0
S00142,63.8,135.8,7.18,29.1,1,0,1,0,2.2,0
S00143,65.8,131.3,8.3,27.9,1,1,1,0,3.8,0
S00144,52.4,99.2,7.05,29.2,0,0,0,0,5.5,0
S00145,41.6,123.9,9.59,31.3,0,0,0,0,7.8,0
S00146,57.6,150.9,9.47,27.4,1,0,0,0,1.1,0
S00147,59.6,140.7,6.74,25.3,1,0,0,0,12.6,0
S00148,76.6,153.4,6.74,26.7,0,1,0,0,2.1,0
S00149,54.5,143.0,9.28,23.7,0,0,0,0,2.3,1
S00150,78.8,131.2,4.92,27.9,0,0,1,0,3.8,0
S00151,30.5,112.0,7.17,26.7,0,0,0,0,2.3,0
S00152,55.4,132.0,6.56,32.3,0,0,0,0,8.4,0
S00153,53.1,146.2,6.85,18.9,1,1,1,0,3.1,0
S00154,54.3,160.9,8.37,16.7,1,0,0,0,7.4,0
S00155,52.5,133.9,3.88,27.5,0,1,0,0,2.2,0
S00156,58.2,128.2,6.73,24.7,1,1,0,0,4.3,0
S00157,78.3,135.7,7.75,22.7,1,0,0,0,6.0,1
S00158,56.9,141.4,8.18,31.7,0,0,0,0,4.8,0
S00159,72.9,147.1,4.68,27.6,1,0,0,0,1.5,0
S00160,57.6,161.9,3.94,26.7,0,0,1,0,5.0,0
S00161,60.0,148.9,4.3,29.0,0,0,0,0,1.9,0
S00162,30.5,111.1,7.5,21.2,0,0,0,0,8.4,0
S00163,59.7,143.5,5.87,27.5,0,0,1,0,3.0,0
S00164,65.8,153.5,4.33,31.8,0,0,0,0,1.7,0
S00165,45.2,112.3,5.13,31.2,0,0,0,0,3.5,0
S00166,51.4,109.9,6.67,28.9,1,0,0,0,0.5,0
S00167,48.5,130.7,4.67,23.4,0,0,0,0,1.0,0
S00168,83.7,161.4,4.86,30.7,0,0,0,0,5.8,0
S00169,47.0,176.6,6.74,28.8,0,0,0,0,3.1,0
S00170,50.0,156.2,5.06,22.0,0,0,1,0,0.6,0
S00171,26.4,137.9,6.47,24.1,0,1,0,0,1.8,0
S00172,39.8,144.3,5.48,28.4,0,0,0,0,1.5,0
S00173,61.0,130.9,6.33,21.2,1,0,1,0,3.8,0
S00174,43.4,150.2,6.9,28.2,0,0,1,0,1.1,0
S00175,25.8,119.0,7.13,34.5,0,0,0,0,1.0,0
S00176,55.0,123.9,5.85,22.8,1,0,1,0,5.1,0
S00177,59.7,102.2,6.25,25.3,0,0,0,0,5.9,0
S00178,61.6,148.3,6.3,28.7,0,0,0,0,5.3,0
S00179,62.8,157.5,6.32,28.6,0,0,1,0,2.4,0
S00180,51.2,137.6,7.57,24.1,0,0,0,0,5.7,0
S00181,91.6,141.1,6.66,23.9,1,0,1,0,4.7,0
S00182,51.8,158.7,5.74,26.8,0,0,0,0,4.2,0
S00183,63.6,124.8,7.73,28.6,0,0,0,0,7.6,0
S00184,43.4,156.2,6.69,30.2,1,0,0,0,6.2,0
S00185,51.1,137.3,7.57,27.9,0,0,0,0,1.9,0
S00186,40.3,133.6,6.67,38.4,0,0,1,0,6.5,0
S00187,61.0,133.2,4.9,23.8,0,0,0,0,1.3,0
S00188,53.7,165.4,6.41,21.8,1,0,0,0,2.4,0
S00189,46.5,110.9,9.53,22.3,1,0,0,0,3.6,0
S00190,34.7,150.3,8.73,22.3,1,1,0,0,2.0,0
S00191,65.0,120.6,7.09,24.8,0,0,0,0,4.6,0
S00192,68.1,137.4,5.02,33.0,0,0,1,0,3.9,0
S00193,68.4,109.5,6.29,23.7,1,0,0,0,3.0,0
S00194,57.5,130.5,6.25,29.9,0,0,0,0,2.0,0
S00195,66.7,149.1,6.45,23.8,1,0,0,0,2.9,0
S00196,69.4,125.6,7.9,34.2,1,0,0,0,1.6,0
S00197,64.6,128.6,5.19,27.6,1,0,0,0,1.9,0
S00198,75.6,128.9,7.6,30.5,1,1,0,0,5.7,0
S00199,56.8,124.7,6.12,22.7,0,0,1,0,2.2,0
S00200,61.2,152.6,4.18,26.2,0,0,0,0,3.4,0
S00201,40.8,133.8,5.33,28.7,0,0,0,1,2.0,0
S00202,83.7,127.2,4.68,31.5,1,0,0,0,2.1,0
S00203,50.0,148.9,5.34,31.4,1,0,0,0,1.1,0
S00204,62.8,111.0,3.0,26.6,0,0,0,0,11.2,0
S00205,66.5,133.9,3.44,23.6,0,0,1,0,5.1,0
S00206,49.5,125.8,6.15,31.4,0,0,1,0,1.6,0
S00207,58.7,149.6,6.08,21.8,0,0,0,0,3.2,0
S00208,67.4,130.6,5.14,38.0,0,0,1,0,4.0,0
S00209,58.1,142.9,6.99,29.9,1,0,0,0,2.9,0
S00210,55.7,119.4,7.56,16.9,1,0,0,0,4.5,0
S00211,55.6,159.9,7.55,29.1,0,0,1,1,2.3,0
S00212,51.0,115.0,5.93,19.3,1,0,0,0,0.6,0
S00213,57.4,133.9,5.43,29.6,0,0,1,0,4.0,0
S00214,63.8,128.5,5.07,29.2,1,0,0,0,4.6,0
S00215,64.9,167.0,5.48,29.3,1,0,0,0,3.5,0
S00216,72.5,118.8,8.52,33.7,1,0,0,0,2.1,0
S00217,60.2,149.4,6.7,31.4,0,0,0,0,0.7,0
S00218,53.5,148.1,5.53,32.9,0,0,1,0,3.6,0
S00219,69.6,113.7,5.95,29.1,0,0,0,0,2.2,0
S00220,63.8,149.3,5.89,27.7,0,0,0,0,8.7,0
S00221,71.6,143.4,6.46,32.6,0,0,1,0,3.1,0
S00222,61.9,135.6,4.93,26.0,0,1,0,0,9.3,0
S00223,66.1,132.5,3.46,29.6,0,1,0,0,2.8,0
S00224,64.4,151.2,4.66,28.9,1,0,0,0,0.8,0
S00225,68.5,120.3,5.7,22.8,1,0,0,0,4.8,0
S00226,48.2,139.9,8.08,26.3,0,0,0,0,5.5,0
S00227,58.6,131.5,8.19,23.5,1,0,1,0,4.7,0
S00228,62.0,113.9,7.84,24.9,1,0,1,0,1.3,0
S00229,80.2,98.2,3.71,25.4,0,0,0,0,4.1,0
S00230,59.0,120.2,8.03,29.2,1,0,1,0,3.3,0
S00231,65.3,127.1,8.87,32.3,0,0,1,0,2.9,0
S00232,57.8,124.9,8.89,35.1,1,0,0,0,4.9,0
S00233,35.4,132.7,8.85,31.3,0,0,0,1,2.0,0
S00234,74.7,118.6,8.14,31.5,1,0,0,0,2.3,0
S00235,67.9,121.0,5.61,29.4,1,0,0,1,2.8,0
S00236,74.7,131.7,8.14,22.1,1,0,1,0,5.6,0
S00237,43.7,133.5,8.56,30.6,1,0,0,0,0.7,0
S00238,63.2,121.2,8.29,26.7,0,0,0,0,4.3,0
S00239,62.0,138.2,6.84,22.6,0,0,1,0,8.3,0
S00240,41.3,135.4,9.48,28.2,1,1,1,0,2.0,0
S00241,65.4,145.6,8.8,22.0,0,0,1,0,16.5,1
S00242,52.7,152.0,6.87,26.8,1,0,0,0,2.3,0
S00243,65.7,139.0,7.33,30.3,0,0,0,1,3.7,0
S00244,40.2,155.7,6.75,30.7,0,0,0,0,9.2,0
S00245,49.4,128.4,3.92,22.5,1,0,0,0,3.7,0
S00246,51.5,101.1,6.91,26.7,0,0,1,0,13.2,0
S00247,41.8,157.9,5.65,37.5,1,0,0,0,5.2,0
S00248,60.6,131.4,3.7,30.3,1,0,1,0,5.6,0
S00249,75.4,112.4,6.11,22.6,0,0,0,0,1.7,0
S00250,59.7,157.8,7.35,21.9,1,0,0,0,3.2,0
S00251,67.4,141.0,6.18,23.7,1,0,0,0,3.3,0
S00252,77.4,116.1,5.94,26.6,1,0,0,0,3.0,0
S00253,66.5,147.5,7.67,34.7,0,0,1,0,2.3,0
S00254,55.5,140.2,6.88,25.4,0,1,0,0,12.8,0
S00255,37.1,143.4,3.0,31.4,0,0,1,0,4.4,0
S00256,64.1,127.8,6.27,29.1,0,0,0,0,3.9,0
S00257,56.0,134.6,7.45,16.7,1,0,0,0,9.3,0
S00258,54.5,164.0,6.65,27.1,0,0,0,0,3.9,0
S00259,68.6,140.0,7.94,22.7,0,0,0,0,4.8,0
S00260,66.5,160.8,7.55,27.1,1,0,0,0,4.9,0
S00261,41.3,135.5,6.55,20.6,1,1,0,0,3.8,0
S00262,62.8,156.8,8.59,27.2,1,0,0,0,5.6,0
S00263,56.1,139.4,8.17,25.1,0,0,0,0,2.8,0
S00264,70.1,126.7,6.43,24.9,0,0,0,0,2.7,0
S00265,59.7,112.5,7.85,36.9,1,0,0,0,2.3,0
S00266,71.0,156.3,7.79,23.3,0,0,1,1,5.7,0
S00267,52.1,109.2,6.43,27.0,0,0,0,0,2.1,0
S00268,55.3,117.2,7.09,30.9,0,0,1,0,6.4,0
S00269,53.5,161.6,3.42,24.9,1,0,1,0,5.5,0
S00270,57.8,125.3,10.61,30.2,1,0,0,1,5.5,0
S00271,57.1,137.0,3.25,36.7,0,0,1,0,5.4,0
S00272,74.1,105.0,7.26,33.7,1,0,1,0,2.4,0
S00273,48.3,165.1,7.46,26.3,1,0,0,0,3.2,0
S00274,61.0,145.0,7.6,32.3,1,0,0,0,2.8,0
S00275,46.1,137.6,7.22,29.7,1,0,1,0,4.6,0
S00276,42.8,142.5,7.07,30.1,0,0,0,0,1.9,0
S00277,52.9,132.8,5.91,30.8,1,0,1,1,6.5,0
S00278,42.1,109.7,9.31,17.5,0,0,1,0,3.9,0
S00279,62.1,144.4,9.8,22.7,1,0,1,0,2.0,0
S00280,51.3,140.4,8.29,33.0,1,0,0,1,1.5,1
S00281,53.7,129.2,6.63,35.4,1,0,0,0,18.9,0
S00282,65.4,149.3,6.19,26.3,1,0,0,1,10.9,0
S00283,78.5,148.8,4.24,34.8,0,0,0,0,2.6,0
S00284,53.7,145.5,6.99,30.0,0,0,1,0,5.2,0
S00285,36.7,153.0,8.34,24.9,1,0,0,0,3.6,0
S00286,55.3,113.4,4.99,32.4,1,0,1,0,3.1,0
S00287,60.0,138.6,4.72,20.9,0,1,0,0,2.1,0
S00288,73.6,127.5,3.22,35.2,0,0,1,0,2.5,0
S00289,59.6,125.5,6.95,32.2,0,0,1,0,4.9,0
S00290,49.6,132.9,4.64,24.8,0,0,0,0,2.4,0
S00291,71.1,123.3,8.72,26.4,1,1,0,0,6.1,0
S00292,73.1,98.9,4.29,27.3,0,0,1,0,11.2,0
S00293,57.9,145.0,4.0,23.1,0,0,0,0,5.6,0
S00294,63.7,110.5,7.44,17.8,1,1,0,0,1.1,0
S00295,64.5,123.7,6.81,28.2,0,0,0,0,2.1,0
S00296,91.0,147.9,3.0,25.5,0,0,0,0,9.3,0
S00297,53.2,131.5,8.53,19.4,0,0,0,0,5.4,0
S00298,55.4,135.2,8.8,30.5,0,0,0,0,8.0,0
S00299,59.2,147.2,5.12,26.7,0,0,1,0,0.2,0
S00300,69.0,123.8,6.36,28.9,1,0,0,0,6.5,0
S00301,56.9,155.9,7.35,22.3,0,0,0,0,3.7,0
S00302,66.5,126.2,7.06,17.9,0,1,1,0,4.2,0
S00303,71.2,175.3,6.12,22.4,1,0,1,0,6.9,0
S00304,84.0,125.7,4.83,21.8,1,0,1,0,0.5,0
S00305,58.7,143.9,5.48,23.7,0,0,1,0,5.1,0
S00306,56.8,130.9,5.69,22.0,0,1,0,0,0.7,0
S00307,56.6,146.2,7.46,26.5,1,0,0,1,3.7,0
S00308,38.5,140.3,6.01,27.4,0,0,0,0,5.7,0
S00309,46.5,137.3,7.63,33.7,1,0,0,1,3.1,0
S00310,62.4,143.9,7.74,29.9,0,0,0,0,1.0,0
S00311,62.4,132.6,6.91,30.3,0,0,1,0,2.0,0
S00312,91.4,143.0,5.39,28.1,0,0,0,0,4.0,0
S00313,75.3,148.5,3.42,17.4,1,0,0,0,3.0,0
S00314,69.8,130.9,6.71,24.6,0,0,0,0,4.0,0
S00315,78.1,141.2,8.55,17.9,1,1,0,1,4.8,1
S00316,52.9,127.1,4.97,20.7,0,1,0,0,4.8,0
S00317,53.8,121.9,5.45,28.1,0,0,0,0,2.8,0
S00318,51.7,180.0,3.52,33.6,1,0,1,0,8.5,0
S00319,58.7,175.3,5.62,27.9,0,0,0,0,5.1,0
S00320,86.2,122.9,4.49,25.2,0,0,0,0,1.9,0
S00321,57.5,132.4,7.2,21.1,0,0,0,0,0.4,0
S00322,53.0,147.7,3.0,24.8,1,0,0,0,3.8,0
S00323,61.1,116.7,6.13,27.5,1,0,0,0,5.8,0
S00324,70.6,129.5,6.77,21.2,0,0,0,0,15.6,0
S00325,66.4,105.1,8.35,25.8,1,0,1,1,7.1,0
S00326,70.8,152.5,5.81,21.9,1,0,0,0,7.2,0
S00327,46.3,115.4,10.23,24.6,0,0,1,0,4.0,0
S00328,50.4,165.2,5.54,20.0,1,0,0,0,4.0,0
S00329,58.0,156.9,3.17,20.2,0,0,0,0,1.7,0
S00330,61.8,139.7,8.81,28.3,1,0,0,0,8.2,0
S00331,77.0,139.5,7.67,28.1,1,0,0,0,2.1,0
S00332,45.7,142.5,4.19,24.3,0,0,0,1,5.8,0
S00333,68.4,160.0,6.42,28.8,1,0,0,0,3.0,0
S00334,58.0,123.6,7.2,33.2,1,0,1,0,5.0,0
S00335,68.1,163.5,3.5,20.6,0,0,1,0,1.4,0
S00336,53.0,136.9,6.06,24.1,0,0,0,1,10.0,0
S00337,44.2,130.1,7.57,23.2,1,0,0,0,5.8,0
S00338,74.9,156.3,6.61,29.9,1,0,0,0,8.9,1
S00339,64.3,133.4,7.85,31.4,1,0,0,0,4.0,0
S00340,37.7,134.0,9.02,31.5,0,0,1,0,5.0,0
S00341,69.1,119.1,5.32,29.1,0,0,0,0,4.1,0
S00342,48.8,127.3,7.4,25.4,1,0,0,0,0.6,0
S00343,59.6,176.5,7.27,29.4,0,0,0,0,0.9,0
S00344,60.6,116.1,5.99,25.5,1,0,0,0,2.2,0
S00345,44.7,130.1,6.2,26.3,0,0,0,0,2.0,0
S00346,74.0,130.5,7.18,31.8,0,0,1,0,1.0,0
S00347,54.5,135.3,9.31,30.7,0,0,0,0,3.8,0
S00348,80.2,137.2,4.38,15.3,0,0,0,0,2.2,0
S00349,66.6,114.2,6.56,29.4,0,1,0,0,5.1,1
S00350,66.9,144.0,3.37,32.8,1,0,0,1,4.4,0
S00351,64.0,153.3,6.15,23.1,1,0,1,0,5.4,0
S00352,84.3,169.1,8.12,24.0,0,1,1,0,2.5,0
S00353,48.6,119.1,8.74,28.8,0,0,0,0,2.7,0
S00354,51.5,149.7,5.56,33.5,0,0,1,1,2.2,0
S00355,52.9,100.3,8.53,29.0,1,1,0,0,3.9,0
S00356,74.5,135.5,9.97,36.0,0,0,1,0,3.6,1
S00357,73.4,141.1,11.2,28.3,0,0,1,0,1.1,0
S00358,61.9,111.2,6.21,15.2,0,0,0,0,6.7,0
S00359,64.0,116.3,4.95,32.2,0,0,0,0,8.7,0
S00360,41.2,139.4,5.49,28.5,1,0,1,0,8.6,0
S00361,78.6,138.0,4.81,30.3,1,0,0,0,3.7,0
S00362,58.2,97.0,7.79,26.1,1,0,0,0,7.7,0
S00363,62.3,134.9,3.25,27.0,0,0,0,0,2.6,0
S00364,57.3,175.5,5.63,28.9,1,1,1,0,5.0,1
S00365,68.7,137.9,5.96,21.6,0,0,0,0,1.5,0
S00366,58.3,155.5,6.68,26.6,0,0,0,0,4.1,0
S00367,62.3,143.1,8.74,22.1,0,0,0,0,4.5,0
S00368,62.0,95.4,7.71,29.7,1,0,1,0,1.7,0
S00369,54.8,132.5,8.2,15.5,0,0,0,0,8.8,0
S00370,53.6,130.9,5.94,24.3,1,0,0,0,3.5,0
S00371,65.6,145.3,5.0,24.6,0,0,0,1,6.5,0
S00372,65.5,126.4,5.16,31.3,0,0,0,1,9.1,0
S00373,69.7,118.5,7.62,25.1,0,0,0,0,2.7,0
S00374,78.3,128.2,4.47,21.6,0,0,0,0,2.9,0
S00375,46.2,131.6,7.07,17.9,1,0,1,0,3.0,0
S00376,38.9,135.5,8.19,25.2,0,0,0,0,2.6,0
S00377,56.1,113.4,7.81,35.8,1,0,0,0,2.8,0
S00378,76.2,144.4,6.72,39.5,0,0,0,0,5.0,0
S00379,60.4,136.6,8.0,27.7,0,0,0,0,4.4,0
S00380,39.2,105.9,8.92,15.0,0,1,0,0,4.0,0
S00381,80.0,139.0,5.79,24.6,0,0,0,0,4.1,0
S00382,67.0,134.1,7.27,24.6,1,0,1,0,14.1,1
S00383,43.1,138.4,8.25,25.5,0,0,0,0,9.2,0
S00384,51.0,113.0,6.46,28.6,1,0,0,0,1.9,0
S00385,62.1,131.3,8.29,17.2,1,1,0,0,7.6,0
S00386,54.3,131.1,4.85,19.9,1,0,0,0,2.8,0
S00387,59.3,134.3,5.09,21.9,0,0,0,0,2.8,0
S00388,67.2,121.9,4.1,22.3,0,0,0,0,5.8,0
S00389,61.0,172.5,3.42,28.9,1,0,1,1,8.4,1
S00390,77.6,110.8,6.82,24.6,1,0,0,1,2.6,0
S00391,58.7,156.9,3.0,33.1,0,1,1,0,5.6,0
S00392,78.8,115.4,7.14,28.9,0,0,0,0,1.6,0
S00393,54.0,119.6,9.22,24.8,1,0,0,0,3.5,0
S00394,47.0,125.4,6.83,26.7,0,0,1,0,4.6,0
S00395,35.9,166.4,5.64,36.4,0,0,0,0,6.8,0
S00396,50.6,157.2,7.49,28.7,0,0,0,1,3.7,0
S00397,62.1,126.5,5.41,15.0,0,0,1,0,1.2,0
S00398,72.4,152.4,3.87,27.2,0,0,1,0,1.3,0
S00399,19.8,144.4,8.47,32.0,0,0,0,0,4.1,0
S00400,60.5,159.0,11.0,22.9,1,0,0,0,1.9,0
S00401,49.3,152.5,7.26,35.0,1,0,0,0,4.4,0
S00402,69.4,134.3,8.31,29.9,0,0,0,1,7.2,0
S00403,54.8,134.7,7.39,16.6,1,0,0,0,7.6,0
S00404,64.5,128.5,6.84,28.9,1,0,1,0,6.8,0
S00405,82.5,113.8,4.64,30.9,0,0,0,0,5.0,0
S00406,62.3,114.0,4.75,22.0,0,0,0,0,3.3,0
S00407,58.9,145.9,8.53,36.3,0,0,0,0,3.2,0
S00408,72.7,96.8,3.43,21.1,0,0,0,1,1.4,0
S00409,64.4,131.5,6.99,26.1,0,0,0,0,2.4,0
S00410,58.5,148.7,4.28,35.3,1,1,0,0,7.7,0
S00411,41.7,125.4,5.33,23.3,1,0,0,0,6.9,0
S00412,56.7,146.4,7.3,21.3,0,0,0,0,2.6,0
S00413,41.0,121.9,5.87,28.1,1,0,1,0,1.1,0
S00414,63.3,148.3,3.0,27.2,0,0,0,0,0.9,0
S00415,67.7,110.7,6.48,24.7,1,0,0,0,3.3,0
S00416,61.6,163.1,4.85,23.7,0,0,0,0,8.9,0
S00417,82.9,125.6,6.21,27.7,1,0,0,0,3.4,0
S00418,47.2,152.8,9.52,28.1,0,0,0,0,1.2,0
S00419,65.7,111.9,8.93,22.0,1,0,0,0,1.0,0
S00420,61.3,143.4,3.0,24.9,1,0,0,0,11.6,0
S00421,46.7,142.1,5.81,24.2,0,0,0,0,4.4,0
S00422,66.8,105.0,6.94,26.2,1,0,1,0,2.1,0
S00423,70.7,153.2,7.62,28.3,0,0,1,0,10.0,1
S00424,74.2,140.8,5.22,19.8,1,0,0,1,0.9,0
S00425,58.8,113.3,8.01,29.7,0,0,0,0,2.7,0
S00426,68.4,113.9,4.57,22.1,0,0,0,0,1.4,0
S00427,53.0,106.1,5.14,26.7,0,0,0,0,6.2,0
S00428,78.6,154.2,5.07,22.6,0,0,1,0,4.2,0
S00429,82.3,119.8,9.44,18.3,0,0,0,0,1.3,0
S00430,62.8,136.7,6.13,23.0,0,0,0,0,6.9,0
S00431,63.6,133.4,7.51,33.3,1,0,0,1,6.8,0
S00432,48.2,140.5,7.82,22.2,0,0,0,0,1.6,0
S00433,61.2,124.8,3.0,26.2,1,0,0,0,5.3,0
S00434,56.6,141.3,5.04,30.3,0,0,0,0,4.5,0
S00435,63.7,165.2,4.53,24.6,1,0,1,0,7.5,0
S00436,44.2,140.5,7.33,25.7,0,0,1,0,0.3,0
S00437,82.1,129.1,7.5,36.6,0,0,0,0,11.0,0
S00438,63.3,142.7,5.74,25.5,1,0,0,0,4.0,0
S00439,74.0,130.0,6.19,22.8,0,0,1,0,1.7,0
S00440,66.9,156.5,9.42,24.7,1,0,0,0,4.3,0
S00441,57.6,176.6,3.03,31.6,0,0,0,0,5.9,0
S00442,84.0,148.3,5.08,31.8,1,0,0,0,1.0,0
S00443,74.4,152.7,6.11,28.2,1,0,1,0,5.9,0
S00444,43.3,109.1,7.36,28.6,1,0,0,0,0.9,0
S00445,60.8,149.6,6.19,28.6,1,0,1,0,2.7,0
S00446,58.3,127.1,7.85,25.4,0,0,0,0,0.6,0
S00447,51.5,104.4,7.07,21.0,1,0,0,0,1.4,0
S00448,86.9,130.6,6.83,26.0,1,0,0,0,1.0,1
S00449,46.5,148.6,6.95,34.8,0,0,1,0,3.8,0
S00450,79.3,138.0,6.28,19.1,1,1,0,0,3.7,0
S00451,40.6,149.2,7.28,29.6,0,0,1,0,2.7,0
S00452,77.4,118.5,5.23,22.7,0,0,0,0,5.3,0
S00453,54.8,114.4,6.7,22.7,0,0,0,0,11.1,0
S00454,34.3,165.6,4.55,22.7,1,0,0,0,4.2,0
S00455,64.4,141.5,5.61,27.6,1,0,0,0,0.9,0
S00456,66.9,150.9,6.16,23.5,1,0,0,0,1.9,0
S00457,50.3,155.3,3.0,25.9,0,0,1,0,4.9,0
S00458,74.1,121.9,6.12,30.5,1,1,0,0,0.9,0
S00459,41.1,129.6,5.59,32.0,0,0,1,0,4.3,0
S00460,74.6,135.1,5.12,31.2,0,0,0,1,5.0,0
S00461,68.2,156.2,6.68,24.4,0,0,0,0,2.0,0
S00462,82.6,140.0,9.43,20.9,0,1,1,0,2.2,0
S00463,56.5,168.9,7.34,30.7,0,0,0,0,4.1,0
S00464,71.7,129.6,3.91,23.8,0,0,0,0,2.7,0
S00465,54.3,151.4,7.02,25.2,0,0,0,0,9.1,0
S00466,71.1,140.4,5.84,31.3,1,0,1,0,3.8,0
S00467,64.2,159.2,4.58,26.6,1,0,1,0,1.0,0
S00468,70.8,131.2,5.14,26.9,0,0,1,0,1.9,0
S00469,46.0,132.0,5.73,26.0,0,0,1,0,4.2,0
S00470,67.1,123.7,5.65,17.9,0,0,0,0,3.6,0
S00471,65.7,166.3,6.24,23.6,0,0,0,0,2.5,0
S00472,79.3,154.0,6.03,32.7,1,0,0,0,2.0,0
S00473,57.3,124.5,4.64,20.0,0,0,1,0,0.6,0
S00474,59.1,151.6,5.7,31.0,0,0,0,1,2.2,0
S00475,69.0,143.7,6.63,29.7,0,0,0,0,3.0,0
S00476,67.6,132.6,6.58,24.1,1,0,1,0,5.2,1
S00477,31.2,119.4,7.92,25.4,0,0,1,1,2.3,0
S00478,57.9,141.7,7.19,25.7,1,1,1,0,6.2,0
S00479,71.5,137.4,7.16,16.8,0,0,0,0,6.3,0
S00480,57.0,156.3,6.07,26.6,0,0,0,0,4.8,0
S00481,39.1,154.2,6.94,18.9,1,0,0,0,3.7,0
S00482,57.1,105.2,5.9,25.9,1,0,0,0,6.8,0
S00483,60.9,135.3,6.13,31.8,1,0,0,0,9.5,0
S00484,49.6,157.5,5.06,30.0,1,0,0,0,2.0,0
S00485,62.1,124.1,5.93,15.3,0,0,0,0,5.2,0
S00486,48.0,121.8,5.94,22.6,0,0,1,0,4.5,0
S00487,58.8,128.1,5.24,20.5,0,0,0,1,5.4,0
S00488,62.0,121.1,4.69,21.2,0,0,0,0,12.7,0
S00489,82.3,148.6,7.67,28.8,1,0,0,1,1.6,0
S00490,65.3,146.3,4.08,28.8,1,0,0,0,0.8,0
S00491,76.2,144.0,7.23,22.3,0,1,0,0,6.0,0
S00492,63.6,141.3,5.87,25.9,1,0,1,0,3.9,0
S00493,47.5,131.8,6.24,26.6,0,0,0,0,6.1,0
S00494,47.2,158.4,4.09,27.9,1,0,0,0,3.8,0
S00495,70.4,164.8,7.32,30.8,0,0,0,0,5.5,0
S00496,41.9,161.1,4.95,15.9,1,0,0,0,2.3,0
S00497,42.0,142.9,5.77,29.2,1,0,0,0,5.8,0
S00498,71.8,162.7,4.36,27.0,0,1,0,1,3.2,0
S00499,51.2,161.2,6.27,25.2,0,0,0,0,1.6,0
S00500,47.2,123.9,7.26,28.5,0,0,0,0,2.2,0
S00501,80.6,146.3,4.28,34.7,0,1,1,0,10.7,0
S00502,50.5,168.3,5.63,32.7,0,0,0,1,5.4,0
S00503,68.2,129.4,8.39,33.8,1,1,0,0,2.7,1
S00504,60.5,118.0,7.66,19.1,1,1,0,0,1.5,0
S00505,62.5,125.9,7.72,18.9,0,0,0,0,8.7,0
S00506,61.4,126.7,7.97,22.5,1,0,1,0,3.1,0
S00507,72.9,137.5,5.64,16.0,0,0,0,0,3.6,0
S00508,78.6,146.6,8.77,27.4,1,0,1,0,1.4,0
S00509,49.8,162.5,7.43,27.0,0,0,0,0,2.1,0
S00510,79.1,155.9,6.4,31.4,1,0,0,0,3.9,0
S00511,58.3,108.7,5.7,31.9,0,0,0,1,5.3,0
S00512,58.9,130.3,5.11,21.3,0,0,0,0,2.8,0
S00513,69.1,141.8,7.77,24.8,0,0,0,0,4.5,0
S00514,54.4,160.8,3.82,23.3,1,0,0,0,6.7,0
S00515,49.9,122.3,5.71,29.1,0,0,0,0,2.0,0
S00516,79.0,176.5,5.97,32.2,0,1,0,0,1.6,0
S00517,54.0,114.8,6.71,23.0,0,1,1,0,4.0,0
S00518,35.6,126.7,5.8,22.6,1,0,0,0,4.1,0
S00519,21.6,158.4,6.26,27.4,0,0,0,0,3.9,0
S00520,64.7,119.0,7.95,27.1,0,0,0,0,2.9,0
S00521,59.1,127.5,6.56,26.3,0,0,0,0,4.0,0
S00522,81.5,102.4,7.9,25.7,0,0,0,0,12.0,0
S00523,46.9,143.8,5.55,25.8,1,0,0,0,4.8,0
S00524,46.4,164.8,6.42,17.8,0,0,1,0,2.7,1
S00525,61.3,144.0,6.59,30.1,1,1,0,0,2.4,0
S00526,76.8,130.6,6.14,27.8,1,0,1,0,1.0,0
S00527,77.7,157.9,8.89,24.9,1,0,0,0,3.5,0
S00528,61.3,149.6,7.4,28.4,1,0,0,0,4.8,0
S00529,53.2,143.2,5.87,21.6,0,1,0,0,1.7,0
S00530,62.5,128.2,5.19,28.2,0,0,0,0,1.5,0
S00531,79.1,136.6,5.42,24.6,0,0,0,0,2.1,0
S00532,60.0,129.9,9.83,28.7,0,0,0,0,2.3,1
S00533,55.6,124.7,6.01,30.9,1,0,0,1,2.8,0
S00534,66.3,138.7,6.17,25.4,0,0,0,1,4.6,0
S00535,63.4,145.8,6.28,27.6,1,0,0,0,6.1,0
S00536,62.3,131.7,8.46,17.9,0,0,0,0,3.4,0
S00537,85.8,135.8,8.07,35.8,1,0,1,0,6.8,0
S00538,69.0,155.6,5.68,28.3,1,0,1,0,4.0,0
S00539,62.5,146.8,6.94,26.0,1,0,0,0,1.5,0
S00540,56.9,135.0,7.06,23.8,0,1,0,0,8.8,0
S00541,57.9,114.1,5.44,33.2,0,0,1,0,6.1,0
S00542,67.2,135.4,4.63,20.6,0,0,0,0,0.7,0
S00543,69.8,142.2,3.8,27.8,0,0,0,0,2.8,0
S00544,53.6,127.1,8.23,27.1,0,0,0,0,5.5,0
S00545,54.9,121.7,6.36,29.5,0,0,0,0,4.3,0
S00546,57.9,139.4,6.35,18.8,1,0,0,0,13.1,0
S00547,50.0,131.3,6.93,26.3,1,0,0,0,3.2,0
S00548,74.2,131.8,6.52,20.2,1,0,1,0,7.1,1
S00549,50.4,158.4,5.9,17.5,1,0,1,0,0.7,0
S00550,63.0,136.6,4.19,28.5,0,0,0,0,1.5,0
S00551,72.9,133.1,7.35,30.2,0,0,0,0,10.9,0
S00552,49.4,163.6,6.31,22.3,0,1,1,0,1.8,0
S00553,51.0,127.0,7.25,30.3,1,0,1,0,4.6,0
S00554,59.5,137.8,3.0,25.5,0,0,0,0,4.6,0
S00555,67.2,148.2,5.81,23.7,1,0,1,0,3.2,0
S00556,63.4,134.9,6.26,25.0,0,0,1,0,3.4,0
S00557,61.8,123.3,7.07,22.9,0,0,0,0,2.1,0
S00558,76.1,118.2,4.64,27.1,0,0,0,0,6.7,0
S00559,54.4,172.8,5.0,20.7,0,0,0,0,2.9,0
S00560,53.1,128.6,6.89,24.9,0,0,1,0,5.3,0
S00561,69.0,151.8,3.87,17.7,1,0,0,0,1.4,0
S00562,62.6,152.0,6.57,33.4,0,0,0,1,3.0,0
S00563,72.5,134.4,5.77,21.3,1,0,0,0,4.1,0
S00564,74.1,131.8,3.77,32.9,1,0,0,0,1.9,0
S00565,48.1,129.7,6.75,25.9,0,0,0,0,1.5,0
S00566,36.3,116.3,6.85,35.6,0,0,0,0,4.4,0
S00567,67.8,118.9,6.27,27.0,0,0,0,0,3.6,0
S00568,60.7,133.5,8.42,27.8,0,0,0,1,0.6,0
S00569,64.6,132.8,6.49,30.6,1,0,0,0,6.4,0
S00570,50.4,136.3,8.72,29.7,1,0,1,0,3.1,0
S00571,70.7,142.6,6.52,30.5,1,0,0,0,1.2,0
S00572,58.5,140.0,9.98,29.8,0,0,1,0,2.1,0
S00573,67.8,151.7,3.96,28.4,1,0,0,0,8.4,0
S00574,72.1,117.9,6.83,32.1,1,0,0,0,7.5,0
S00575,62.5,85.0,5.93,33.2,0,0,1,1,4.4,1
S00576,60.1,165.4,10.46,27.2,1,0,0,0,5.5,0
S00577,53.0,127.9,6.75,25.9,0,0,1,0,6.7,0
S00578,93.3,139.1,6.05,23.4,0,0,0,0,10.2,0
S00579,44.9,144.0,4.02,29.7,0,0,1,0,15.5,0
S00580,69.6,141.7,6.05,17.5,1,0,1,0,5.0,0
S00581,43.3,146.8,5.98,27.0,0,0,1,0,1.5,0
S00582,51.4,144.5,7.08,31.7,1,1,1,0,5.8,0
S00583,78.0,162.7,3.17,36.6,0,0,0,0,2.7,0
S00584,52.5,139.7,8.21,26.3,1,0,0,0,4.7,0
S00585,73.9,148.7,9.45,21.5,1,0,0,0,4.2,0
S00586,56.6,143.4,8.09,27.4,1,0,0,0,6.7,0
S00587,71.7,144.5,6.12,37.2,0,0,0,0,3.1,0
S00588,44.3,172.3,6.33,37.0,1,0,1,0,2.8,0
S00589,47.6,123.2,5.06,24.9,1,0,1,0,1.4,0
S00590,78.5,134.1,3.81,24.5,1,0,1,0,3.6,0
S00591,65.1,101.7,3.0,24.8,1,0,0,0,1.8,0
S00592,48.8,162.3,3.72,23.8,0,0,0,0,1.1,0
S00593,55.3,154.0,5.46,28.9,0,0,1,0,0.3,0
S00594,27.9,150.7,6.48,29.7,1,0,0,0,2.6,0
S00595,57.2,138.2,5.62,36.1,1,0,0,0,2.6,0
S00596,45.1,138.0,7.96,23.9,0,0,1,0,3.7,0
S00597,49.4,154.8,3.8,25.5,1,0,1,0,9.1,0
S00598,78.9,136.1,7.8,30.8,1,0,0,0,4.9,0
S00599,54.4,110.9,7.36,23.9,1,0,0,0,2.4,1
S00600,53.4,105.4,5.71,27.5,1,0,0,0,5.3,0
S00601,47.6,131.1,4.72,28.4,0,0,0,0,2.9,0
S00602,68.8,109.8,5.6,19.3,1,0,0,0,0.4,0
S00603,67.4,132.1,5.21,28.1,0,0,0,0,7.0,0
S00604,50.7,152.8,7.91,37.3,1,0,0,0,8.3,0
S00605,41.0,128.7,8.72,34.1,0,0,0,1,1.9,0
S00606,58.2,150.1,7.56,26.2,1,0,1,0,2.4,0
S00607,62.3,94.9,7.51,27.8,0,0,0,0,1.0,0
S00608,37.0,115.1,9.31,30.1,0,0,1,0,2.6,0
S00609,74.4,163.2,8.4,30.5,1,0,0,0,5.3,0
S00610,49.8,144.6,6.89,24.3,0,0,0,0,6.6,0
S00611,61.8,145.6,8.51,27.0,0,0,0,1,1.3,0
S00612,51.3,118.1,6.62,22.7,1,0,0,0,4.0,0
S00613,51.5,140.6,6.84,32.9,0,0,0,0,2.4,0
S00614,71.7,163.0,3.83,25.5,0,0,0,0,4.0,0
S00615,61.8,154.5,7.08,28.3,0,0,0,0,4.4,0
S00616,42.5,146.5,4.64,27.4,0,0,1,0,2.6,0
S00617,64.7,133.2,3.67,25.3,0,0,0,0,9.0,0
S00618,70.5,107.8,8.96,27.6,0,1,0,0,2.0,0
S00619,58.6,128.3,6.16,23.3,1,0,1,0,4.0,1
S00620,73.5,129.6,6.6,22.1,0,0,0,0,3.1,0
S00621,49.5,141.7,5.18,18.3,0,0,0,0,1.1,0
S00622,72.0,131.2,8.61,27.7,0,0,1,0,6.8,0
S00623,63.2,137.7,5.99,28.7,0,0,0,0,1.2,0
S00624,62.6,128.4,4.95,33.2,0,0,0,1,6.0,0
S00625,77.0,122.8,6.97,33.8,1,0,0,0,5.3,0
S00626,69.0,135.7,5.21,35.3,0,0,0,0,4.5,0
S00627,56.8,109.2,6.31,31.3,0,0,0,0,4.6,0
S00628,66.7,104.4,5.5,21.5,1,1,0,0,2.7,1
S00629,52.5,134.1,5.02,19.4,0,0,0,0,2.4,0
S00630,66.7,155.7,7.53,25.3,0,0,0,0,0.7,0
S00631,76.3,115.9,8.09,25.7,1,1,1,0,6.7,0
S00632,75.2,148.3,4.65,21.7,0,0,0,0,3.3,0
S00633,52.2,170.4,6.49,25.5,0,0,0,0,4.5,0
S00634,57.8,124.5,3.0,35.8,1,0,0,0,2.2,0
S00635,68.3,107.6,7.71,23.5,0,0,0,0,8.5,0
S00636,67.6,125.8,6.9,26.4,0,1,0,0,4.2,0
S00637,51.7,144.1,4.59,34.4,0,0,0,0,3.2,0
S00638,63.2,146.4,5.74,22.0,0,0,0,1,6.8,0
S00639,65.3,139.8,4.7,32.0,1,0,0,0,2.6,0
S00640,78.9,127.3,5.42,33.9,0,0,0,0,1.5,0
S00641,63.4,146.2,5.36,15.2,1,0,0,0,3.9,0
S00642,59.6,124.4,5.63,30.0,0,0,0,0,4.2,0
S00643,47.7,136.4,4.33,28.8,0,0,0,1,2.1,0
S00644,44.2,139.8,8.87,27.5,1,0,0,0,10.7,0
S00645,71.6,170.5,3.6,20.1,0,0,1,0,1.3,1
S00646,61.4,134.2,5.69,26.2,1,0,1,0,2.6,0
S00647,55.2,135.8,6.12,26.7,0,0,1,0,2.6,0
S00648,72.2,143.8,7.74,21.4,1,0,1,0,6.2,1
S00649,66.4,166.9,10.08,27.3,1,0,0,0,7.2,0
S00650,59.3,120.0,7.99,28.1,0,0,1,0,5.8,0
S00651,69.2,158.1,4.56,30.4,1,0,0,0,6.2,0
S00652,55.7,124.1,4.67,25.8,1,0,1,0,4.1,0
S00653,69.2,117.7,8.07,28.2,1,0,1,0,4.5,0
S00654,65.2,131.0,9.79,30.0,1,0,0,0,10.5,0
S00655,55.5,107.4,5.49,30.7,0,1,0,0,3.2,0
S00656,56.0,116.9,10.58,26.8,0,1,0,1,8.2,0
S00657,51.9,139.2,6.21,29.0,0,0,0,0,2.0,0
S00658,71.4,138.0,4.78,21.1,0,1,1,0,6.0,0
S00659,59.1,137.8,7.39,26.0,1,0,0,0,6.1,0
S00660,48.5,164.0,6.25,26.1,0,0,0,1,3.4,0
S00661,69.3,99.6,6.08,30.4,0,0,0,0,2.6,0
S00662,66.4,136.9,5.87,29.0,1,0,0,0,4.0,0
S00663,60.8,148.9,6.26,29.9,0,0,0,0,6.4,0
S00664,63.2,150.9,5.89,20.9,1,0,0,0,3.5,0
S00665,56.3,125.8,5.94,26.6,0,0,0,0,5.9,0
S00666,53.6,147.7,6.32,23.9,0,0,1,0,3.0,0
S00667,70.9,118.5,5.71,25.3,1,0,0,0,1.4,0
S00668,47.2,133.0,5.76,35.0,1,0,0,0,5.6,0
S00669,42.3,155.5,5.81,23.9,0,0,0,0,11.1,0
S00670,44.7,133.8,7.16,21.5,1,0,1,0,2.6,0
S00671,70.9,138.9,5.98,25.8,1,0,0,0,5.4,0
S00672,47.7,160.6,8.04,18.0,0,0,0,0,5.5,0
S00673,57.2,112.6,6.33,30.3,0,0,0,0,2.5,0
S00674,51.8,138.2,8.2,19.0,0,0,0,0,8.8,0
S00675,48.3,135.4,6.13,24.5,0,0,0,0,3.0,0
S00676,58.4,129.8,8.89,23.1,0,0,1,1,5.1,0
S00677,58.9,124.1,5.37,29.0,0,0,0,1,3.2,0
S00678,83.7,133.6,7.03,22.3,0,1,0,0,1.3,0
S00679,56.4,132.2,6.67,21.3,1,0,1,0,12.2,0
S00680,63.5,150.3,4.42,23.6,1,0,0,0,3.8,0
S00681,84.5,129.9,7.06,24.0,1,1,0,0,1.9,0
S00682,77.4,160.6,5.13,23.6,0,0,0,0,5.9,0
S00683,68.0,132.3,8.15,28.4,0,0,0,0,1.1,0
S00684,71.4,150.0,7.7,27.8,1,0,0,0,3.1,0
S00685,60.3,152.4,10.75,24.4,0,0,0,0,9.6,0
S00686,70.6,131.6,3.0,33.8,0,1,0,0,7.8,0
S00687,64.0,150.7,4.24,23.5,0,0,0,0,1.1,0
S00688,50.9,115.6,5.2,28.2,1,0,0,0,1.9,0
S00689,81.4,122.8,3.0,29.7,1,0,1,0,5.9,0
S00690,60.7,131.0,7.76,26.5,0,0,1,0,3.7,0
S00691,67.6,156.1,7.58,25.3,0,0,0,0,3.1,0
S00692,54.8,131.9,6.99,33.7,1,0,0,0,2.3,0
S00693,46.4,116.9,6.55,31.3,0,0,0,0,5.3,0
S00694,39.8,145.7,8.44,30.8,0,1,1,1,4.4,0
S00695,21.4,144.4,7.76,25.5,0,0,0,0,3.5,0
S00696,68.0,127.6,6.47,26.0,1,0,1,0,3.2,0
S00697,39.9,135.4,7.63,29.9,0,0,0,0,6.3,0
S00698,54.4,126.0,7.74,20.2,1,0,0,0,0.7,0
S00699,60.7,157.8,3.0,34.0,0,0,0,0,1.6,0
S00700,42.9,140.7,7.27,15.6,0,0,1,0,5.9,0
S00701,54.4,140.2,6.94,28.5,1,1,0,0,2.6,1
S00702,65.1,122.8,6.23,20.6,0,0,0,0,4.6,0
S00703,57.7,156.1,8.5,27.1,1,0,1,0,8.1,0
S00704,67.4,130.9,7.67,25.2,1,0,1,1,1.5,0
S00705,28.9,97.8,3.58,24.7,0,0,0,0,8.5,0
S00706,67.6,166.6,9.04,25.8,0,0,0,0,6.9,0
S00707,70.8,153.7,6.28,28.5,0,0,1,0,2.2,0
S00708,44.6,136.2,10.02,27.3,0,0,0,0,1.5,0
S00709,69.8,85.0,5.78,18.6,0,0,0,1,1.9,0
S00710,55.9,156.1,7.75,20.8,1,0,0,0,1.3,0
S00711,57.6,116.7,7.96,26.3,1,0,0,0,5.1,0
S00712,67.3,98.1,6.15,27.1,1,0,0,0,2.6,0
S00713,42.9,85.0,8.06,22.5,0,0,1,0,2.8,0
S00714,70.5,165.7,4.56,28.1,1,0,1,0,2.0,0
S00715,52.0,151.5,7.41,35.4,0,0,1,0,2.1,0
S00716,69.9,160.8,6.99,28.1,0,0,0,1,6.5,0
S00717,59.7,123.9,4.92,20.7,0,0,1,0,8.9,0
S00718,63.9,166.3,8.48,25.9,0,0,0,0,3.7,0
S00719,50.8,153.4,4.84,31.1,0,0,1,0,10.3,0
S00720,60.2,132.5,5.41,15.0,0,0,0,0,9.5,0
S00721,46.7,115.8,4.55,26.2,0,1,0,0,5.3,0
S00722,52.4,157.4,6.47,23.4,0,0,0,0,1.4,0
S00723,43.8,145.1,6.63,29.8,0,0,1,0,2.7,0
S00724,59.8,146.5,6.74,28.7,0,1,0,0,3.5,0
S00725,48.7,128.2,7.6,23.3,0,0,1,0,9.5,0
S00726,88.6,134.4,8.68,28.0,1,0,0,0,2.3,1
S00727,50.0,134.9,6.22,24.3,0,0,0,0,0.5,0
S00728,34.7,130.5,8.73,22.2,1,0,0,0,3.9,0
S00729,73.8,150.5,10.31,27.9,1,0,0,0,1.1,0
S00730,56.1,148.7,6.34,27.4,1,0,1,0,3.6,0
S00731,66.4,96.1,7.64,25.4,1,0,0,0,2.0,0
S00732,61.2,135.7,6.79,26.8,0,0,0,0,7.1,0
S00733,51.1,138.0,6.74,22.1,0,0,1,0,3.4,0
S00734,53.3,142.2,8.16,15.0,1,0,0,0,1.6,0
S00735,47.5,152.8,7.21,22.8,0,0,0,0,1.3,0
S00736,77.4,139.0,8.99,22.2,0,0,0,1,5.8,0
S00737,68.3,127.9,6.45,26.7,0,0,0,0,2.5,0
S00738,44.7,138.1,6.69,24.3,1,0,0,0,2.8,0
S00739,72.1,123.3,7.7,16.7,0,0,0,1,1.8,0
S00740,67.4,122.8,7.33,30.8,1,0,0,0,0.5,0
S00741,40.9,122.6,3.21,19.5,0,0,0,0,2.1,0
S00742,50.6,114.3,6.08,32.2,0,0,0,0,5.2,0
S00743,65.1,170.8,8.38,35.3,0,0,1,0,3.3,0
S00744,63.7,171.3,6.94,26.6,0,0,0,0,4.9,1
S00745,84.8,170.3,7.66,36.6,0,0,0,0,3.3,0
S00746,60.3,171.6,4.47,37.2,0,0,0,0,3.9,0
S00747,71.6,132.6,4.28,28.2,0,0,1,0,3.5,0
S00748,54.5,106.3,8.93,28.4,0,0,0,0,13.6,0
S00749,58.9,120.4,4.39,20.4,0,0,0,0,5.2,0
S00750,60.4,106.5,7.14,24.0,1,0,0,0,1.1,0
S00751,59.5,151.6,3.16,34.4,1,0,0,0,3.4,0
S00752,62.7,140.3,8.09,28.7,0,0,0,0,0.4,0
S00753,61.3,148.2,6.95,30.0,1,0,1,0,6.7,0
S00754,40.7,133.2,7.5,31.1,0,0,0,1,3.1,0
S00755,68.6,109.3,5.72,24.1,0,0,0,0,9.0,0
S00756,46.6,118.4,4.39,33.0,0,0,0,0,1.1,0
S00757,70.1,128.2,4.15,31.7,1,0,0,0,3.2,0
S00758,67.9,144.7,3.93,32.1,1,0,0,0,2.2,0
S00759,68.5,117.4,8.72,24.5,0,0,0,0,9.8,0
S00760,53.2,126.9,5.1,16.5,0,0,0,0,4.2,0
S00761,63.7,170.9,4.88,29.3,0,0,0,0,2.9,0
S00762,68.9,170.2,7.87,27.1,0,0,0,0,13.4,1
S00763,54.0,142.4,7.38,32.4,1,0,0,0,6.1,0
S00764,42.7,164.6,6.97,26.7,0,0,0,0,5.5,0
S00765,80.9,127.4,7.46,31.4,0,1,1,0,0.3,0
S00766,57.5,85.0,8.55,24.7,0,0,0,0,3.0,0
S00767,54.5,158.6,4.68,24.7,1,0,0,0,4.7,0
S00768,48.4,136.5,4.14,19.3,0,1,0,0,2.8,0
S00769,45.6,146.9,11.51,30.9,0,1,0,0,4.8,0
S00770,28.3,125.9,7.99,23.2,0,1,1,0,4.8,0
S00771,47.5,136.4,6.0,30.6,0,0,0,0,3.3,0
S00772,47.4,136.4,10.07,24.3,0,0,0,0,6.8,0
S00773,50.0,117.6,7.84,30.6,1,0,1,0,3.2,0
S00774,83.6,119.2,4.65,28.3,1,0,0,0,0.8,0
S00775,59.1,112.9,7.65,26.7,0,1,0,0,1.2,0
S00776,55.8,142.8,7.36,22.3,0,0,1,0,6.6,0
S00777,61.4,105.8,5.76,17.4,0,0,0,0,0.4,0
S00778,51.3,159.8,4.86,23.5,0,0,1,0,3.2,0
S00779,76.2,152.3,8.13,27.8,0,0,0,0,1.1,0
S00780,75.5,107.7,7.53,29.6,0,0,0,0,2.3,0
S00781,51.7,127.7,6.79,31.6,0,0,0,1,2.8,0
S00782,72.7,129.7,5.08,28.0,0,1,0,0,1.8,0
S00783,69.9,159.9,8.22,34.5,1,0,1,0,3.8,0
S00784,92.6,134.1,5.0,27.0,0,0,0,0,7.3,0
S00785,76.0,118.5,8.89,31.5,1,0,0,0,3.3,0
S00786,44.2,141.1,3.56,32.1,1,1,0,0,1.0,0
S00787,56.1,154.1,8.0,28.6,0,0,0,1,3.9,0
S00788,70.7,133.7,6.51,29.0,0,0,0,0,3.0,0
S00789,67.9,134.3,4.89,23.2,1,0,0,0,4.4,0
S00790,76.0,141.1,5.27,19.3,1,0,1,0,13.6,0
S00791,59.4,179.1,6.03,27.3,0,0,1,0,0.3,0
S00792,64.1,121.0,3.39,29.7,0,0,0,0,6.4,0
S00793,78.7,161.3,6.82,21.0,0,0,0,0,8.2,0
S00794,68.2,128.4,5.73,29.2,0,0,0,0,1.6,0
S00795,60.8,133.3,4.46,25.6,1,0,0,0,3.9,0
S00796,89.8,156.1,7.04,25.2,0,0,0,0,3.0,0
S00797,60.2,161.3,6.79,25.5,1,0,1,0,4.6,0
S00798,63.1,149.6,4.57,24.7,0,0,0,0,5.5,0
S00799,50.9,139.4,7.43,32.8,0,0,0,0,5.4,0
S00800,64.4,104.1,8.37,27.1,0,1,0,0,5.2,0
S00801,40.5,159.2,9.4,31.5,0,0,1,0,2.3,0
S00802,79.7,139.3,6.11,38.5,0,0,0,0,7.5,0
S00803,34.7,134.2,7.92,33.6,0,0,0,0,7.3,0
S00804,71.6,123.9,3.54,31.2,1,1,1,0,4.6,1
S00805,50.9,155.5,8.77,27.4,0,0,1,0,3.7,0
S00806,65.4,136.1,4.18,23.5,0,0,0,0,2.2,0
S00807,79.2,125.7,9.18,28.7,0,0,1,0,10.3,0
S00808,61.1,144.1,4.69,28.6,1,1,0,0,2.9,0
S00809,67.0,134.7,6.37,29.9,0,0,0,0,5.3,0
S00810,53.3,155.4,7.7,27.5,0,0,0,0,8.5,0
S00811,57.3,139.4,10.05,32.9,1,0,0,0,10.7,0
S00812,75.6,149.8,6.71,27.0,1,0,0,0,1.7,0
S00813,52.2,153.9,4.25,20.6,0,0,1,1,2.0,0
S00814,71.5,145.5,7.64,19.7,1,1,0,1,1.3,1
S00815,63.3,127.2,3.0,24.7,1,0,0,0,4.4,0
S00816,56.2,135.9,8.4,23.7,1,0,1,0,3.3,0
S00817,72.5,123.8,7.67,29.7,1,0,0,0,5.5,0
S00818,49.6,139.8,6.46,27.4,1,0,0,0,6.2,0
S00819,65.0,145.8,3.0,25.2,0,0,0,0,2.8,0
S00820,45.1,134.3,7.37,34.3,0,0,0,1,2.1,0
S00821,57.9,128.6,6.93,31.2,1,0,0,0,1.5,0
S00822,45.6,128.8,4.53,28.2,0,0,1,1,2.3,0
S00823,63.1,136.4,6.82,28.4,1,0,1,0,9.2,1
S00824,71.7,125.4,7.06,21.8,1,0,0,0,6.2,0
S00825,73.0,133.0,6.26,34.6,0,0,0,0,0.8,0
S00826,66.1,129.5,5.84,22.3,0,0,0,0,7.7,0
S00827,63.8,147.5,6.34,23.1,0,0,0,0,1.3,0
S00828,55.5,132.0,5.48,24.9,0,0,0,1,12.5,0
S00829,56.4,167.6,6.91,21.1,0,0,0,0,2.1,0
S00830,49.5,134.3,5.48,27.0,0,0,0,0,10.3,0
S00831,85.5,136.9,5.45,33.0,0,0,0,0,3.5,0
S00832,59.8,124.8,3.49,20.2,1,0,1,0,4.4,0
S00833,59.1,115.1,6.25,29.2,0,0,0,0,9.3,0
S00834,62.5,107.9,9.28,28.6,0,0,1,0,1.3,0
S00835,51.0,136.1,6.2,26.1,1,0,0,0,3.6,0
S00836,80.4,145.2,6.66,32.0,0,0,0,0,4.6,0
S00837,55.4,149.6,4.82,36.7,0,0,1,0,2.0,0
S00838,49.0,154.3,6.0,29.1,0,0,0,0,2.9,0
S00839,82.1,130.0,5.5,28.9,0,0,0,0,5.2,0
S00840,75.2,115.6,6.29,23.7,0,1,0,0,0.3,0
S00841,68.8,122.3,7.88,27.4,0,0,0,0,4.6,0
S00842,55.2,174.4,3.25,26.7,0,1,0,0,2.0,0
S00843,78.2,129.9,7.12,23.1,0,0,1,0,4.1,0
S00844,60.9,150.6,7.76,19.3,0,0,0,0,0.5,0
S00845,64.0,122.1,7.44,19.8,1,0,0,0,1.1,0
S00846,74.6,124.3,9.75,26.1,0,0,0,0,2.8,0
S00847,62.9,156.6,3.92,30.1,1,1,0,0,8.1,0
S00848,55.3,140.3,5.76,32.3,0,0,0,0,5.7,0
S00849,34.9,134.6,5.42,33.1,1,1,0,0,1.8,0
S00850,74.3,146.9,6.76,25.7,0,1,0,1,1.2,0
S00851,33.6,162.8,5.9,25.0,0,0,0,0,2.5,0
S00852,51.2,164.3,7.85,25.8,0,1,0,0,4.3,0
S00853,49.3,145.9,5.03,23.3,0,0,1,0,0.3,0
S00854,53.4,151.6,6.55,26.7,0,0,0,0,0.9,0
S00855,54.8,160.6,6.44,23.2,1,0,0,1,1.4,0
S00856,65.2,134.8,5.9,24.4,1,0,0,0,7.2,0
S00857,55.5,143.3,5.44,26.4,1,0,0,0,2.0,0
S00858,25.8,124.5,6.72,23.2,1,0,0,0,2.4,0
S00859,59.0,149.7,9.13,24.8,0,0,1,0,9.7,0
S00860,44.7,149.9,5.35,31.1,0,0,1,0,5.6,0
S00861,53.9,142.6,4.94,31.2,1,0,0,0,4.0,0
S00862,43.5,156.1,4.68,22.4,1,0,0,0,5.0,1
S00863,57.2,141.5,9.24,25.4,0,0,0,0,4.0,0
S00864,55.4,142.2,8.15,22.8,1,0,0,0,4.6,0
S00865,68.3,135.9,7.93,26.2,0,0,0,0,3.2,0
S00866,64.1,133.4,5.1,30.4,0,0,1,0,5.9,0
S00867,70.3,162.2,8.82,34.4,0,0,1,0,6.1,0
S00868,41.4,136.2,8.16,26.6,0,1,0,0,2.0,0
S00869,75.4,157.7,5.68,25.7,0,1,1,0,7.7,0
S00870,52.8,171.2,4.12,21.5,0,0,1,0,4.9,1
S00871,64.2,130.2,4.74,31.5,0,0,0,0,2.8,0
S00872,67.1,157.4,4.92,17.9,0,0,0,0,2.5,0
S00873,68.2,136.5,7.65,28.7,1,0,1,0,4.4,0
S00874,57.7,163.8,8.13,31.5,1,0,1,0,0.8,0
S00875,42.5,152.5,5.74,16.5,0,0,0,0,2.8,0
S00876,69.2,154.2,4.66,20.5,1,0,0,0,2.3,0
S00877,74.7,139.0,5.09,23.5,1,1,0,0,3.9,0
S00878,73.9,112.3,6.65,33.1,1,0,0,1,2.8,0
S00879,73.6,155.5,8.33,32.9,0,1,0,0,2.9,1
S00880,79.3,151.7,7.66,31.0,1,0,0,0,3.3,0
S00881,71.2,120.9,6.33,33.7,1,0,0,0,2.2,0
S00882,55.3,111.0,9.28,33.0,1,0,1,0,2.9,0
S00883,69.0,98.9,5.3,33.2,1,0,1,0,6.4,0
S00884,47.1,111.1,5.19,29.0,0,0,0,1,1.5,0
S00885,59.5,122.2,6.84,23.6,1,0,0,0,3.4,0
S00886,61.5,120.8,4.97,24.1,0,0,0,0,3.3,0
S00887,73.4,140.6,6.51,28.4,0,0,0,0,2.7,0
S00888,56.5,107.2,5.89,28.0,1,1,1,0,7.9,0
S00889,57.5,102.8,5.93,35.4,1,0,0,0,0.8,0
S00890,53.7,136.3,7.05,36.5,0,0,0,0,3.3,0
S00891,65.9,118.9,6.6,23.6,1,0,0,0,7.7,0
S00892,39.5,141.6,11.29,19.5,1,0,1,0,11.3,0
S00893,33.1,140.9,6.7,24.5,1,0,0,0,5.5,0
S00894,79.9,131.5,9.45,29.8,0,0,0,0,3.7,0
S00895,74.6,136.0,7.05,25.5,0,0,0,0,2.2,0
S00896,67.8,129.6,7.46,26.1,1,0,0,0,3.4,0
S00897,64.3,129.6,7.61,21.3,0,0,0,0,14.6,0
S00898,52.8,124.3,7.98,24.4,1,0,1,0,8.2,0
S00899,42.0,141.4,5.03,20.9,0,1,0,0,1.1,0
S00900,65.0,118.3,6.75,19.2,1,0,0,0,0.6,1
S00901,46.6,153.6,6.19,31.3,0,0,1,0,3.7,0
S00902,71.1,163.2,5.32,29.0,0,0,1,0,4.4,0
S00903,62.9,147.6,6.68,29.7,0,0,1,0,6.5,0
S00904,43.2,104.5,4.8,28.0,1,0,1,0,6.0,0
S00905,62.9,140.8,7.73,31.6,0,0,0,0,9.1,0
S00906,39.0,133.1,5.84,28.2,0,0,0,0,2.0,0
S00907,51.3,114.2,3.61,20.1,1,0,0,0,6.7,0
S00908,71.2,141.9,6.7,29.6,0,0,1,0,5.1,0
S00909,51.5,154.2,8.75,21.7,0,0,0,0,6.9,0
S00910,56.5,125.4,7.43,31.1,0,0,1,0,2.5,0
S00911,52.3,110.3,4.82,31.5,0,0,0,1,4.2,0
S00912,53.7,130.2,7.5,29.4,0,0,1,0,2.4,0
S00913,71.6,165.9,6.82,28.6,1,0,0,0,1.2,1
S00914,65.6,120.3,5.81,24.7,1,0,0,0,3.2,0
S00915,66.2,96.1,7.5,23.9,1,0,0,0,3.2,0
S00916,42.1,140.9,10.16,24.1,0,0,1,0,2.2,0
S00917,57.4,117.8,4.71,26.9,0,0,0,0,2.4,0
S00918,51.6,142.7,3.46,25.2,0,0,0,1,5.2,0
S00919,62.3,132.7,4.27,26.0,0,0,0,0,3.5,0
S00920,48.7,155.6,5.25,26.9,0,0,0,0,6.2,0
S00921,72.4,131.3,5.2,25.8,0,0,0,0,7.6,0
S00922,92.8,154.4,6.73,44.9,0,0,0,0,5.3,0
S00923,62.8,137.8,8.05,24.6,0,0,0,0,9.6,0
S00924,54.5,151.2,8.73,20.5,0,0,0,0,7.0,0
S00925,70.6,97.2,5.32,37.1,0,1,1,0,2.2,0
S00926,41.9,120.5,7.09,23.1,0,0,0,0,8.4,0
S00927,54.9,167.9,11.49,33.4,0,0,0,0,4.3,0
S00928,71.6,128.2,8.99,24.4,1,0,0,0,0.6,0
S00929,56.9,106.5,6.34,26.1,0,0,0,0,13.1,0
S00930,61.0,144.6,4.71,22.2,0,0,0,0,4.0,0
S00931,77.6,124.9,7.03,22.5,1,0,0,0,10.7,0
S00932,64.1,122.9,7.39,30.1,0,1,0,0,1.6,0
S00933,68.2,125.4,7.75,28.2,0,0,0,0,3.2,0
S00934,50.0,120.5,7.44,30.2,1,0,0,0,3.3,0
S00935,86.7,115.8,4.73,29.0,1,0,0,0,1.8,0
S00936,57.1,139.4,5.94,30.6,1,0,0,0,4.0,0
S00937,67.0,153.2,7.51,26.5,0,0,0,0,0.6,0
S00938,62.5,188.7,6.3,27.4,0,0,0,0,5.4,0
S00939,61.1,128.2,4.93,24.7,0,1,1,1,1.7,0
S00940,47.0,144.8,6.2,26.5,0,0,0,0,2.5,0
S00941,58.5,173.8,3.97,27.5,0,0,1,0,2.8,0
S00942,63.0,124.5,6.52,27.7,1,0,1,0,1.1,0
S00943,78.3,147.4,3.47,28.7,0,0,0,0,0.8,0
S00944,63.8,121.5,6.68,20.3,0,0,0,0,5.1,0
S00945,56.7,177.4,4.52,30.9,0,0,0,0,3.4,0
S00946,64.3,107.0,7.76,15.1,0,0,1,0,6.8,0
S00947,64.0,171.8,8.18,25.7,0,0,0,0,1.5,0
S00948,60.8,119.6,10.63,21.6,1,0,1,0,2.4,0
S00949,65.0,139.4,4.68,30.0,0,0,0,0,0.4,0
S00950,81.2,135.3,7.76,28.6,1,0,0,0,3.8,0
S00951,62.1,144.8,7.66,24.3,0,0,1,1,2.5,0
S00952,46.8,146.5,6.51,20.0,0,0,0,0,1.8,0
S00953,55.6,120.6,5.56,23.6,0,0,0,0,5.6,0
S00954,58.5,145.8,7.24,17.0,1,0,0,0,2.6,0
S00955,53.5,136.5,4.72,22.5,1,0,0,0,7.1,0
S00956,63.9,136.9,8.16,24.3,0,0,0,0,3.6,0
S00957,73.2,150.2,3.67,25.6,0,0,0,0,4.1,0
S00958,38.8,135.8,5.48,28.5,1,0,0,0,1.1,0
S00959,49.0,138.8,6.08,28.7,0,1,0,1,6.2,0
S00960,56.4,138.0,3.0,28.6,0,0,0,0,0.2,0
S00961,69.5,186.7,7.56,21.9,1,0,0,0,2.0,0
S00962,40.7,161.2,8.59,24.1,1,0,1,0,3.4,0
S00963,73.7,126.8,5.53,24.5,0,0,0,0,1.8,0
S00964,79.9,113.5,5.31,31.4,0,0,1,0,4.2,0
S00965,76.0,152.1,6.11,29.3,0,0,0,0,3.4,0
S00966,64.9,147.0,4.26,21.9,1,1,0,1,15.2,0
S00967,46.6,119.4,6.25,29.2,0,0,0,0,0.7,0
S00968,56.0,177.7,3.75,27.9,0,0,1,0,1.4,0
S00969,54.4,132.1,8.71,26.5,0,0,0,0,15.8,0
S00970,63.3,143.4,8.57,25.1,0,0,0,1,4.3,0
S00971,72.7,133.6,7.18,17.5,0,1,0,0,2.0,0
S00972,68.8,143.4,4.16,24.7,0,0,1,0,7.8,0
S00973,51.6,167.0,6.74,25.7,0,0,0,0,2.2,0
S00974,73.5,113.6,5.47,21.1,0,0,0,0,5.5,0
S00975,76.0,89.6,5.6,26.1,1,1,1,0,2.5,0
S00976,50.8,112.4,5.51,19.4,1,0,0,0,6.8,0
S00977,50.7,108.7,3.53,18.5,1,0,0,0,3.3,0
S00978,56.5,151.7,8.5,22.2,1,0,1,0,2.9,0
S00979,66.1,115.4,8.1,19.3,0,0,0,0,3.6,0
S00980,50.3,123.6,9.17,24.9,0,0,0,0,7.3,0
S00981,76.2,134.9,7.45,21.1,0,1,0,0,0.2,0
S00982,64.3,153.8,11.47,24.8,0,0,1,0,9.8,1
S00983,71.9,154.8,5.98,32.9,1,0,0,0,3.4,0
S00984,55.5,133.3,7.21,27.3,0,0,0,0,1.9,0
S00985,51.9,151.3,9.84,26.9,1,0,0,1,2.0,0
S00986,67.2,132.7,5.64,26.3,1,0,0,0,3.0,0
S00987,86.7,157.0,4.09,24.5,0,0,1,0,4.8,0
S00988,71.8,130.5,3.0,22.4,0,1,0,0,1.8,0
S00989,78.7,87.6,8.07,29.9,0,0,0,0,1.2,0
S00990,57.6,122.1,6.84,23.7,0,0,0,0,1.8,0
S00991,55.9,113.9,3.94,24.9,0,0,0,0,1.7,0
S00992,62.7,144.6,4.5,34.1,0,0,0,0,2.3,0
S00993,70.0,166.3,5.82,24.4,1,0,1,0,1.9,0
S00994,63.2,137.3,6.01,19.7,0,0,1,0,2.2,0
S00995,48.6,115.6,7.81,30.3,0,0,0,0,2.5,0
S00996,44.1,170.9,5.62,25.5,0,0,0,0,0.8,0
S00997,65.7,133.0,7.44,26.5,1,0,0,0,4.7,0
S00998,60.5,151.8,5.69,25.6,1,0,0,0,5.4,0
S00999,94.6,137.6,6.8,30.9,1,0,0,0,3.6,0
S01000,55.4,116.7,10.02,21.0,0,0,0,0,0.3,0
S01001,51.0,134.6,8.54,18.9,1,0,1,0,2.5,0
S01002,70.5,132.5,6.06,24.9,0,0,0,0,1.6,0
S01003,58.2,145.1,8.59,21.2,1,0,0,0,1.1,0
S01004,62.3,127.5,6.42,24.1,0,0,0,0,3.7,0
S01005,73.5,140.7,4.89,32.2,0,0,0,0,3.7,0
S01006,49.7,136.4,7.63,33.9,0,0,0,0,6.0,0
S01007,55.9,126.1,7.08,27.4,1,0,0,0,3.3,0
S01008,53.5,141.3,4.71,27.7,0,0,0,0,5.2,0
S01009,52.9,145.7,6.55,24.3,0,0,0,0,3.1,0
S01010,53.0,109.3,6.74,32.8,0,0,0,0,15.0,0
S01011,57.5,114.7,8.23,29.3,1,0,0,0,1.6,0
S01012,77.1,135.3,6.29,19.0,0,0,0,0,5.8,0
S01013,58.9,184.9,5.82,24.4,0,0,0,0,0.8,0
S01014,48.9,147.1,5.7,30.0,0,1,0,0,5.6,0
S01015,59.2,113.1,5.98,20.5,0,0,0,0,2.4,0
S01016,52.7,133.5,6.92,24.8,0,0,1,1,0.9,0
S01017,61.8,132.1,5.47,19.7,0,0,0,0,2.7,0
S01018,60.1,164.7,9.59,23.4,0,0,0,0,1.9,0
S01019,51.5,119.3,6.2,36.1,0,1,0,0,5.1,0
S01020,57.2,155.5,5.82,28.5,1,0,1,0,1.2,0
S01021,67.7,116.7,6.64,29.5,0,1,0,0,1.9,0
S01022,76.6,154.6,6.13,29.5,0,0,0,0,2.4,0
S01023,59.8,153.7,8.18,27.3,0,0,0,0,7.9,1
S01024,77.1,137.9,7.03,26.3,1,0,1,0,4.9,0
S01025,73.4,130.4,6.17,21.5,0,0,0,0,4.0,0
S01026,45.1,107.0,5.86,27.3,1,0,0,0,1.8,0
S01027,54.8,148.7,3.0,24.1,1,0,0,0,2.2,0
S01028,22.3,159.9,6.46,27.1,0,0,0,0,4.1,0
S01029,47.9,144.6,3.17,22.9,0,1,0,0,2.6,0
S01030,57.7,144.2,7.7,26.7,1,0,0,0,2.0,0
S01031,50.1,114.5,5.5,21.8,1,0,0,0,4.0,0
S01032,61.1,147.1,6.79,22.2,0,0,0,0,2.0,0
S01033,56.1,146.6,6.57,19.1,0,0,0,0,3.2,0
S01034,64.5,133.7,7.6,31.6,0,0,0,0,1.8,0
S01035,54.5,144.8,5.46,36.7,0,0,0,0,0.5,0
S01036,65.5,135.9,6.13,26.8,0,0,0,0,2.6,0
S01037,62.0,120.5,8.19,25.9,1,0,0,0,2.7,0
S01038,63.5,118.4,6.04,20.0,1,1,1,0,4.0,0
S01039,71.7,134.8,7.77,30.5,1,0,0,1,1.4,0
S01040,51.6,85.0,6.23,27.6,0,0,0,0,1.6,0
S01041,82.2,109.5,5.96,26.2,1,0,1,0,2.9,0
S01042,61.2,137.1,10.21,31.8,0,0,0,0,2.0,0
S01043,65.4,136.7,6.26,25.9,0,0,1,0,0.4,0
S01044,59.3,110.0,8.6,21.5,0,0,1,0,5.9,0
S01045,56.7,141.2,5.91,21.5,0,0,0,0,4.8,0
S01046,45.6,145.2,6.52,42.0,0,0,0,0,3.7,0
S01047,56.1,150.2,6.53,24.4,0,0,0,0,5.2,0
S01048,44.6,142.5,5.44,24.9,0,0,0,0,2.7,0
S01049,46.3,135.6,5.24,25.7,0,0,0,0,2.9,0
S01050,79.4,126.9,7.55,30.3,1,0,0,0,16.6,1
S01051,61.4,148.1,6.73,31.2,0,0,0,0,6.7,0
S01052,58.0,147.2,3.37,25.2,0,1,0,1,5.1,0
S01053,49.3,142.8,8.93,29.0,0,1,0,0,5.4,1
S01054,60.9,142.3,8.26,22.5,0,1,0,0,2.7,0
S01055,61.1,174.1,7.6,29.5,0,0,0,0,3.7,0
S01056,68.4,139.3,6.47,35.0,0,0,1,0,5.7,0
S01057,59.2,122.7,7.1,23.3,1,0,0,0,8.7,0
S01058,62.9,133.8,5.18,18.6,1,0,0,0,2.6,0
S01059,75.4,107.2,7.21,30.4,1,0,0,0,2.1,0
S01060,67.2,131.2,5.9,19.8,0,1,1,0,6.2,0
S01061,73.6,140.3,7.56,22.8,1,0,0,0,0.5,0
S01062,41.6,117.7,7.09,28.0,1,0,1,1,1.5,0
S01063,57.5,142.8,4.73,22.2,0,0,1,0,2.9,0
S01064,75.1,104.0,9.29,25.9,1,0,0,1,2.9,0
S01065,62.9,121.5,6.87,24.9,0,1,0,0,8.1,0
S01066,78.1,127.4,5.66,29.6,1,0,0,0,10.7,0
S01067,57.7,148.7,5.96,26.0,1,0,1,0,3.6,1
S01068,74.9,142.5,8.57,24.6,0,0,0,0,2.5,0
S01069,39.0,141.0,7.6,24.4,0,0,1,0,2.7,0
S01070,52.1,139.7,7.32,32.9,1,0,0,0,0.6,0
S01071,63.2,146.2,7.13,16.7,0,0,0,0,9.3,0
S01072,47.0,135.7,8.57,35.8,0,0,0,0,1.6,0
S01073,36.7,118.7,8.68,29.0,1,0,0,0,5.7,0
S01074,70.8,158.6,4.72,21.0,1,0,0,0,14.4,0
S01075,82.1,107.7,5.98,25.3,0,1,1,0,8.7,0
S01076,64.6,134.8,5.52,23.3,1,0,0,0,4.8,0
S01077,45.1,140.0,3.44,24.7,1,0,1,0,5.1,0
S01078,60.4,170.9,5.53,20.7,0,0,0,0,5.5,0
S01079,44.8,165.0,5.56,26.1,1,0,1,0,0.7,0
S01080,35.8,135.3,3.25,20.0,1,0,1,0,1.8,0
S01081,67.5,149.5,7.54,26.0,0,0,1,0,1.5,0
S01082,67.2,148.9,5.84,24.6,0,0,0,0,3.6,0
S01083,61.8,160.8,6.45,23.3,0,0,0,0,7.4,0
S01084,45.0,132.9,8.22,24.8,0,0,0,0,6.3,0
S01085,30.0,156.4,5.89,19.5,0,0,0,0,1.5,0
S01086,67.4,128.4,6.76,18.6,0,0,0,0,7.4,0
S01087,59.5,141.4,5.67,22.8,0,0,0,0,6.2,0
S01088,72.7,157.1,6.78,26.4,1,0,0,0,2.0,0
S01089,41.0,112.8,4.93,27.6,0,0,1,0,2.7,0
S01090,31.6,132.9,7.33,32.9,0,0,0,0,5.2,0
S01091,71.4,129.5,5.51,24.2,0,0,0,0,4.7,0
S01092,78.7,141.9,7.68,24.7,0,0,0,0,3.2,0
S01093,72.8,125.8,6.21,21.0,1,0,0,0,0.2,0
S01094,67.8,154.6,5.46,31.4,0,0,0,1,9.5,1
S01095,62.0,117.8,5.07,30.9,1,0,0,0,2.4,0
S01096,67.8,140.7,5.32,30.0,0,0,0,1,0.4,0
S01097,52.7,115.2,6.69,32.8,0,0,0,0,4.0,1
S01098,85.9,116.8,8.25,18.9,1,0,0,0,1.4,0
S01099,79.3,137.0,10.13,26.2,1,0,1,0,0.4,0
S01100,38.5,138.1,8.13,26.6,0,0,0,0,2.1,0
S01101,74.8,133.6,7.48,25.8,0,0,1,0,1.1,0
S01102,31.9,152.0,7.1,30.4,1,0,0,1,2.3,0
S01103,63.5,94.7,6.39,26.0,1,0,0,0,5.8,0
S01104,55.6,123.2,6.79,30.7,0,0,0,0,17.0,0
S01105,77.9,126.5,4.71,18.3,0,0,0,0,1.8,0
S01106,61.2,153.0,9.22,35.2,0,0,0,0,5.7,0
S01107,57.1,121.0,7.14,25.7,0,0,1,0,7.2,0
S01108,74.6,149.0,6.98,20.6,1,0,0,0,1.6,1
S01109,50.3,93.0,7.26,34.1,0,0,0,0,1.7,0
S01110,50.1,120.7,9.02,35.3,0,0,0,0,9.2,0
S01111,76.6,100.9,7.94,23.8,0,0,0,0,3.3,0
S01112,65.7,146.6,5.19,33.2,0,0,0,0,0.7,0
S01113,61.6,109.1,9.01,28.7,0,0,0,0,10.8,1
S01114,52.5,153.9,6.16,22.8,1,1,0,0,2.1,0
S01115,58.3,136.8,5.7,30.5,0,0,0,0,2.6,0
S01116,55.3,108.8,5.51,24.4,1,1,0,0,4.6,0
S01117,63.8,116.4,5.98,33.9,0,0,0,0,1.4,0
S01118,62.1,140.4,8.77,30.4,0,0,0,0,1.5,0
S01119,58.4,154.7,7.09,22.7,1,0,0,0,8.7,0
S01120,59.4,113.1,3.0,26.7,0,1,1,0,4.6,0
S01121,78.0,141.1,3.91,39.0,1,0,0,0,2.8,0
S01122,67.9,126.7,7.6,27.4,0,0,0,0,3.9,0
S01123,64.9,110.0,4.41,23.9,1,0,1,0,1.0,0
S01124,58.8,127.0,5.4,23.9,1,1,0,0,6.1,0
S01125,63.7,129.5,5.27,31.7,0,0,0,0,6.8,0
S01126,59.7,150.2,4.21,26.6,0,0,0,0,3.5,0
S01127,62.7,145.9,6.93,26.4,0,0,1,0,0.7,0
S01128,65.3,124.7,4.77,29.8,1,0,0,0,6.5,0
S01129,52.2,155.3,3.91,29.3,0,0,0,0,0.9,0
S01130,51.7,138.4,6.51,22.6,1,0,1,0,6.1,0
S01131,30.6,108.2,7.04,25.3,1,0,0,0,3.9,0
S01132,45.8,141.6,3.87,31.7,0,1,0,0,1.5,0
S01133,60.7,156.7,6.58,36.4,1,0,0,0,2.5,0
S01134,84.2,145.9,6.98,32.1,0,0,1,0,1.2,1
S01135,84.9,159.0,5.97,29.6,1,0,0,0,0.3,0
S01136,56.9,114.2,7.56,24.0,0,0,1,0,1.6,0
S01137,23.3,124.6,7.93,22.8,1,0,0,0,4.1,0
S01138,63.0,143.9,3.0,22.4,0,0,1,0,8.6,0
S01139,64.2,151.1,5.45,30.4,1,0,0,0,0.9,0
S01140,77.1,139.0,5.72,30.7,0,0,0,0,0.7,0
S01141,50.2,160.3,4.91,30.4,0,0,1,0,5.9,0
S01142,56.3,122.3,7.49,26.6,0,0,0,0,0.2,0
S01143,56.6,145.5,7.39,25.7,0,0,0,0,4.3,0
S01144,60.0,155.3,7.04,25.9,0,0,0,0,0.8,0
S01145,44.9,142.1,5.72,36.2,0,0,1,1,2.0,0
S01146,64.4,119.4,5.18,27.7,0,0,0,0,1.1,0
S01147,51.5,98.6,6.73,23.5,0,0,0,0,3.7,0
S01148,61.3,111.2,6.07,30.5,0,0,0,0,0.3,0
S01149,58.7,120.5,6.69,22.6,0,0,0,0,1.1,0
S01150,32.6,144.5,8.22,30.4,0,0,0,0,1.8,0
S01151,62.4,167.6,7.19,19.7,1,0,0,0,2.9,0
S01152,45.0,162.7,6.74,27.3,1,0,0,0,4.3,0
S01153,46.9,138.0,8.78,29.0,0,0,0,0,5.0,0
S01154,47.7,139.7,6.79,26.8,0,0,0,0,1.0,0
S01155,42.8,151.4,7.59,26.3,0,0,0,0,2.7,0
S01156,56.4,146.1,8.16,35.2,1,0,0,0,2.8,0
S01157,26.9,127.2,7.54,19.2,1,1,0,0,2.9,0
S01158,50.9,149.5,8.16,25.7,0,0,0,0,4.0,0
S01159,60.5,144.8,6.67,24.4,1,0,0,0,7.1,0
S01160,63.5,126.2,7.88,22.8,1,0,0,0,4.0,0
S01161,72.1,160.5,7.53,24.7,0,1,0,0,5.3,0
S01162,72.8,116.9,9.31,19.0,0,1,0,0,4.1,0
S01163,71.8,100.2,5.84,21.9,1,0,0,0,4.1,0
S01164,57.4,133.3,7.39,20.9,1,0,0,0,3.1,0
S01165,50.1,105.9,5.39,31.4,0,0,1,0,6.3,0
S01166,38.8,143.3,7.12,20.4,0,1,0,0,2.4,0
S01167,52.6,119.1,6.46,28.9,0,0,0,0,5.4,0
S01168,60.5,121.1,6.65,26.5,0,0,0,0,1.6,0
S01169,55.0,125.5,9.14,30.4,1,0,1,0,10.2,0
S01170,48.4,129.2,6.1,24.5,0,0,0,0,1.2,0
S01171,70.5,155.5,6.87,26.3,0,0,0,0,5.4,0
S01172,82.2,109.5,6.1,31.0,0,0,0,0,6.8,0
S01173,56.6,113.5,9.21,22.9,0,0,1,0,1.8,0
S01174,76.0,144.9,7.71,22.2,1,1,0,0,3.3,0
S01175,66.9,148.2,5.89,21.0,0,0,0,0,2.4,0
S01176,48.4,144.5,6.09,22.8,1,0,0,1,9.2,0
S01177,61.6,145.0,5.73,30.3,0,0,0,0,1.6,0
S01178,52.7,136.2,3.0,26.1,0,0,1,0,2.6,0
S01179,74.9,145.8,8.02,26.2,1,0,0,0,2.2,0
S01180,75.0,145.1,7.29,27.3,0,0,1,0,2.8,0
S01181,66.2,116.8,5.44,27.5,0,0,0,0,0.4,0
S01182,56.7,164.6,7.79,26.8,0,0,0,0,4.0,0
S01183,66.6,134.1,9.48,32.0,1,0,0,0,1.4,0
S01184,64.9,124.6,4.36,29.0,1,0,0,0,1.0,0
S01185,75.5,119.9,4.41,20.8,0,0,0,0,1.9,0
S01186,74.6,147.1,5.85,29.0,0,0,1,0,2.9,1
S01187,70.2,113.8,4.96,28.3,1,0,0,0,5.0,0
S01188,45.8,131.2,9.0,29.8,1,0,1,0,2.2,0
S01189,68.6,129.4,10.07,22.0,0,0,0,0,3.3,0
S01190,73.4,160.9,6.17,26.7,1,0,0,0,8.3,0
S01191,56.2,149.1,6.67,27.3,1,0,0,0,4.6,0
S01192,49.3,140.2,7.89,26.5,1,0,0,0,1.6,0
S01193,69.6,201.1,4.99,17.6,1,0,1,0,8.3,0
S01194,45.9,137.5,8.59,24.8,0,0,1,0,1.4,0
S01195,54.0,118.7,4.4,27.2,0,0,0,0,2.0,0
S01196,56.6,114.5,7.4,26.8,0,0,0,0,4.4,0
S01197,48.4,134.6,5.72,25.4,0,0,0,0,11.8,0
S01198,37.0,131.6,6.12,25.4,1,0,1,1,2.9,0
S01199,81.4,136.8,7.41,28.0,1,0,0,0,2.7,0
S01200,56.1,135.4,6.24,25.7,0,0,0,0,4.9,0
S01201,43.4,174.6,7.85,25.7,1,1,0,0,5.4,0
S01202,81.7,124.7,7.83,30.8,1,0,0,0,2.5,0
S01203,62.5,159.5,7.62,22.0,1,0,1,0,0.3,1
S01204,77.4,125.0,6.56,26.7,1,0,0,0,8.1,0
S01205,79.5,124.1,3.35,26.8,0,1,0,0,6.8,0
S01206,49.8,143.3,4.2,25.0,1,0,1,0,0.2,0
S01207,69.5,150.4,7.54,19.8,1,0,0,0,6.5,0
S01208,70.1,103.3,7.27,28.4,1,0,0,0,5.3,0
S01209,50.3,182.6,4.1,25.9,1,0,1,1,3.4,0
S01210,49.3,153.1,5.22,24.5,0,0,0,0,4.6,0
S01211,74.2,139.4,6.64,33.0,0,0,1,0,6.4,1
S01212,63.3,169.3,8.08,32.2,0,0,0,0,2.9,0
S01213,47.9,160.2,5.9,22.6,1,0,0,0,2.0,0
S01214,51.2,137.7,7.85,29.8,0,0,0,1,4.5,0
S01215,60.7,102.2,8.2,23.3,0,0,1,0,13.4,0
S01216,52.2,127.9,7.71,23.9,0,0,0,0,9.9,0
S01217,83.9,146.3,4.48,30.2,0,0,0,0,3.0,0
S01218,87.5,175.3,6.39,22.8,0,0,0,0,3.1,0
S01219,71.4,112.0,8.67,24.5,0,0,0,1,7.3,0
S01220,55.5,150.6,7.33,30.1,1,0,0,1,4.2,0
S01221,47.8,135.1,3.41,31.6,0,0,0,0,9.9,0
S01222,54.7,140.5,7.1,24.1,0,0,0,0,5.1,0
S01223,90.4,162.8,5.32,20.0,0,0,0,0,1.7,0
S01224,78.9,151.9,6.1,34.1,1,0,0,0,4.3,0
S01225,52.1,122.0,6.87,27.3,0,0,0,0,5.2,0
S01226,57.8,145.3,6.66,29.3,0,1,1,0,10.9,0
S01227,75.2,128.9,6.4,23.7,0,0,0,0,5.9,0
S01228,58.1,114.3,6.82,26.3,0,0,0,0,6.3,0
S01229,57.8,143.7,6.69,30.4,1,0,1,0,9.5,0
S01230,69.0,107.8,5.57,22.9,0,0,0,0,1.8,0
S01231,73.1,91.3,5.65,22.5,1,0,0,0,4.0,0
S01232,63.5,151.3,6.66,23.9,0,0,0,0,3.3,0
S01233,89.9,111.3,7.62,21.6,0,0,0,0,1.4,0
S01234,64.3,120.2,6.34,41.0,0,0,1,0,2.6,0
S01235,59.4,107.9,8.69,17.2,0,0,1,0,2.7,0
S01236,40.8,131.6,6.04,19.8,0,0,0,0,4.6,0
S01237,49.6,131.7,7.02,20.5,0,0,0,0,6.2,0
S01238,61.2,106.1,6.83,18.2,1,0,1,0,3.1,0
S01239,59.9,136.1,8.38,21.1,1,0,0,0,0.5,0
S01240,45.7,121.6,4.9,31.3,0,0,1,0,0.9,0
S01241,95.0,139.8,5.25,22.4,0,0,0,0,5.1,0
S01242,68.9,133.0,7.59,24.5,1,0,0,1,5.2,0
S01243,66.1,147.8,5.74,28.3,0,0,0,1,4.6,0
S01244,60.2,158.9,8.28,23.4,0,0,0,0,4.8,0
S01245,59.9,143.5,6.47,22.0,0,0,0,0,3.0,0
S01246,37.4,135.4,8.34,24.8,1,0,0,0,1.8,0
S01247,62.6,138.4,5.12,28.1,0,0,0,0,3.1,0
S01248,49.3,131.1,3.63,27.6,0,0,0,0,3.9,0
S01249,45.7,167.6,4.74,22.8,0,0,0,1,2.4,0
S01250,81.6,135.1,9.08,24.8,0,0,0,0,1.2,0
S01251,62.3,132.3,5.15,20.6,1,0,0,0,2.4,0
S01252,66.0,148.2,7.95,31.4,0,0,0,0,3.0,0
S01253,60.4,129.6,8.53,30.2,0,0,0,0,0.7,0
S01254,56.0,140.0,7.56,32.1,0,0,0,0,6.0,0
S01255,47.1,135.9,8.09,15.6,1,0,0,0,4.1,0
S01256,71.0,118.9,7.88,15.6,0,0,0,0,7.3,0
S01257,49.6,136.0,3.38,22.2,0,0,0,0,4.3,0
S01258,47.2,131.0,5.31,27.5,0,0,1,1,2.2,0
S01259,47.2,152.8,3.94,25.4,0,0,0,0,2.1,0
S01260,66.2,165.3,7.78,27.0,0,0,1,0,9.3,0
S01261,67.6,118.3,6.27,23.8,1,0,0,0,4.8,0
S01262,69.9,146.0,3.06,25.9,1,1,0,0,4.0,0
S01263,60.0,151.8,3.92,21.2,0,0,0,0,12.0,0
S01264,59.7,122.6,7.14,20.1,0,0,0,0,2.7,0
S01265,77.3,156.8,8.91,21.0,1,0,0,0,0.6,0
S01266,44.0,88.2,7.99,25.4,1,0,1,0,1.6,0
S01267,69.5,122.1,3.78,28.3,1,0,1,0,3.3,0
S01268,63.5,153.3,3.07,22.3,0,0,0,1,2.1,0
S01269,55.5,138.3,5.48,26.2,1,0,0,0,5.3,0
S01270,50.9,130.8,9.58,27.1,0,0,0,0,3.2,0
S01271,42.7,153.7,5.89,24.2,0,0,0,0,2.0,0
S01272,43.3,145.1,7.98,25.7,1,0,0,0,6.1,0
S01273,47.2,122.9,6.26,35.7,1,0,0,1,4.7,1
S01274,57.0,149.1,5.77,27.2,0,0,0,0,6.4,0
S01275,86.0,131.1,7.11,33.8,0,0,1,0,5.2,0
S01276,53.3,122.1,7.72,36.3,0,0,0,0,14.8,0
S01277,59.1,132.1,4.85,24.0,0,0,0,0,5.0,0
S01278,55.8,152.7,6.0,33.9,0,0,1,1,0.2,0
S01279,43.9,116.4,8.09,30.9,0,1,0,0,5.6,0
S01280,49.8,127.2,8.97,20.4,0,0,0,0,6.8,0
S01281,79.2,145.6,5.59,31.6,0,0,0,0,1.9,0
S01282,61.4,148.2,6.21,35.7,0,0,0,0,7.4,0
S01283,43.1,142.6,9.16,25.1,1,0,0,0,13.9,0
S01284,36.3,106.6,5.38,17.1,0,0,0,0,2.3,0
S01285,77.4,126.3,7.25,30.4,1,0,0,0,0.4,0
S01286,57.3,150.9,6.1,27.7,0,0,0,0,9.2,0
S01287,44.8,133.3,8.17,26.5,0,0,0,0,3.4,0
S01288,70.3,127.9,6.05,23.4,0,0,0,0,1.7,0
S01289,58.2,135.0,5.59,21.6,0,0,1,0,15.0,0
S01290,53.3,116.6,11.64,29.7,1,0,0,0,5.3,0
S01291,60.4,130.0,7.76,35.6,1,0,0,0,3.8,0
S01292,77.7,157.1,5.04,30.3,0,0,1,0,7.0,0
S01293,49.8,101.3,10.46,30.8,0,0,0,0,0.5,0
S01294,70.5,132.1,5.2,29.9,0,0,0,0,5.5,0
S01295,62.6,116.2,4.68,23.1,1,0,1,0,6.2,0
S01296,54.6,159.6,7.78,22.6,0,0,0,0,9.2,0
S01297,79.8,149.9,9.13,24.8,0,0,0,0,5.7,0
S01298,57.0,120.5,6.26,28.6,1,0,1,0,17.8,0
S01299,63.2,127.3,6.77,15.0,0,0,0,0,5.9,0
S01300,55.4,114.9,3.0,23.5,1,0,0,0,2.5,0
S01301,45.4,110.6,8.03,26.0,1,0,0,0,4.2,0
S01302,65.0,163.1,6.53,26.0,1,0,0,0,5.4,0
S01303,48.3,140.5,7.37,25.3,0,0,1,0,1.2,0
S01304,82.3,129.8,5.93,28.2,1,0,0,1,4.1,0
S01305,79.8,129.2,8.91,29.2,1,0,1,0,3.0,0
S01306,54.3,125.0,5.87,21.9,1,0,0,0,5.4,0
S01307,54.1,137.4,5.29,34.8,1,0,0,0,2.3,0
S01308,51.1,139.2,7.44,24.1,1,0,1,0,5.4,0
S01309,81.8,128.8,8.77,33.6,0,0,0,0,4.3,0
S01310,46.8,144.9,6.3,33.9,0,0,0,0,2.5,0
S01311,47.7,163.3,8.24,25.9,0,0,0,0,1.4,0
S01312,49.6,136.4,6.68,29.0,0,0,0,0,9.5,0
S01313,50.4,143.5,5.05,22.3,0,0,1,0,0.2,0
S01314,78.8,117.9,9.25,24.2,1,0,0,0,3.7,0
S01315,56.6,110.9,4.09,23.7,1,0,0,0,12.3,1
S01316,63.3,145.2,3.74,28.9,0,0,0,0,4.0,0
S01317,58.9,152.5,4.88,26.6,0,1,0,0,3.6,0
S01318,59.1,149.1,6.09,32.5,1,0,0,0,1.7,0
S01319,85.0,146.6,6.43,26.3,0,0,0,1,4.5,0
S01320,82.7,111.3,4.37,24.8,1,0,0,0,4.6,0
S01321,67.5,147.3,7.95,20.1,0,1,0,0,6.6,0
S01322,53.2,158.5,5.2,28.7,0,0,0,1,3.8,0
S01323,89.0,156.5,6.67,30.4,1,0,0,0,3.6,0
S01324,62.4,131.9,8.89,18.7,1,0,1,1,8.6,0
S01325,50.0,119.6,8.0,32.7,0,0,0,0,1.1,0
S01326,51.2,101.8,4.8,20.6,1,0,0,0,3.7,0
S01327,61.7,167.4,6.47,27.4,1,0,0,1,3.7,0
S01328,69.6,133.6,9.67,24.3,1,0,0,1,7.0,1
S01329,27.5,136.9,6.67,28.9,0,0,0,0,12.9,0
S01330,65.7,120.0,5.36,25.2,0,0,1,0,5.8,0
S01331,60.3,126.3,7.24,18.2,0,0,0,0,2.0,0
S01332,67.4,115.8,4.38,34.7,1,0,0,0,0.6,0
S01333,50.5,158.9,8.34,33.5,0,1,0,0,1.7,0
S01334,72.9,125.6,9.48,23.2,0,0,1,0,6.9,0
S01335,55.3,118.0,7.87,28.5,0,0,0,0,2.2,0
S01336,74.6,147.9,6.84,27.1,0,0,1,0,2.9,0
S01337,89.2,134.8,9.0,21.6,0,1,0,0,9.3,0
S01338,64.2,143.2,3.93,23.8,0,0,0,0,10.3,0
S01339,65.5,133.6,7.13,21.1,0,0,0,0,4.1,0
S01340,64.9,138.9,5.75,30.2,1,0,0,0,2.9,0
S01341,40.8,115.1,4.88,25.2,0,0,1,0,1.8,0
S01342,66.7,144.7,7.55,28.0,0,1,0,0,1.3,0
S01343,43.0,96.9,6.46,18.7,0,1,0,0,2.2,0
S01344,30.6,167.7,6.93,25.0,0,0,0,0,0.7,0
S01345,60.4,93.9,4.72,25.5,0,0,1,0,1.6,0
S01346,69.1,131.4,6.89,25.4,0,0,0,0,5.0,0
S01347,50.8,129.0,4.73,22.5,1,0,0,0,2.7,0
S01348,41.0,128.2,4.81,28.6,0,0,0,0,7.3,0
S01349,77.2,130.6,3.0,31.8,0,0,1,0,7.1,0
S01350,41.6,148.2,6.53,31.3,0,0,0,0,5.4,0
S01351,73.7,145.5,5.1,26.5,1,1,1,0,5.6,0
S01352,57.4,121.3,3.91,25.2,0,0,1,0,4.8,0
S01353,47.3,140.1,7.66,21.1,1,0,0,0,6.3,0
S01354,64.2,169.6,4.93,23.2,0,0,1,0,2.8,0
S01355,31.0,117.6,7.11,29.5,0,0,1,0,5.5,0
S01356,51.7,138.0,5.66,27.1,1,0,0,1,9.3,0
S01357,60.3,131.5,8.07,34.2,1,0,1,0,2.5,0
S01358,59.5,127.0,9.1,28.6,0,1,0,0,1.0,0
S01359,76.9,163.6,6.23,25.4,0,0,1,0,3.0,0
S01360,47.9,145.0,8.53,24.3,0,0,0,0,8.1,0
S01361,67.0,116.4,8.96,30.7,0,0,1,0,3.9,0
S01362,58.3,137.2,6.6,29.0,0,0,0,0,8.4,0
S01363,69.5,139.2,7.04,30.7,1,0,0,0,11.4,0
S01364,65.2,139.6,8.89,20.9,1,0,0,0,1.7,0
S01365,74.2,139.0,6.44,23.8,0,1,1,0,1.8,0
S01366,59.1,125.9,7.16,15.0,0,0,0,0,7.5,0
S01367,77.6,145.9,7.66,30.4,1,0,0,0,3.7,0
S01368,60.8,138.1,4.67,24.9,0,0,0,0,2.2,0
S01369,51.9,145.5,8.34,23.8,0,0,0,1,6.6,0
S01370,61.3,130.8,3.31,29.0,1,0,0,0,6.5,0
S01371,62.5,152.5,6.44,15.8,0,0,1,0,7.7,0
S01372,79.1,135.8,4.47,29.8,0,0,0,0,3.3,0
S01373,46.9,126.3,7.15,24.8,0,0,0,0,7.9,0
S01374,61.1,154.7,7.96,32.9,0,0,0,0,3.1,0
S01375,45.7,137.3,6.74,26.9,1,0,0,0,7.3,0
S01376,72.1,140.1,6.85,26.1,0,1,1,0,9.6,0
S01377,71.5,148.1,4.9,25.6,0,0,0,0,2.5,0
S01378,68.7,167.6,5.93,30.1,0,0,0,0,9.1,0
S01379,43.9,139.0,7.07,22.3,0,0,0,1,5.1,0
S01380,47.9,150.7,6.09,24.5,0,0,1,0,2.0,0
S01381,59.8,133.7,5.88,22.5,0,1,0,0,3.1,0
S01382,65.4,92.0,5.12,20.0,1,0,0,0,6.5,0
S01383,69.5,141.6,3.88,26.2,0,0,1,0,3.4,0
S01384,55.2,124.2,3.9,32.5,0,0,0,0,8.0,1
S01385,62.7,116.4,4.78,24.2,1,0,1,0,4.3,0
S01386,56.5,131.2,3.0,30.9,0,0,0,0,9.1,0
S01387,55.0,154.2,5.86,18.2,1,0,1,0,3.9,0
S01388,56.9,124.5,5.83,29.0,1,0,1,0,6.6,0
S01389,47.9,144.0,3.0,27.3,0,0,0,0,2.3,0
S01390,72.4,142.2,8.77,29.5,0,0,0,0,9.4,0
S01391,77.8,155.5,8.88,24.8,0,0,0,0,0.5,0
S01392,68.1,111.5,8.54,22.7,1,0,0,0,4.5,0
S01393,55.6,130.2,5.93,26.3,1,0,0,0,4.4,0
S01394,78.7,139.1,6.18,30.4,0,0,1,0,4.9,0
S01395,49.4,129.5,10.86,29.8,0,0,0,1,4.8,0
S01396,74.7,126.2,5.02,24.1,1,0,0,0,9.4,0
S01397,72.6,138.1,5.74,28.8,0,0,0,0,1.6,0
S01398,75.6,121.5,5.71,32.3,1,0,0,1,6.0,0
S01399,40.1,124.1,7.87,28.9,0,0,0,0,3.1,0
S01400,65.2,131.2,6.12,22.9,0,0,0,0,1.0,0
S01401,55.0,137.5,4.72,27.9,0,0,0,0,6.1,0
S01402,70.5,156.1,10.19,27.1,0,0,0,0,0.9,0
S01403,63.3,120.8,7.64,31.3,0,0,0,0,3.4,0
S01404,35.7,129.4,3.0,26.2,0,0,1,1,4.7,0
S01405,68.9,119.4,7.37,22.5,1,0,0,0,3.8,0
S01406,82.9,157.5,7.22,25.1,1,1,0,0,1.3,0
S01407,66.9,167.4,4.37,22.5,0,0,0,1,2.0,0
S01408,70.4,118.2,6.46,32.2,1,0,1,1,2.8,0
S01409,63.4,150.0,6.98,22.4,0,0,0,0,1.3,0
S01410,67.7,115.2,6.9,20.2,1,0,0,0,2.8,0
S01411,55.1,143.7,4.26,28.0,1,0,0,0,9.4,0
S01412,81.4,148.0,7.21,29.6,0,0,0,1,1.4,0
S01413,89.6,144.8,9.27,32.0,0,0,0,1,3.0,0
S01414,53.1,120.6,3.0,20.3,0,0,0,0,2.9,0
S01415,67.8,122.2,8.92,31.6,1,0,0,0,0.6,0
S01416,57.3,142.6,5.33,26.4,0,0,0,0,4.1,0
S01417,81.6,142.8,4.77,23.0,0,0,0,0,2.8,0
S01418,65.1,87.7,7.91,26.9,0,0,0,0,5.0,0
S01419,72.5,129.8,6.35,23.4,1,0,0,0,0.6,0
S01420,60.1,139.4,4.31,27.8,0,0,0,0,8.4,0
S01421,75.6,144.3,5.63,24.6,1,0,0,0,1.0,0
S01422,71.9,120.3,5.1,20.1,0,0,0,0,2.0,0
S01423,66.8,147.2,6.05,35.7,1,0,0,0,2.9,0
S01424,69.4,142.2,7.62,25.6,0,0,1,0,3.8,0
S01425,45.2,142.2,3.65,31.0,0,0,0,1,2.2,0
S01426,72.8,166.5,9.04,24.8,1,1,0,0,3.0,0
S01427,50.4,109.5,6.77,30.3,0,1,1,0,0.3,0
S01428,55.7,123.8,5.78,22.0,0,0,0,0,6.2,0
S01429,63.0,148.1,7.24,20.2,1,0,0,0,4.7,0
S01430,71.3,119.8,9.49,25.7,0,0,0,0,3.2,0
S01431,73.0,146.8,6.88,25.6,0,0,0,0,8.4,0
S01432,65.8,145.4,5.57,27.0,1,0,0,0,1.1,0
S01433,65.3,113.2,8.13,24.3,0,0,0,0,8.2,0
S01434,70.9,135.1,5.86,30.8,1,1,0,0,6.3,0
S01435,52.5,152.8,6.05,22.7,1,0,0,0,4.8,0
S01436,62.8,124.0,3.0,25.6,0,0,1,0,1.8,0
S01437,54.3,152.3,7.66,30.4,0,0,0,0,3.6,0
S01438,41.6,129.6,7.69,30.4,0,0,1,0,2.1,0
S01439,48.3,144.6,4.97,21.3,0,0,1,0,1.6,0
S01440,75.2,166.7,6.97,25.1,0,0,1,0,1.7,0
S01441,54.9,133.9,8.18,32.3,0,0,0,0,4.5,0
S01442,42.1,129.6,6.93,25.8,1,0,0,0,3.9,0
S01443,62.2,98.7,8.13,26.0,0,0,0,0,1.1,0
S01444,54.5,133.2,6.33,28.7,1,0,0,1,0.8,0
S01445,56.0,106.5,4.9,22.4,0,0,0,0,7.7,0
S01446,57.7,139.1,5.61,33.4,0,0,1,0,2.4,0
S01447,65.0,112.8,3.0,30.2,0,0,0,0,3.4,0
S01448,64.0,120.1,6.02,25.0,1,0,1,0,3.0,0
S01449,59.7,147.3,5.04,20.8,0,0,0,0,11.9,0
S01450,63.8,127.9,5.71,30.1,0,1,0,0,1.4,0
S01451,60.4,119.1,7.04,33.6,0,0,0,0,1.0,0
S01452,65.8,139.2,8.15,28.8,0,0,0,1,1.6,0
S01453,70.1,126.2,4.88,25.4,1,0,1,0,2.6,0
S01454,60.8,135.5,3.0,34.0,0,0,0,0,1.6,0
S01455,85.2,134.6,6.64,23.9,0,0,0,0,5.4,0
S01456,49.9,115.4,6.06,33.1,0,0,0,0,7.5,0
S01457,55.8,139.4,8.72,19.6,0,0,0,0,3.5,0
S01458,59.6,164.6,8.23,34.4,1,0,1,0,1.1,1
S01459,77.9,119.2,5.1,27.5,1,1,0,0,3.5,0
S01460,74.1,154.6,3.54,26.1,0,0,0,0,3.5,0
S01461,66.8,132.7,7.87,31.4,0,0,0,0,0.8,0
S01462,53.0,147.6,4.36,28.9,1,0,0,0,6.0,0
S01463,67.8,121.9,8.36,29.9,0,0,0,0,1.0,0
S01464,62.1,137.6,7.48,32.4,1,0,0,0,0.7,0
S01465,59.1,120.2,8.33,27.9,0,0,0,0,3.0,0
S01466,77.3,142.8,6.07,29.7,0,0,0,0,5.0,0
S01467,80.9,101.9,8.85,23.6,0,1,0,0,7.8,0
S01468,66.8,145.2,7.51,33.8,0,0,1,0,7.0,0
S01469,55.5,171.8,6.37,21.8,0,0,1,0,6.4,0
S01470,65.9,182.7,6.64,21.2,1,0,0,0,2.1,0
S01471,51.2,127.3,7.77,25.9,0,0,0,0,0.8,0
S01472,44.9,154.8,8.68,30.3,1,1,0,0,3.2,0
S01473,40.6,108.6,7.51,31.7,1,0,0,0,1.7,0
S01474,58.8,155.6,5.89,29.5,0,0,1,0,1.2,0
S01475,57.9,138.5,7.73,20.3,1,0,1,0,6.3,0
S01476,52.3,152.2,7.27,28.4,0,0,1,1,3.3,0
S01477,54.9,138.6,5.91,32.2,0,0,0,1,2.2,0
S01478,57.1,164.6,5.37,29.7,0,0,0,0,2.5,0
S01479,48.1,138.8,4.79,20.7,0,0,0,0,0.2,0
S01480,65.1,126.4,5.54,23.9,1,0,0,0,3.5,0
S01481,79.5,101.7,5.43,24.5,0,0,0,0,3.7,0
S01482,57.9,159.0,8.59,31.4,0,0,0,1,3.8,0
S01483,40.4,147.4,8.86,23.5,0,0,0,1,1.9,0
S01484,59.9,174.3,5.03,31.1,1,0,0,0,9.2,0
S01485,63.0,144.0,6.89,26.7,1,0,0,0,6.5,0
S01486,68.0,143.9,3.02,28.4,0,0,0,0,3.4,0
S01487,73.4,134.5,7.63,20.5,1,0,0,1,3.0,0
S01488,70.4,132.0,8.26,20.9,0,0,0,1,1.8,0
S01489,73.7,119.0,6.99,23.7,1,0,0,0,2.0,0
S01490,60.5,125.8,7.26,29.4,0,0,0,0,4.3,0
S01491,65.5,130.1,6.49,27.0,1,0,0,0,0.3,0
S01492,53.0,111.3,7.23,25.2,1,1,0,0,4.4,0
S01493,55.5,124.9,3.88,31.9,0,1,0,1,6.2,0
S01494,70.4,126.7,5.96,24.5,1,0,1,0,6.1,0
S01495,58.5,163.0,10.24,23.3,0,0,1,0,2.1,0
S01496,43.8,141.2,7.77,18.2,0,0,0,0,7.2,0
S01497,38.1,101.7,6.4,25.5,1,0,0,1,1.2,0
S01498,69.4,95.3,7.54,25.4,0,0,1,0,2.6,0
S01499,56.6,141.2,7.98,25.0,0,0,0,0,3.3,0
S01500,54.5,149.7,5.46,23.7,1,1,0,0,1.0,0
S01501,51.4,124.0,7.29,24.4,0,0,0,0,4.4,0
S01502,65.6,105.3,5.19,24.5,1,0,1,0,6.5,0
S01503,59.7,134.6,6.33,26.9,1,0,1,0,4.8,0
S01504,57.6,136.9,9.52,29.1,0,0,0,0,6.0,0
S01505,57.2,150.5,8.64,17.7,0,0,0,1,5.2,0
S01506,58.7,139.2,7.58,33.1,1,0,1,0,0.9,0
S01507,71.4,120.3,4.8,26.9,0,0,0,0,1.6,0
S01508,63.0,170.4,6.04,27.1,1,0,0,0,6.3,0
S01509,76.2,85.0,8.74,27.7,0,1,0,0,1.7,0
S01510,38.3,114.8,3.27,26.4,1,0,1,0,4.2,0
S01511,52.3,152.6,5.68,35.7,0,0,0,0,7.0,0
S01512,70.4,119.8,7.35,28.5,0,0,1,0,0.7,0
S01513,52.2,129.3,3.88,31.2,1,0,0,0,4.8,0
S01514,58.6,126.0,4.11,21.2,0,0,0,0,2.4,0
S01515,56.5,113.7,4.14,30.5,0,0,1,0,2.9,0
S01516,62.0,124.7,7.33,25.9,1,0,0,0,10.4,0
S01517,64.5,148.8,5.95,29.5,1,0,0,0,6.1,0
S01518,83.9,100.4,8.21,32.6,0,0,0,0,2.2,1
S01519,72.5,138.6,6.45,25.2,1,0,1,0,5.2,0
S01520,62.9,132.2,5.46,25.1,1,0,0,0,2.4,0
S01521,67.1,129.3,6.48,24.1,0,1,0,0,7.2,0
S01522,67.1,142.4,6.12,28.5,1,0,0,0,2.5,0
S01523,60.8,153.8,6.91,35.6,0,0,0,0,10.3,0
S01524,53.8,114.5,6.58,30.4,0,0,0,0,1.3,0
S01525,66.2,135.1,5.54,25.3,0,0,0,0,0.4,0
S01526,68.8,136.9,7.64,29.2,1,0,1,0,5.8,0
S01527,53.0,97.2,7.86,26.2,0,0,0,0,6.1,1
S01528,59.6,147.3,3.99,34.0,1,0,0,0,1.2,0
S01529,66.0,121.5,6.54,22.9,0,0,0,0,5.1,0
S01530,65.6,118.3,7.6,24.0,0,0,0,0,2.2,0
S01531,81.0,171.7,9.26,29.1,1,1,0,0,2.6,0
S01532,58.2,152.0,3.4,31.4,1,0,0,0,2.2,0
S01533,52.8,157.7,4.31,26.0,0,0,0,1,3.9,0
S01534,66.7,124.4,5.94,23.5,0,0,1,0,3.9,0
S01535,49.2,133.3,4.57,21.1,1,0,0,0,8.8,0
S01536,58.4,126.9,7.36,25.4,0,0,0,0,2.0,0
S01537,38.9,147.7,6.47,29.9,0,0,0,0,2.2,0
S01538,66.1,101.6,7.37,29.8,0,0,0,0,4.2,0
S01539,88.0,140.6,7.36,27.3,0,0,0,1,3.5,0
S01540,56.1,134.7,5.0,27.4,0,0,0,0,2.1,0
S01541,56.8,147.9,8.38,25.1,1,0,0,1,5.5,0
S01542,67.7,152.1,3.36,28.4,1,0,0,0,9.5,0
S01543,72.5,133.6,5.29,28.1,0,0,0,0,3.9,0
S01544,42.0,119.0,3.36,25.9,0,0,0,0,1.6,0
S01545,58.0,134.3,4.45,32.0,0,0,0,0,3.1,0
S01546,62.1,125.2,7.34,24.9,1,0,1,0,5.8,0
S01547,61.1,117.4,5.47,29.1,1,0,0,0,5.2,0
S01548,64.1,167.9,8.72,24.9,0,0,0,0,5.0,0
S01549,58.8,108.3,8.38,32.1,0,0,0,0,2.9,0
S01550,57.8,143.1,7.03,24.9,0,0,0,0,6.1,0
S01551,47.7,142.8,5.35,30.3,0,0,0,0,7.1,0
S01552,80.5,125.8,3.0,30.7,0,0,0,0,3.2,0
S01553,61.0,144.1,6.7,33.3,0,1,0,0,2.7,0
S01554,74.1,128.8,8.76,26.6,0,0,0,0,3.6,0
S01555,60.0,137.7,8.34,20.9,0,0,1,1,0.0,0
S01556,62.1,128.0,6.64,31.2,0,0,0,0,5.0,0
S01557,59.1,136.1,5.83,30.3,0,0,0,0,6.1,0
S01558,67.7,146.2,8.71,27.1,0,0,0,0,2.6,0
S01559,61.4,169.7,9.08,31.7,0,0,1,0,7.5,0
S01560,42.8,124.0,5.63,29.1,0,0,1,0,2.5,0
S01561,91.6,123.1,5.16,26.6,1,0,0,0,3.7,0
S01562,63.4,150.6,7.0,20.9,0,0,1,0,0.8,0
S01563,52.6,124.4,5.17,25.0,1,0,0,0,1.4,0
S01564,43.4,132.6,5.54,18.0,1,0,1,1,1.9,0
S01565,51.6,147.2,7.07,30.0,0,0,0,0,1.9,0
S01566,58.1,151.7,3.0,27.3,0,0,0,0,2.7,0
S01567,50.1,124.1,6.33,25.3,0,0,0,1,1.8,0
S01568,67.8,135.6,5.64,27.2,0,0,0,0,11.0,1
S01569,43.4,151.4,5.29,26.7,1,0,0,0,5.8,0
S01570,62.3,142.9,4.83,23.8,1,0,0,0,14.3,0
S01571,63.8,109.6,5.9,23.5,0,0,0,0,4.4,0
S01572,49.0,149.7,4.03,27.9,1,0,0,0,1.4,0
S01573,48.4,148.0,4.6,23.5,0,0,1,0,1.1,0
S01574,51.0,114.3,4.67,26.5,0,0,0,0,3.0,0
S01575,62.2,99.4,8.9,21.9,1,0,1,0,0.4,0
S01576,56.6,142.2,7.86,27.2,0,0,1,0,6.5,0
S01577,56.2,152.3,7.84,20.0,1,0,1,0,3.8,0
S01578,63.9,153.5,4.1,28.9,0,0,0,0,4.6,1
S01579,74.1,146.9,5.72,25.5,0,0,0,0,2.0,0
S01580,53.6,134.6,7.83,31.9,0,0,1,1,12.8,0
S01581,47.1,147.9,8.49,27.0,1,0,0,0,3.8,0
S01582,59.1,134.5,6.49,27.2,1,0,0,0,1.1,0
S01583,59.5,148.1,4.45,25.3,1,0,1,0,5.5,0
S01584,75.3,121.5,5.35,25.0,1,0,1,0,1.8,0
S01585,71.4,136.7,6.48,28.0,1,0,0,0,1.0,0
S01586,63.2,142.3,5.89,30.4,0,0,1,0,3.2,0
S01587,53.2,85.0,5.23,22.6,0,0,0,0,3.9,0
S01588,77.0,124.8,7.69,21.2,1,0,0,0,4.4,0
S01589,55.2,130.5,9.58,27.3,0,0,0,0,7.5,0
S01590,67.8,100.4,3.48,25.2,1,0,0,0,1.4,0
S01591,68.6,132.9,5.13,26.3,1,0,0,0,1.0,0
S01592,73.4,121.8,7.28,19.9,0,0,1,0,5.5,0
S01593,55.3,145.8,6.45,34.1,1,0,1,1,4.4,1
S01594,81.8,158.9,7.88,26.7,0,0,0,0,2.7,0
S01595,75.3,139.5,5.77,32.4,1,0,1,0,1.0,0
S01596,60.4,140.7,5.57,24.1,0,0,0,0,2.2,0
S01597,61.3,135.3,5.76,21.1,1,1,1,0,0.5,0
S01598,41.7,161.4,6.43,34.5,1,0,0,0,1.8,0
S01599,67.0,150.2,5.1,25.0,1,0,0,0,8.9,0
S01600,70.1,101.5,6.04,24.3,0,0,1,0,1.9,0
S01601,53.2,176.9,7.44,24.5,0,0,0,0,1.1,0
S01602,63.3,151.2,4.14,25.0,1,0,0,0,9.3,0
S01603,50.6,134.4,8.55,27.3,0,0,0,0,5.4,0
S01604,92.7,144.0,7.78,21.1,0,0,0,0,0.4,0
S01605,56.1,128.6,5.6,34.6,1,0,0,0,1.4,0
S01606,63.8,140.7,6.92,31.0,1,0,0,0,10.3,0
S01607,68.7,124.5,7.39,24.6,1,0,0,0,4.5,0
S01608,58.4,135.8,4.44,30.0,0,0,0,1,1.3,0
S01609,67.4,146.3,6.6,25.4,1,0,0,0,2.7,0
S01610,73.2,148.2,5.92,30.6,0,0,1,0,2.8,0
S01611,85.9,152.9,6.42,17.8,1,0,0,0,0.8,0
S01612,75.7,131.3,4.86,22.9,0,0,0,0,2.7,0
S01613,88.9,155.5,5.55,24.7,0,1,0,0,3.5,0
S01614,49.4,135.6,9.16,29.6,0,0,0,1,3.7,0
S01615,53.8,151.8,6.15,23.4,0,0,1,1,1.1,0
S01616,49.5,154.1,4.76,25.5,1,0,0,0,6.8,0
S01617,62.3,109.6,8.07,25.5,1,0,0,0,1.6,0
S01618,56.6,121.6,10.45,23.8,1,0,0,0,6.1,0
S01619,57.1,117.9,7.81,23.4,1,0,0,1,3.0,0
S01620,63.0,139.3,7.93,27.9,1,0,0,0,1.1,0
S01621,65.5,109.3,7.22,27.7,0,0,0,0,1.3,0
S01622,51.9,153.7,5.39,21.9,1,0,1,1,3.2,0
S01623,63.7,138.3,9.36,28.3,1,0,0,0,4.8,0
S01624,61.8,125.0,7.83,25.9,0,0,0,0,3.0,0
S01625,59.9,136.8,5.26,28.3,0,0,0,1,0.6,0
S01626,76.5,122.5,5.82,30.9,1,0,0,1,0.8,0
S01627,41.4,132.6,7.3,30.6,0,0,1,0,7.7,0
S01628,56.2,109.1,9.28,17.8,1,0,0,0,3.1,0
S01629,55.4,119.9,3.95,26.8,0,1,1,0,4.2,0
S01630,56.5,143.3,4.37,29.3,1,0,0,0,3.0,0
S01631,56.2,115.7,7.01,26.4,0,1,1,0,3.0,0
S01632,52.9,139.9,5.09,28.6,1,1,0,0,5.6,0
S01633,54.7,126.0,3.08,27.4,0,0,0,0,3.2,0
S01634,68.0,128.5,4.54,28.6,1,0,0,0,3.7,1
S01635,67.3,150.6,5.13,30.0,0,1,0,0,2.0,0
S01636,46.6,156.8,6.82,20.2,1,0,0,1,5.3,0
S01637,39.9,148.2,6.58,28.2,1,0,1,0,1.8,0
S01638,53.9,131.9,5.92,16.2,0,0,0,0,4.0,0
S01639,41.1,155.4,7.06,22.5,1,0,0,0,2.1,0
S01640,63.6,118.4,7.86,19.4,1,0,0,0,4.8,0
S01641,64.2,142.3,5.08,28.0,0,0,0,0,1.6,1
S01642,39.2,118.5,7.16,36.3,1,0,0,0,1.1,0
S01643,67.2,168.4,8.43,22.1,0,0,0,0,1.1,0
S01644,59.7,117.4,3.89,32.0,0,0,0,0,4.8,0
S01645,48.4,137.2,6.91,32.3,1,0,0,0,1.4,0
S01646,73.5,159.9,8.41,26.8,1,0,0,0,4.3,0
S01647,87.3,125.9,5.11,21.0,1,0,1,0,0.5,0
S01648,60.4,128.4,6.19,25.3,1,0,0,0,1.6,0
S01649,64.8,101.9,4.63,24.4,1,0,0,1,2.2,0
S01650,50.0,131.8,5.21,28.9,0,0,0,0,2.5,0
S01651,67.3,171.1,5.97,24.8,1,0,1,0,5.5,0
S01652,57.4,148.4,4.59,19.8,0,0,1,0,4.9,0
S01653,69.6,112.1,5.13,23.2,0,0,0,0,5.1,0
S01654,60.3,120.3,6.97,33.8,1,0,0,0,3.1,0
S01655,66.1,141.4,9.79,20.9,0,0,0,0,15.0,0
S01656,56.4,127.3,7.06,23.0,0,0,0,0,2.6,0
S01657,45.7,140.5,4.87,37.4,0,0,1,0,6.5,0
S01658,66.9,164.7,7.15,28.9,1,0,1,0,0.8,0
S01659,82.8,101.1,4.19,23.2,0,0,0,0,7.1,0
S01660,34.7,128.3,4.48,29.0,0,0,0,0,1.5,0
S01661,65.7,152.4,6.34,25.8,0,0,1,0,5.0,0
S01662,50.8,145.0,6.45,22.4,1,0,0,0,4.2,0
S01663,45.9,141.3,7.88,23.3,1,0,0,0,7.3,0
S01664,64.8,115.7,5.03,27.7,1,0,1,0,2.7,0
S01665,60.8,144.3,8.17,24.4,1,0,0,0,1.3,0
S01666,64.0,149.9,4.47,30.8,0,0,0,0,2.9,0
S01667,66.5,85.0,6.13,21.0,0,0,0,0,2.5,0
S01668,40.3,119.9,4.12,28.6,0,0,0,0,3.0,0
S01669,79.6,155.2,8.62,19.8,1,0,0,0,4.9,0
S01670,78.1,109.0,7.82,23.3,0,0,0,1,2.6,1
S01671,54.8,152.1,8.4,34.6,0,0,0,0,5.8,0
S01672,61.6,135.2,6.25,24.4,0,0,1,0,4.9,0
S01673,47.6,150.4,9.02,26.5,1,1,0,0,3.5,0
S01674,64.5,133.5,6.53,25.7,1,0,1,0,2.1,0
S01675,62.6,110.4,7.88,27.7,0,0,1,0,3.2,0
S01676,64.3,124.4,8.91,30.5,1,0,0,0,1.9,0
S01677,58.9,114.8,6.02,23.2,0,1,0,0,0.9,0
S01678,68.0,148.1,9.2,28.1,0,0,1,0,8.2,0
S01679,62.5,126.8,8.23,29.8,0,1,0,0,5.5,0
S01680,59.4,115.6,4.52,23.2,1,0,1,0,0.7,0
S01681,64.7,131.1,6.41,27.2,1,0,1,0,1.1,0
S01682,68.6,122.5,6.01,23.1,1,0,0,0,8.5,0
S01683,69.5,120.9,8.0,24.1,1,0,1,0,3.6,0
S01684,66.4,135.7,9.24,22.7,1,0,1,0,1.0,0
S01685,77.5,130.9,6.84,34.3,0,0,0,0,4.2,0
S01686,57.5,124.8,6.11,23.0,0,0,0,0,6.3,0
S01687,76.8,133.7,6.17,32.3,1,1,0,0,1.1,1
S01688,56.7,139.4,3.67,27.3,0,0,0,0,9.7,0
S01689,57.5,129.8,5.28,33.0,0,1,0,0,5.9,0
S01690,57.6,105.7,5.78,22.1,1,0,1,0,3.0,0
S01691,72.4,92.1,5.5,26.3,1,0,1,0,5.5,1
S01692,56.7,108.1,5.59,27.3,0,1,0,0,8.0,0
S01693,50.0,145.5,6.51,29.9,1,0,0,1,2.3,0
S01694,66.7,148.1,8.04,28.8,0,0,0,0,1.7,0
S01695,52.6,135.6,6.74,26.6,0,0,0,0,0.8,0
S01696,58.9,149.3,5.76,25.6,0,0,0,0,1.2,0
S01697,61.1,139.8,5.32,38.9,0,0,0,1,4.8,0
S01698,62.3,158.1,9.45,32.3,0,0,0,0,0.5,0
S01699,73.3,105.2,4.7,26.0,0,0,0,0,5.2,0
S01700,59.7,152.3,4.33,27.2,1,0,0,0,2.6,0
S01701,46.0,132.7,5.33,28.2,0,0,1,0,0.9,0
S01702,70.4,146.7,7.0,30.5,0,0,1,0,4.6,0
S01703,52.3,126.2,7.37,26.3,0,0,1,0,11.1,0
S01704,48.0,125.9,6.29,27.8,0,0,1,0,0.6,0
S01705,56.3,139.2,5.16,26.0,1,0,0,0,3.5,0
S01706,69.7,122.3,6.99,21.4,0,0,0,0,4.7,0
S01707,45.2,143.7,7.18,22.2,0,0,0,1,3.4,0
S01708,51.9,125.2,3.55,26.1,0,0,0,0,4.1,0
S01709,72.6,116.3,7.27,32.5,0,0,1,0,0.3,0
S01710,81.1,156.1,7.09,30.4,1,1,0,0,2.1,0
S01711,61.5,131.1,8.76,26.3,0,1,0,1,10.9,1
S01712,71.1,156.5,7.12,20.9,1,0,0,0,1.0,0
S01713,63.9,147.6,8.91,31.2,0,0,1,0,3.7,0
S01714,60.9,141.8,7.21,35.0,1,0,0,0,11.1,0
S01715,49.6,155.8,5.86,24.6,1,0,0,0,3.1,0
S01716,62.7,137.7,7.24,26.3,0,0,0,0,5.1,0
S01717,55.0,141.6,8.81,29.4,1,0,1,0,4.8,0
S01718,58.3,131.0,6.99,22.3,0,0,0,0,5.2,0
S01719,62.3,149.4,6.54,31.4,1,0,0,0,0.5,0
S01720,64.8,141.3,8.06,30.8,0,0,0,0,1.5,0
S01721,50.7,139.8,9.96,28.0,1,0,0,0,5.2,0
S01722,55.1,149.3,7.1,25.9,0,0,0,0,4.3,0
S01723,69.1,120.9,7.12,30.7,1,0,0,0,3.9,0
S01724,79.9,163.6,5.18,30.8,0,0,0,0,7.9,0
S01725,62.1,127.1,6.81,25.5,0,0,0,0,10.4,0
S01726,70.1,129.3,5.48,16.3,1,0,0,0,3.9,0
S01727,70.2,120.6,3.36,20.3,1,0,1,1,0.7,0
S01728,55.7,118.0,7.77,23.6,1,0,0,0,0.5,0
S01729,70.0,143.5,9.08,24.0,1,0,0,0,0.1,0
S01730,53.1,106.2,6.63,20.4,1,0,0,0,11.9,1
S01731,45.7,142.8,4.96,30.0,0,1,1,0,3.1,0
S01732,55.0,133.6,5.52,29.9,1,0,0,0,1.9,0
S01733,66.0,136.8,9.15,24.7,0,0,0,0,4.9,0
S01734,52.1,103.0,4.62,27.6,0,0,0,0,1.1,0
S01735,71.0,166.1,7.07,25.4,0,0,0,0,7.5,0
S01736,53.3,153.9,6.34,28.2,1,0,0,0,6.1,0
S01737,68.1,122.1,6.17,26.5,1,1,1,0,2.4,0
S01738,59.1,154.9,8.5,27.5,0,0,0,0,2.5,0
S01739,77.0,133.5,9.76,15.0,1,0,1,0,1.0,0
S01740,57.5,98.8,8.21,30.5,1,0,0,0,5.6,0
S01741,60.1,137.3,8.66,24.1,0,0,0,1,0.8,0
S01742,59.9,138.9,3.0,23.8,0,0,0,0,6.4,0
S01743,49.6,90.9,4.81,31.3,0,1,0,0,3.5,0
S01744,66.3,140.2,5.5,30.6,1,0,1,0,2.8,0
S01745,51.2,152.7,4.56,27.5,0,1,0,0,8.0,0
S01746,51.5,145.3,5.88,23.8,1,0,0,0,6.4,0
S01747,57.1,132.7,4.19,22.6,0,0,0,0,6.6,0
S01748,56.8,159.9,5.11,27.2,0,0,0,0,7.4,0
S01749,77.4,144.0,3.48,25.1,0,0,1,0,1.5,0
S01750,55.9,129.0,3.99,30.7,0,1,0,0,2.2,0
S01751,76.8,166.7,5.69,27.7,0,0,1,0,0.7,0
S01752,35.6,99.7,5.08,21.3,0,1,0,0,1.6,0
S01753,69.0,159.9,9.43,32.9,0,1,1,0,4.0,1
S01754,59.0,143.2,9.37,25.6,0,0,0,0,2.2,0
S01755,81.9,117.9,6.95,19.2,1,0,0,0,6.3,0
S01756,48.3,138.5,8.36,22.6,0,0,0,0,1.2,0
S01757,60.4,127.0,7.64,23.7,0,0,0,0,9.5,0
S01758,61.7,136.4,8.78,22.4,0,0,0,0,3.9,0
S01759,32.8,101.5,5.14,22.4,1,0,1,0,5.8,0
S01760,58.9,157.2,8.71,25.4,0,0,0,0,1.6,0
S01761,92.5,142.4,7.1,21.8,0,0,0,0,0.8,0
S01762,61.2,124.7,5.75,27.6,0,0,1,0,5.6,0
S01763,69.8,127.7,8.05,29.0,0,0,0,0,8.8,0
S01764,58.8,134.7,5.04,27.3,0,0,0,0,2.8,0
S01765,77.3,134.3,7.75,27.5,1,0,1,0,1.1,0
S01766,51.9,136.0,9.27,19.8,0,0,0,1,2.1,0
S01767,48.8,137.0,4.17,20.4,1,0,1,1,2.0,0
S01768,69.5,140.9,6.09,30.1,0,0,0,0,10.4,0
S01769,46.3,160.4,7.67,32.4,1,1,0,0,6.5,0
S01770,61.1,120.9,8.01,36.6,0,0,0,1,0.1,0
S01771,37.7,123.5,4.7,22.3,1,0,0,0,1.6,0
S01772,67.7,135.0,5.97,22.5,0,0,0,0,5.9,0
S01773,54.9,141.8,8.65,25.3,0,0,1,0,8.3,0
S01774,61.3,138.9,5.82,24.7,0,0,0,0,0.3,0
S01775,61.7,151.6,3.0,24.2,0,0,1,0,2.3,0
S01776,63.5,138.8,9.48,32.9,0,0,1,0,2.8,0
S01777,55.3,148.9,8.88,35.9,1,0,0,0,3.7,1
S01778,53.5,157.3,7.36,20.6,0,0,0,0,3.9,0
S01779,69.5,117.8,6.79,36.8,0,0,0,0,0.7,0
S01780,73.5,136.1,5.12,18.5,1,1,0,0,1.9,0
S01781,42.7,151.8,7.01,25.2,0,0,0,0,3.3,0
S01782,52.0,134.2,8.04,30.2,0,0,0,0,2.9,0
S01783,55.2,142.4,4.89,23.9,1,0,0,0,1.2,0
S01784,52.5,123.7,7.14,27.9,0,0,0,0,7.7,0
S01785,71.2,148.7,4.47,28.1,0,0,0,0,3.8,0
S01786,59.6,105.4,5.77,28.3,0,0,0,0,4.5,0
S01787,56.5,112.5,10.65,28.2,1,0,0,0,13.8,0
S01788,64.2,170.7,6.22,25.4,0,0,0,0,1.9,0
S01789,75.5,125.7,5.53,33.7,1,0,1,0,7.2,0
S01790,36.7,140.0,5.83,32.1,0,0,0,0,0.9,0
S01791,66.1,132.3,5.97,18.3,0,0,1,0,3.4,0
S01792,57.8,114.7,6.25,27.8,1,0,1,0,3.0,0
S01793,55.8,145.6,10.43,35.7,0,0,0,0,1.0,0
S01794,59.3,122.0,7.31,28.7,1,0,0,0,11.1,0
S01795,37.2,158.9,7.58,22.9,0,0,0,1,0.9,0
S01796,59.2,142.1,6.2,34.6,0,0,0,0,2.2,0
S01797,64.1,120.4,5.11,32.2,0,1,0,0,3.1,0
S01798,55.5,127.4,4.36,24.9,0,0,1,0,18.7,0
S01799,45.6,128.5,10.13,25.4,1,0,0,0,1.9,0
S01800,51.9,153.4,6.58,29.6,1,0,0,0,6.1,0
S01801,68.9,162.6,5.08,25.9,1,0,0,0,3.8,0
S01802,79.2,179.8,3.45,28.6,1,0,0,0,2.1,0
S01803,60.5,141.2,6.29,18.6,0,0,0,0,4.5,0
S01804,68.3,111.4,6.33,29.2,0,0,1,0,1.0,0
S01805,74.8,114.3,8.59,31.7,0,0,0,0,0.7,0
S01806,64.2,147.6,7.04,32.8,0,0,1,0,9.0,0
S01807,50.2,138.8,7.94,29.1,1,0,0,0,3.3,0
S01808,64.1,124.0,6.44,31.2,0,0,0,0,1.8,0
S01809,80.2,109.6,8.35,27.3,1,0,0,0,1.8,0
S01810,53.4,112.6,10.32,26.2,0,0,0,1,3.1,0
S01811,55.5,139.5,5.75,26.2,0,0,0,0,0.7,0
S01812,46.9,119.0,6.01,26.9,0,0,0,1,1.3,0
S01813,62.1,139.2,7.84,31.7,0,0,0,0,6.8,0
S01814,49.6,116.8,6.96,31.2,1,1,1,0,11.3,1
S01815,69.9,99.2,6.52,36.2,0,0,0,0,2.9,0
S01816,70.5,140.4,8.42,27.6,0,0,0,0,0.8,0
S01817,54.2,164.6,3.79,26.8,0,0,0,0,3.0,0
S01818,56.8,147.0,6.31,27.4,0,0,0,0,2.7,0
S01819,61.0,128.8,4.77,31.1,1,0,0,0,5.1,0
S01820,48.2,147.7,7.51,29.2,0,0,1,0,1.0,0
S01821,54.0,150.9,3.39,26.1,0,0,1,0,8.3,0
S01822,81.3,132.7,4.22,17.0,0,0,1,0,5.4,0
S01823,60.8,113.2,6.43,24.9,0,0,0,0,3.3,0
S01824,23.9,130.7,6.87,30.7,0,0,0,0,9.4,0
S01825,75.9,141.0,6.3,20.9,0,0,0,0,4.3,0
S01826,60.9,119.5,9.51,30.0,0,0,0,0,10.4,0
S01827,60.4,139.0,6.2,26.9,0,0,0,0,1.0,0
S01828,77.1,159.4,5.04,19.8,1,0,0,0,1.4,0
S01829,76.0,123.3,4.96,30.5,1,0,0,0,4.1,0
S01830,73.9,123.5,4.76,25.1,1,0,0,0,4.3,0
S01831,76.0,134.0,4.36,25.0,0,1,0,0,3.1,0
S01832,40.6,135.0,3.76,29.5,0,0,0,0,4.8,0
S01833,70.7,139.3,8.71,27.8,0,0,1,0,1.6,0
S01834,52.9,125.1,8.99,25.9,1,0,1,0,2.8,0
S01835,58.9,113.8,5.2,23.0,1,0,0,0,4.4,0
S01836,72.4,116.3,5.8,26.5,0,0,0,0,6.7,0
S01837,71.8,110.6,6.7,35.1,0,0,0,0,2.4,0
S01838,64.3,128.8,3.37,29.0,1,0,1,0,2.0,0
S01839,53.9,172.9,4.57,28.0,0,0,0,0,3.0,0
S01840,73.3,142.8,5.86,24.4,0,0,1,0,1.1,0
S01841,56.2,142.2,7.13,24.6,0,0,0,0,4.0,0
S01842,62.6,135.4,6.45,21.7,1,0,1,1,9.5,1
S01843,63.3,123.9,8.08,25.9,0,1,0,0,1.6,0
S01844,65.4,159.4,7.41,25.9,0,0,0,0,6.8,0
S01845,49.0,136.7,8.91,20.3,0,0,1,0,1.0,0
S01846,68.4,137.3,6.78,31.0,0,0,0,0,3.1,1
S01847,66.1,136.6,8.39,24.7,0,0,1,0,4.3,0
S01848,54.2,141.5,6.1,29.6,0,0,0,0,7.5,0
S01849,64.9,143.2,7.24,26.7,0,0,0,0,4.4,0
S01850,74.8,138.9,7.32,25.3,1,0,0,0,2.4,0
S01851,46.3,143.7,6.3,33.1,1,0,0,0,2.6,0
S01852,58.5,115.3,6.14,30.1,1,0,0,0,1.4,0
S01853,50.4,128.4,3.46,24.7,0,0,1,0,3.6,0
S01854,54.5,150.7,7.24,15.0,0,0,1,0,9.4,0
S01855,69.7,155.2,4.59,19.9,1,0,0,0,4.2,0
S01856,56.5,144.2,8.78,31.9,0,0,0,0,5.5,0
S01857,52.3,147.1,5.23,26.6,0,1,0,0,3.5,0
S01858,73.0,117.0,6.89,25.9,0,0,0,0,2.8,0
S01859,66.3,133.7,8.66,30.1,1,0,0,0,0.3,0
S01860,69.9,130.1,4.03,27.5,1,0,0,0,1.7,0
S01861,87.0,151.7,4.29,22.1,0,0,0,0,2.6,0
S01862,57.3,133.2,5.9,29.1,0,0,1,0,0.3,0
S01863,40.3,99.3,9.51,33.8,0,0,1,0,5.3,0
S01864,84.5,119.0,3.36,25.3,1,0,0,0,4.9,0
S01865,60.5,124.8,5.43,21.7,0,1,0,0,3.2,0
S01866,63.0,150.9,7.89,29.1,0,0,0,1,6.3,1
S01867,70.0,158.5,7.26,28.4,1,0,0,0,6.5,0
S01868,67.4,141.6,5.87,28.4,0,0,0,0,5.2,0
S01869,46.6,168.8,6.24,30.7,0,0,0,0,1.7,0
S01870,49.3,154.6,8.37,26.5,1,0,0,1,4.0,0
S01871,48.8,129.6,4.48,21.8,0,0,0,0,2.0,0
S01872,52.5,135.4,3.73,31.4,1,0,1,0,6.6,0
S01873,61.3,113.8,6.91,19.5,0,0,0,0,6.3,0
S01874,67.4,173.9,5.56,35.1,1,0,0,0,2.7,0
S01875,68.0,98.4,5.69,28.3,1,0,0,0,5.1,0
S01876,49.4,124.3,6.87,27.1,0,0,0,0,3.5,0
S01877,59.9,149.0,8.71,27.1,1,0,1,0,3.8,0
S01878,52.4,122.0,7.95,20.3,0,0,1,0,5.4,0
S01879,55.3,128.8,5.57,27.4,1,0,1,0,2.0,0
S01880,68.7,118.6,5.15,27.9,0,1,1,0,2.8,0
S01881,62.2,136.9,5.04,15.0,0,0,0,0,0.2,1
S01882,49.7,119.6,5.82,28.9,1,0,0,0,7.5,0
S01883,66.2,153.9,5.55,29.5,0,0,1,0,4.7,0
S01884,65.8,129.7,7.0,34.3,0,0,0,0,2.5,0
S01885,65.4,162.8,3.79,34.9,1,0,0,0,1.5,0
S01886,60.5,142.3,3.0,21.4,1,0,1,0,4.2,0
S01887,61.5,141.8,9.89,15.0,0,0,0,0,7.7,0
S01888,72.2,150.1,9.45,30.0,0,0,1,0,2.0,0
S01889,57.6,159.2,5.78,24.4,1,0,0,0,0.3,0
S01890,65.6,128.6,7.77,25.9,0,0,0,0,3.5,0
S01891,53.6,125.2,4.47,20.0,0,0,1,0,2.5,0
S01892,69.5,96.5,6.48,29.9,0,0,0,0,0.7,0
S01893,77.2,133.8,8.14,29.8,0,0,0,0,3.4,1
S01894,59.7,131.4,4.21,24.0,0,0,0,0,3.6,0
S01895,63.6,133.3,7.5,26.9,1,0,0,0,8.7,1
S01896,64.0,133.7,5.46,20.7,0,0,0,0,4.6,0
S01897,59.4,174.2,5.41,31.5,0,0,0,0,7.1,0
S01898,79.2,110.3,6.74,26.7,0,1,0,0,0.5,0
S01899,63.1,106.0,7.44,23.9,1,0,0,0,1.7,0
S01900,47.0,114.0,8.74,25.1,0,0,1,0,0.4,0
S01901,72.5,126.0,4.69,23.7,1,0,1,0,2.6,0
S01902,54.8,142.7,7.99,19.5,1,0,0,0,2.6,0
S01903,71.9,125.7,9.22,32.5,0,0,1,0,0.7,0
S01904,36.9,128.2,7.61,27.7,1,0,0,1,0.3,0
S01905,73.7,96.4,6.57,24.1,1,0,0,0,5.4,0
S01906,49.6,142.1,6.93,26.6,0,0,0,0,1.5,0
S01907,57.0,117.1,5.1,22.7,0,0,1,1,1.6,0
S01908,63.5,159.8,6.28,20.3,1,0,0,0,6.3,0
S01909,67.0,142.6,5.58,36.1,0,0,1,0,6.4,0
S01910,48.4,121.4,8.18,23.5,0,0,0,0,7.4,0
S01911,67.9,124.1,7.15,25.5,0,0,0,0,3.3,0
S01912,69.7,119.8,5.26,21.3,1,0,1,1,8.2,0
S01913,60.6,144.3,8.74,31.0,0,0,0,0,1.9,0
S01914,61.4,154.7,4.51,29.4,1,0,1,0,4.5,0
S01915,74.3,145.7,7.32,21.3,1,0,0,0,6.9,0
S01916,54.7,132.8,6.51,24.9,0,0,0,0,3.4,0
S01917,67.6,143.2,7.01,27.8,0,0,0,0,1.4,0
S01918,63.3,124.0,6.63,23.1,1,0,0,1,8.8,0
S01919,60.3,131.7,6.03,26.7,0,0,1,0,1.4,0
S01920,53.2,131.4,5.15,24.8,0,0,0,0,7.6,0
S01921,48.1,167.9,6.53,27.5,1,0,0,0,4.5,0
S01922,66.6,136.2,3.28,29.7,0,0,0,0,2.4,0
S01923,68.2,156.7,6.64,25.7,0,0,1,0,1.2,0
S01924,70.3,150.7,5.84,22.5,0,0,0,0,1.4,0
S01925,59.3,111.5,4.01,17.7,0,0,0,0,17.9,0
S01926,63.8,156.8,6.8,23.2,0,0,0,0,2.1,0
S01927,62.3,124.8,6.82,27.2,0,0,0,0,3.1,0
S01928,65.5,125.5,7.01,29.7,0,0,0,1,6.0,0
S01929,59.4,122.0,10.2,28.4,0,0,1,1,3.3,0
S01930,75.6,144.0,7.54,21.8,1,0,0,1,6.2,0
S01931,56.0,136.3,5.54,30.3,1,0,0,0,5.2,0
S01932,46.7,145.2,7.42,28.7,0,0,0,0,2.8,0
S01933,60.1,185.8,7.02,22.3,1,0,0,0,4.0,0
S01934,57.3,117.3,4.06,27.1,0,0,0,0,0.7,0
S01935,84.0,112.3,3.0,34.6,1,0,0,0,0.5,0
S01936,54.4,138.3,8.65,29.0,1,0,1,0,2.1,0
S01937,49.6,148.1,7.0,23.3,0,0,0,0,4.9,0
S01938,74.6,119.4,6.71,34.9,0,0,0,0,1.1,0
S01939,82.2,148.0,3.96,26.0,0,0,0,0,3.2,0
S01940,85.6,117.7,7.03,27.3,1,1,0,1,5.6,0
S01941,53.7,137.7,5.95,21.0,0,0,0,1,4.5,0
S01942,51.9,158.5,5.5,22.1,1,0,0,0,5.3,0
S01943,92.6,166.8,9.51,23.1,1,0,0,0,7.0,0
S01944,58.7,152.2,7.82,17.8,1,0,0,0,1.2,0
S01945,47.2,129.1,6.34,30.1,0,0,1,0,6.5,0
S01946,68.7,149.0,4.23,31.9,0,0,0,0,4.9,0
S01947,35.1,129.5,6.83,26.5,1,0,0,0,2.1,0
S01948,38.2,117.9,4.97,30.8,0,0,0,0,5.6,0
S01949,56.9,114.2,4.49,29.3,0,0,0,0,2.4,0
S01950,66.7,110.7,7.74,20.5,1,0,1,0,3.9,0
S01951,59.7,137.9,6.38,20.8,0,0,0,0,4.0,0
S01952,64.3,142.7,8.72,26.9,0,0,0,0,4.2,0
S01953,73.2,86.2,5.3,30.1,0,0,0,0,3.0,0
S01954,79.9,113.5,8.13,29.7,0,0,0,0,0.8,0
S01955,51.4,137.1,5.07,30.8,0,0,0,0,3.6,0
S01956,52.3,145.9,6.8,30.6,0,0,0,0,7.0,0
S01957,64.0,124.5,6.69,30.8,0,1,0,0,1.3,0
S01958,55.3,153.1,5.57,21.8,1,0,0,0,5.6,0
S01959,51.5,138.9,6.5,26.2,0,0,0,0,5.8,0
S01960,58.3,135.6,6.81,23.9,1,1,0,0,1.1,0
S01961,48.2,160.1,6.27,29.3,0,0,0,0,4.2,0
S01962,62.4,137.1,5.79,30.0,0,0,0,0,1.4,0
S01963,69.8,113.5,9.21,21.2,1,0,0,0,3.8,0
S01964,58.9,100.0,6.35,27.1,0,0,0,0,2.6,0
S01965,54.1,127.3,6.65,27.7,0,0,0,0,2.5,0
S01966,45.6,148.7,8.53,27.3,0,0,0,0,3.2,0
S01967,51.0,145.2,9.03,18.0,1,0,0,0,8.9,0
S01968,50.3,142.3,10.59,30.5,0,0,0,0,5.4,0
S01969,79.3,142.8,8.05,27.8,0,1,0,0,4.6,0
S01970,84.5,127.6,8.73,25.2,1,0,1,0,6.4,0
S01971,57.0,126.4,7.13,28.7,1,0,0,1,0.7,0
S01972,64.4,140.4,5.67,22.4,0,0,1,0,3.9,0
S01973,86.2,150.0,3.3,30.3,0,0,0,0,11.1,0
S01974,51.1,154.2,5.09,33.4,0,0,0,1,2.0,0
S01975,86.7,125.0,6.27,28.1,0,0,0,0,1.3,0
S01976,56.1,99.9,5.48,20.7,0,0,0,0,3.1,0
S01977,52.2,108.3,5.28,19.2,0,0,0,0,3.1,0
S01978,87.5,151.2,6.09,25.5,0,0,0,0,4.9,0
S01979,56.0,153.6,6.19,21.9,1,0,0,0,7.3,0
S01980,66.0,151.7,9.22,25.9,1,0,0,0,2.4,0
S01981,72.4,146.5,6.52,19.5,1,0,0,0,7.7,0
S01982,62.4,136.1,9.5,27.1,0,0,0,0,2.7,0
S01983,50.6,131.5,8.86,23.6,0,0,1,0,4.2,0
S01984,56.6,126.6,5.95,26.7,0,0,0,0,2.6,0
S01985,71.0,135.6,8.24,27.0,0,0,0,0,6.6,0
S01986,79.2,111.5,5.37,24.0,1,0,1,0,5.0,0
S01987,69.7,130.5,9.95,33.8,0,0,0,0,5.1,0
S01988,43.9,140.4,6.45,31.2,0,0,0,0,3.6,0
S01989,67.9,159.5,5.71,22.4,1,0,1,0,2.6,0
S01990,55.4,136.4,3.58,27.8,0,0,0,0,8.8,0
S01991,77.4,123.7,5.2,28.8,1,0,0,0,4.2,1
S01992,72.5,150.0,6.51,30.3,0,0,0,0,0.6,0
S01993,55.8,119.8,7.26,24.8,0,0,0,0,12.5,0
S01994,50.3,165.3,6.46,26.7,1,0,0,0,3.8,0
S01995,54.9,126.1,5.79,28.3,0,0,0,1,1.0,0
S01996,63.9,136.6,3.0,24.9,0,0,0,1,2.5,0
S01997,69.3,136.9,5.34,24.7,0,0,0,0,4.6,0
S01998,52.1,144.6,11.77,26.2,0,0,0,0,1.7,0
S01999,61.3,107.3,4.34,29.6,0,0,0,0,9.2,0
S02000,78.6,150.6,6.15,30.8,0,0,0,0,6.5,0
S02001,78.1,127.5,4.76,27.8,1,0,1,0,2.0,0
S02002,53.6,116.8,7.68,26.8,0,0,0,0,2.0,0
S02003,81.0,122.7,6.03,32.0,0,0,1,0,2.2,0
S02004,75.0,131.1,6.67,24.8,0,0,0,0,1.7,0
S02005,65.7,142.3,4.78,31.9,0,0,0,0,4.4,0
S02006,71.8,124.1,7.34,20.6,1,0,1,0,7.4,0
S02007,51.5,153.5,4.63,29.0,0,0,0,0,2.5,0
S02008,64.0,148.4,5.93,28.2,0,1,0,0,6.9,0
S02009,66.7,162.5,4.8,22.7,0,0,0,0,0.8,0
S02010,69.2,118.8,5.48,24.0,0,0,0,0,5.6,0
S02011,51.5,127.4,6.55,33.3,1,1,0,0,4.0,0
S02012,75.5,136.6,6.13,25.4,0,0,1,0,3.7,0
S02013,62.4,144.6,5.06,27.1,0,0,0,0,6.8,0
S02014,49.7,155.8,9.8,26.2,0,0,1,0,0.4,0
S02015,81.4,157.8,8.25,33.6,0,0,0,0,1.1,0
S02016,78.4,139.2,10.97,28.9,0,0,0,0,3.7,0
S02017,62.6,182.0,7.97,23.1,1,0,0,0,11.3,0
S02018,54.8,148.2,7.4,27.1,0,0,0,0,8.2,0
S02019,65.9,144.9,8.14,36.4,0,0,1,0,5.1,0
S02020,48.0,125.0,8.66,30.2,0,0,0,0,1.6,0
S02021,37.9,103.9,6.04,27.3,0,0,1,0,4.9,0
S02022,83.2,137.6,6.27,25.6,0,0,1,1,8.4,0
S02023,93.9,135.3,9.84,27.4,0,1,1,0,4.9,0
S02024,69.4,144.3,8.4,23.0,0,1,0,0,2.8,0
S02025,65.6,136.9,5.37,19.9,0,0,0,0,2.9,0
S02026,53.2,143.3,5.92,22.3,0,0,0,0,9.7,0
S02027,47.6,117.7,6.67,34.7,1,0,1,1,4.9,0
S02028,49.5,127.0,8.11,25.2,0,0,1,0,5.7,0
S02029,69.8,126.5,6.37,26.7,1,0,0,0,1.4,0
S02030,60.6,154.4,5.66,26.6,0,0,1,1,2.8,0
S02031,60.2,155.7,6.55,32.1,1,0,0,0,5.0,0
S02032,70.3,148.9,8.12,27.2,0,0,0,0,1.9,0
S02033,57.6,170.2,5.33,22.7,1,0,0,0,4.5,0
S02034,72.8,138.0,5.95,28.6,0,0,0,0,0.9,0
S02035,30.9,113.4,4.8,23.3,0,0,0,0,1.7,0
S02036,60.2,128.1,5.56,31.1,0,0,0,0,3.5,0
S02037,73.1,163.6,4.33,28.6,1,0,0,0,2.5,0
S02038,82.3,125.2,5.33,22.7,0,0,1,0,7.6,0
S02039,68.9,161.4,6.55,27.0,0,0,0,0,10.3,0
S02040,72.5,106.4,3.0,23.6,0,0,0,0,2.6,0
S02041,32.2,135.6,11.44,30.4,1,0,1,1,9.0,0
S02042,66.9,153.6,6.08,26.4,0,0,0,0,3.2,0
S02043,61.8,133.1,5.25,20.3,0,1,0,0,6.7,0
S02044,48.5,136.9,4.85,23.2,1,0,1,0,6.2,0
S02045,61.4,119.5,7.03,21.4,1,0,0,0,2.2,0
S02046,61.6,138.5,6.39,23.0,0,0,0,0,11.1,0
S02047,56.9,129.3,5.53,24.2,0,0,0,0,5.8,1
S02048,67.9,126.5,3.87,22.1,0,0,0,0,9.6,0
S02049,77.4,109.0,5.71,27.8,0,1,1,0,4.8,0
S02050,69.3,168.2,5.96,23.8,0,0,1,0,8.9,0
S02051,68.7,163.1,3.28,27.4,1,0,0,0,6.2,0
S02052,50.5,148.3,8.65,24.6,0,0,1,1,6.8,0
S02053,66.2,132.8,8.61,30.1,0,0,0,0,9.5,0
S02054,63.1,150.0,6.36,33.9,0,0,0,0,3.4,0
S02055,65.5,116.7,5.67,25.9,0,0,0,0,2.9,0
S02056,74.2,156.4,5.34,29.2,0,0,0,0,6.9,0
S02057,63.2,121.1,4.72,26.1,0,0,0,0,2.0,0
S02058,50.4,110.7,5.98,20.7,1,0,0,0,1.0,0
S02059,69.1,178.6,7.06,24.0,1,0,0,0,5.6,0
S02060,53.6,128.6,6.22,28.5,0,0,0,0,4.6,0
S02061,58.3,110.6,3.45,24.5,0,0,0,0,4.0,0
S02062,57.4,152.6,6.68,22.3,1,0,0,0,1.0,0
S02063,60.9,163.5,6.55,20.1,0,0,0,0,2.9,0
S02064,31.8,152.6,5.38,25.6,0,0,1,1,5.2,0
S02065,50.4,133.8,6.68,26.9,1,0,1,0,7.8,0
S02066,60.0,99.5,3.88,27.9,0,0,0,0,5.3,0
S02067,60.2,136.8,9.03,23.7,0,0,0,0,5.3,0
S02068,58.0,119.0,4.65,39.0,0,1,1,0,2.1,0
S02069,61.9,130.6,7.85,33.9,0,0,0,0,8.0,0
S02070,64.3,126.9,9.38,24.7,1,0,0,0,2.2,0
S02071,48.9,149.7,7.18,22.9,1,0,1,0,2.8,0
S02072,77.9,90.3,8.8,32.6,0,0,1,0,1.6,0
S02073,58.3,139.6,4.98,34.2,1,0,0,0,0.7,0
S02074,61.9,138.6,5.85,36.6,0,0,0,0,3.7,0
S02075,58.2,148.5,7.15,26.6,0,0,0,0,4.3,0
S02076,45.0,124.3,9.67,25.6,0,1,0,0,3.6,0
S02077,45.2,125.9,7.71,24.3,1,0,0,0,9.8,1
S02078,58.3,118.1,4.37,28.1,0,0,0,0,1.1,0
S02079,78.6,108.2,5.51,28.3,1,1,0,1,7.5,0
S02080,48.5,113.4,3.68,23.4,0,1,1,0,4.6,0
S02081,63.6,132.5,5.91,28.0,0,0,0,0,6.3,0
S02082,47.6,130.0,4.86,25.0,0,0,0,0,3.1,0
S02083,61.3,122.4,5.94,21.8,1,0,0,0,2.2,0
S02084,48.5,136.8,6.09,20.5,1,0,0,0,6.4,0
S02085,45.9,158.9,7.11,33.7,0,0,0,0,4.9,0
S02086,46.5,107.5,5.49,24.4,0,0,0,0,2.9,0
S02087,51.3,173.5,6.4,35.6,0,0,0,0,2.6,0
S02088,59.1,140.0,7.9,26.1,1,0,0,0,1.5,0
S02089,55.4,129.3,3.0,24.3,0,0,1,0,4.7,0
S02090,50.7,116.1,7.55,31.9,0,0,0,0,1.6,0
S02091,65.7,126.4,4.35,21.4,1,0,0,0,4.1,0
S02092,65.5,146.2,3.89,28.3,0,0,0,0,7.6,0
S02093,58.5,144.6,6.68,29.6,1,0,0,0,3.3,0
S02094,68.0,96.2,6.14,24.5,1,0,0,0,1.0,0
S02095,59.0,148.9,3.85,27.0,0,0,0,0,0.7,0
S02096,46.4,114.8,7.98,23.0,0,0,1,0,6.0,0
S02097,73.6,156.7,5.5,39.7,0,0,0,0,3.3,0
S02098,57.0,149.1,5.92,26.7,1,0,0,0,6.0,0
S02099,55.6,117.0,4.5,28.4,1,0,1,0,10.7,0
S02100,83.8,137.2,8.07,25.0,0,0,0,0,5.4,0
S02101,43.1,116.6,6.61,29.4,0,0,0,0,5.4,0
S02102,49.8,107.5,7.0,37.2,1,1,0,0,5.2,0
S02103,51.1,128.9,9.22,26.9,0,0,1,0,1.6,0
S02104,73.6,127.1,7.17,33.7,1,0,0,0,4.3,0
S02105,69.9,146.1,6.3,27.6,1,1,0,0,3.4,0
S02106,69.0,105.9,4.21,27.8,1,0,0,0,3.4,0
S02107,52.5,152.0,4.1,26.5,0,0,0,0,7.7,0
S02108,53.3,133.9,7.5,17.7,0,0,0,0,0.7,0
S02109,48.2,144.5,5.51,25.4,0,0,0,0,6.2,0
S02110,70.2,126.4,8.17,29.2,0,0,0,0,2.8,0
S02111,49.8,116.1,5.51,29.9,0,0,0,0,6.2,0
S02112,53.7,144.3,7.12,31.0,0,1,1,1,7.3,1
S02113,43.0,152.1,5.61,25.2,1,0,0,0,6.2,0
S02114,66.5,121.8,6.3,30.7,0,0,0,0,4.9,0
S02115,57.3,136.3,5.99,18.2,1,0,1,0,1.7,0
S02116,79.0,129.2,9.99,26.2,1,1,0,0,6.6,0
S02117,67.0,132.5,6.5,23.1,1,0,0,0,6.0,0
S02118,50.5,117.2,7.74,26.1,1,0,0,0,1.0,0
S02119,41.7,132.3,5.95,29.7,0,0,0,0,2.6,0
S02120,44.7,100.2,7.54,24.9,0,0,0,0,3.9,0
S02121,61.6,147.4,5.77,15.2,0,1,0,0,0.7,0
S02122,55.7,141.1,7.78,25.2,1,0,0,0,3.1,0
S02123,55.4,135.6,6.21,32.2,1,1,0,0,5.2,0
S02124,61.9,128.0,5.98,21.0,1,0,0,0,2.5,0
S02125,42.6,137.0,6.18,22.8,1,1,0,0,4.0,0
S02126,42.6,122.7,6.39,34.5,0,0,1,0,9.8,0
S02127,52.1,104.7,5.19,21.1,0,0,0,0,2.2,1
S02128,53.6,119.5,5.82,20.4,1,0,0,0,1.6,0
S02129,42.6,96.5,5.94,22.0,0,0,0,0,2.4,0
S02130,74.5,142.2,8.68,27.3,1,0,0,0,7.4,0
S02131,54.7,155.3,3.97,24.6,0,1,0,0,1.3,0
S02132,39.8,132.3,8.79,24.2,0,0,0,0,3.5,0
S02133,61.9,143.1,6.07,36.0,0,0,0,0,2.4,0
S02134,69.7,122.7,5.5,28.4,1,1,1,0,5.9,0
S02135,88.8,147.4,6.24,25.4,1,0,0,0,2.2,0
S02136,54.7,143.9,5.9,21.7,1,0,0,0,0.9,0
S02137,61.8,139.9,3.04,22.0,0,0,0,0,5.2,0
S02138,48.0,128.1,6.53,28.1,0,0,0,0,18.9,0
S02139,49.5,122.5,7.28,36.0,0,0,0,0,5.0,0
S02140,32.3,146.0,3.98,29.2,0,0,0,0,2.6,0
S02141,55.2,142.8,8.11,21.0,1,0,0,0,5.7,0
S02142,62.4,125.4,8.0,24.5,0,0,0,0,5.6,0
S02143,40.4,105.6,7.47,19.5,1,0,0,0,4.8,0
S02144,70.6,154.0,9.45,25.0,0,0,0,0,5.9,0
S02145,95.0,157.4,6.64,28.8,0,0,1,0,8.9,0
S02146,36.5,133.9,7.51,26.1,1,1,0,0,0.2,0
S02147,61.8,156.4,7.6,23.9,0,0,1,0,1.5,0
S02148,53.3,138.5,6.3,25.3,0,0,1,0,0.8,0
S02149,58.8,134.8,4.03,21.0,1,0,1,0,4.6,0
S02150,57.0,137.3,7.54,24.4,0,0,1,0,2.7,0
S02151,81.0,112.8,6.72,37.6,1,0,0,0,4.3,0
S02152,64.6,160.7,6.51,20.5,0,0,1,0,1.9,0
S02153,64.9,158.9,6.49,26.8,1,0,0,0,10.7,0
S02154,78.7,125.7,5.02,25.2,0,0,0,0,13.0,0
S02155,58.7,169.1,5.62,25.4,0,0,0,0,3.0,0
S02156,81.4,121.1,6.77,22.1,0,0,0,0,6.9,0
S02157,50.4,118.5,6.47,30.1,0,0,0,0,3.6,0
S02158,51.5,134.1,4.66,24.7,0,0,0,0,4.7,0
S02159,63.6,149.4,7.28,22.1,1,0,1,0,6.4,0
S02160,58.3,158.1,8.2,25.5,1,0,0,0,2.0,0
S02161,59.2,142.9,7.02,38.4,0,0,1,0,1.9,0
S02162,56.1,126.1,6.96,30.1,0,1,0,0,3.3,0
S02163,38.3,152.8,6.95,28.0,0,0,0,0,3.6,0
S02164,67.3,112.1,6.53,33.3,0,0,0,0,2.8,0
S02165,56.3,124.8,10.55,26.0,0,0,0,0,2.8,0
S02166,63.8,139.4,6.93,31.9,0,0,0,0,3.9,0
S02167,55.9,123.8,9.05,31.1,1,0,0,0,1.6,0
S02168,63.2,122.3,6.45,35.7,0,0,1,0,6.2,1
S02169,40.4,124.1,5.81,29.8,0,0,0,0,6.0,0
S02170,52.2,142.1,3.0,19.3,0,0,0,0,1.8,0
S02171,54.0,165.2,6.29,29.8,1,0,0,0,4.5,0
S02172,59.4,117.5,4.14,22.5,1,0,1,0,2.2,0
S02173,73.5,127.9,7.25,18.8,0,0,1,0,5.0,0
S02174,67.2,107.2,3.25,25.3,1,1,0,0,1.8,0
S02175,78.8,167.6,4.36,23.8,1,0,1,0,4.4,0
S02176,78.6,118.5,7.44,23.0,0,0,0,0,6.9,0
S02177,58.5,130.8,5.51,34.7,1,1,0,0,0.7,0
S02178,75.1,118.4,4.69,26.3,0,0,0,0,9.9,0
S02179,67.9,132.2,6.52,27.0,0,1,0,0,1.6,0
S02180,39.0,132.1,7.63,27.7,0,0,0,0,3.9,0
S02181,57.9,158.1,6.68,24.4,0,0,0,0,2.7,0
S02182,77.8,114.8,6.42,23.1,0,0,1,0,14.5,0
S02183,82.3,134.2,7.1,18.0,1,0,0,0,0.5,0
S02184,57.6,147.9,3.94,22.4,0,0,0,0,1.3,0
S02185,52.0,144.4,5.08,24.8,1,0,0,0,7.3,0
S02186,66.4,132.1,7.58,27.1,0,0,0,0,10.7,0
S02187,60.5,158.1,6.34,29.7,0,0,0,0,1.8,0
S02188,56.9,132.8,4.94,23.5,0,0,0,0,0.9,0
S02189,63.9,167.4,4.35,23.5,1,1,0,0,5.8,0
S02190,40.6,164.3,8.01,28.0,1,0,0,0,7.4,0
S02191,68.0,152.7,9.36,30.8,0,0,0,0,6.8,0
S02192,72.9,151.8,3.77,23.6,0,0,0,0,3.4,0
S02193,58.4,114.0,6.86,22.7,0,0,0,0,5.3,0
S02194,50.1,133.7,3.7,21.8,0,0,1,0,4.6,0
S02195,63.1,151.8,6.44,24.3,0,0,0,0,0.6,0
S02196,67.0,133.0,9.27,25.2,1,0,0,0,3.5,0
S02197,55.8,144.9,7.41,31.5,0,0,0,0,1.7,0
S02198,63.5,141.1,7.29,22.0,0,0,0,0,1.0,0
S02199,46.3,100.8,6.86,23.6,0,0,0,0,3.7,0
S02200,34.1,142.0,7.51,26.2,0,0,0,0,3.3,0
S02201,67.9,99.2,3.8,31.6,1,1,0,1,1.3,0
S02202,61.9,118.6,3.0,28.8,1,0,0,0,2.4,0
S02203,64.0,144.7,7.51,27.3,0,0,0,0,1.7,0
S02204,34.3,129.9,4.18,27.2,1,0,1,0,3.3,0
S02205,52.0,111.1,6.35,25.1,1,0,0,0,3.6,0
S02206,66.9,164.4,5.89,22.2,0,0,0,0,1.6,0
S02207,41.0,133.9,4.52,24.8,0,0,0,0,5.2,0
S02208,51.9,151.7,7.82,19.1,0,0,1,0,2.6,0
S02209,42.0,134.2,6.7,25.5,1,0,0,0,8.5,0
S02210,67.0,145.7,9.99,33.0,0,0,0,0,2.2,0
S02211,62.1,135.7,5.89,25.7,1,0,0,0,0.6,0
S02212,73.4,144.9,7.88,22.8,0,0,0,0,2.9,0
S02213,37.1,141.5,5.96,26.9,1,0,1,0,1.4,0
S02214,56.5,157.5,6.2,19.2,0,0,1,1,2.8,0
S02215,49.5,143.0,5.44,27.8,0,0,1,0,2.0,0
S02216,80.8,152.6,6.91,34.2,0,0,0,0,7.7,0
S02217,61.1,119.5,6.28,23.6,0,0,1,0,1.0,0
S02218,58.0,116.3,5.48,22.7,0,0,1,0,3.7,0
S02219,55.1,148.2,5.15,22.6,1,0,0,0,2.1,0
S02220,48.1,141.6,6.69,29.6,0,0,0,0,0.6,0
S02221,47.5,159.2,5.24,15.3,1,0,0,0,6.7,0
S02222,54.0,132.4,6.67,29.2,1,0,0,0,0.7,0
S02223,63.1,142.8,6.54,27.1,0,1,1,0,2.2,0
S02224,48.2,141.5,5.28,32.0,1,0,0,0,1.3,0
S02225,75.8,119.9,7.21,30.5,0,0,1,0,3.0,0
S02226,62.8,128.2,6.86,28.0,0,0,1,0,4.9,0
S02227,60.1,109.1,7.59,23.8,0,0,1,1,12.8,0
S02228,69.3,130.7,6.42,24.8,0,0,0,0,6.9,0
S02229,59.6,126.5,7.07,23.2,0,0,1,0,8.6,0
S02230,46.3,143.8,6.57,27.0,0,0,1,1,7.2,0
S02231,86.1,154.5,9.75,26.3,1,0,0,0,2.5,0
S02232,23.4,131.9,3.0,24.7,1,0,0,1,7.6,0
S02233,59.4,90.8,4.3,31.5,0,1,0,0,2.8,0
S02234,67.3,108.8,4.91,26.2,0,1,0,0,2.1,0
S02235,62.7,111.8,4.02,25.4,1,0,1,0,2.4,0
S02236,45.9,150.1,5.73,25.3,0,0,0,0,7.1,0
S02237,53.7,123.3,7.09,29.4,1,0,1,0,1.8,0
S02238,52.4,144.2,5.61,28.5,1,0,0,0,4.2,0
S02239,56.8,134.7,4.97,28.1,1,0,0,0,10.8,0
S02240,55.5,137.7,4.7,38.8,0,0,0,0,8.3,0
S02241,68.9,119.4,10.42,26.4,0,0,1,1,4.3,0
S02242,55.6,114.2,8.03,28.8,0,0,0,0,1.1,0
S02243,47.6,168.6,6.51,30.3,1,0,0,0,3.5,0
S02244,65.6,124.9,6.8,26.4,0,0,1,0,6.6,0
S02245,66.8,130.0,4.83,27.7,1,0,0,0,11.7,0
S02246,77.2,163.6,3.12,25.3,0,0,0,1,6.1,1
S02247,43.6,161.6,6.03,25.5,1,0,0,0,6.7,0
S02248,53.9,131.0,4.19,30.7,0,0,1,0,1.0,0
S02249,47.7,138.1,9.63,21.6,0,0,0,0,4.0,0
S02250,59.6,130.3,5.7,28.8,0,0,0,0,3.1,0
S02251,51.2,140.8,9.52,24.4,0,0,0,1,5.1,0
S02252,70.1,163.4,6.54,25.1,1,0,1,0,5.4,0
S02253,60.1,136.6,4.29,22.1,0,0,0,0,5.7,0
S02254,53.7,149.0,7.88,25.9,0,0,1,0,7.0,0
S02255,67.3,145.8,6.45,26.3,0,0,0,0,2.6,0
S02256,60.8,147.7,5.97,34.3,0,0,0,0,1.7,0
S02257,67.9,150.8,7.63,25.3,0,0,0,0,3.2,0
S02258,87.0,145.5,7.51,34.0,0,0,0,0,4.5,0
S02259,51.9,142.3,6.06,27.9,0,0,0,0,5.3,0
S02260,53.5,132.8,7.88,33.9,0,0,0,0,3.3,0
S02261,47.8,115.4,5.9,27.8,0,0,0,1,0.5,0
S02262,69.4,141.1,8.14,32.5,0,0,0,0,3.3,0
S02263,66.1,140.6,5.41,28.0,0,0,0,0,1.9,0
S02264,62.0,149.4,3.53,19.1,1,0,1,0,2.7,0
S02265,66.6,111.4,6.21,25.4,1,0,0,0,7.6,0
S02266,50.1,161.7,5.51,24.0,1,0,0,0,2.3,0
S02267,70.8,143.7,7.12,25.0,1,0,1,0,3.5,0
S02268,57.8,116.9,6.93,24.0,0,0,1,0,5.2,0
S02269,69.1,116.5,5.09,22.3,0,0,0,0,3.5,0
S02270,54.2,150.3,8.54,29.9,0,0,0,0,0.1,0
S02271,63.1,154.8,6.48,19.2,1,0,0,0,1.8,0
S02272,52.2,138.7,4.39,30.1,1,0,0,0,5.7,0
S02273,69.5,150.6,7.72,26.0,0,0,0,0,4.1,0
S02274,66.1,147.6,6.61,28.7,0,0,0,0,4.0,0
S02275,60.5,179.8,6.75,27.6,1,0,0,0,2.3,0
S02276,65.2,142.4,7.04,23.4,0,0,0,0,2.6,0
S02277,56.8,131.9,6.55,26.6,0,1,0,0,14.1,0
S02278,52.4,134.8,6.41,32.3,0,0,0,1,3.8,0
S02279,77.2,135.1,3.87,25.4,1,0,0,0,3.4,0
S02280,72.0,135.2,5.09,30.7,0,0,0,0,13.4,1
S02281,70.9,143.7,7.5,27.4,1,0,0,0,1.3,1
S02282,62.9,141.3,3.99,24.7,1,0,1,0,0.7,0
S02283,70.4,148.6,4.36,27.8,0,0,0,0,4.3,0
S02284,91.7,134.7,5.96,23.4,1,1,0,0,4.1,0
S02285,34.6,119.3,7.38,28.3,0,0,0,0,3.7,0
S02286,68.3,158.0,8.39,28.8,0,0,0,0,3.5,0
S02287,73.2,124.6,5.11,27.5,1,0,0,0,2.8,0
S02288,54.7,147.2,5.2,15.2,1,1,0,1,8.5,0
S02289,60.7,137.0,6.92,26.2,1,0,1,0,2.3,0
S02290,62.5,161.7,6.16,26.5,0,0,0,1,3.0,0
S02291,79.4,169.4,8.42,31.1,0,0,1,0,1.6,0
S02292,55.7,120.4,5.25,23.5,1,0,1,0,4.5,0
S02293,58.7,137.0,6.5,26.6,1,0,0,0,5.4,0
S02294,77.2,115.5,6.68,25.4,1,0,0,0,3.3,0
S02295,63.9,128.9,4.42,26.6,1,0,1,0,1.7,0
S02296,50.5,155.9,7.97,33.3,0,0,1,0,4.3,0
S02297,46.3,136.8,6.21,24.8,0,0,1,0,1.0,0
S02298,85.5,108.5,5.15,20.8,0,0,0,0,3.7,0
S02299,65.9,129.0,4.69,30.0,0,0,0,1,2.4,0
S02300,70.9,142.7,3.38,22.3,0,0,0,0,3.0,0
S02301,61.3,118.4,4.25,28.8,0,0,0,0,3.6,0
S02302,63.6,124.7,4.84,25.2,0,0,0,0,1.8,0
S02303,43.6,160.0,7.31,20.7,0,0,0,0,3.9,0
S02304,76.2,85.0,8.92,32.6,0,0,0,0,4.7,0
S02305,45.2,131.3,9.33,27.6,0,0,0,1,2.8,0
S02306,45.5,122.5,6.01,27.6,0,0,0,0,3.3,0
S02307,49.3,136.5,7.56,30.5,0,0,0,0,5.7,0
S02308,69.0,113.3,6.45,24.7,0,0,0,0,7.1,0
S02309,56.4,142.2,5.55,23.2,1,0,0,1,7.2,0
S02310,80.4,153.6,8.19,29.9,1,0,0,0,1.0,0
S02311,45.8,110.0,4.48,28.8,0,0,0,0,8.2,0
S02312,75.0,128.8,5.17,24.6,0,0,1,0,3.5,0
S02313,58.7,110.9,6.75,15.1,1,0,1,0,1.6,0
S02314,51.7,163.2,4.75,23.9,1,0,1,0,0.3,0
S02315,61.5,164.0,6.83,21.3,0,0,1,0,0.4,0
S02316,68.9,161.8,4.52,28.1,0,0,1,0,3.0,0
S02317,56.0,138.0,5.13,28.5,1,0,0,0,0.9,0
S02318,73.6,100.5,5.71,34.3,0,0,0,0,2.0,0
S02319,64.9,144.2,9.3,32.2,0,0,1,0,5.2,0
S02320,64.8,134.9,4.17,27.0,0,1,0,0,2.1,0
S02321,46.8,133.6,8.16,18.3,0,0,0,0,3.0,0
S02322,54.2,118.2,5.06,18.4,0,0,0,0,6.5,0
S02323,45.3,122.6,7.15,29.9,0,0,1,0,2.0,0
S02324,56.2,153.7,6.24,27.3,0,0,0,0,3.5,0
S02325,69.2,111.9,6.33,26.1,0,0,1,0,0.7,0
S02326,75.3,135.4,4.38,32.1,0,0,0,0,2.3,0
S02327,44.3,135.9,10.75,22.9,1,0,0,0,3.3,0
S02328,39.3,149.6,7.19,35.9,1,0,0,0,1.7,0
S02329,65.1,136.9,5.66,33.1,1,0,0,0,5.1,0
S02330,58.1,148.6,7.87,31.1,0,0,0,0,1.4,0
S02331,48.1,135.8,8.48,28.3,0,0,0,0,1.5,0
S02332,70.3,112.0,7.41,31.8,0,0,0,0,7.2,0
S02333,52.2,149.9,7.7,30.2,0,0,1,0,1.1,0
S02334,52.3,117.5,8.02,30.1,0,0,0,0,2.8,0
S02335,57.1,145.5,7.12,31.9,1,0,0,0,0.5,0
S02336,57.6,147.2,8.86,21.1,0,0,1,0,5.3,0
S02337,78.2,149.8,7.05,24.8,1,0,1,0,4.1,0
S02338,62.2,133.1,9.15,20.0,1,0,0,0,3.1,0
S02339,68.6,116.3,4.32,26.8,0,1,0,0,6.3,0
S02340,53.0,126.9,4.18,25.0,1,0,1,0,0.1,0
S02341,44.1,154.9,5.25,24.7,0,0,0,0,3.5,0
S02342,79.6,140.0,4.81,27.8,0,0,0,0,1.3,0
S02343,82.8,143.4,5.47,28.2,1,1,0,0,1.9,0
S02344,54.5,104.9,5.36,31.3,1,0,0,0,3.0,1
S02345,44.2,136.9,3.0,27.2,1,0,0,0,5.2,0
S02346,41.9,165.2,3.97,25.7,1,0,0,0,1.7,0
S02347,51.7,108.3,3.16,31.8,0,0,0,0,5.5,0
S02348,38.3,134.9,6.45,25.0,0,1,0,0,2.4,0
S02349,79.1,140.4,4.92,24.2,1,0,1,1,4.5,1
S02350,39.8,132.8,8.29,20.9,0,0,1,0,1.5,0
S02351,67.3,159.9,5.12,27.2,0,0,0,0,11.8,0
S02352,58.3,116.3,7.15,22.8,0,0,0,0,9.8,0
S02353,43.9,138.6,7.97,20.6,1,0,0,0,3.8,0
S02354,56.7,111.9,6.02,27.2,1,0,0,1,0.8,0
S02355,71.8,141.5,4.92,34.2,0,0,0,0,4.5,0
S02356,50.9,119.1,3.1,33.6,0,0,0,0,0.4,0
S02357,64.9,141.1,3.0,22.6,1,0,0,0,1.0,0
S02358,42.9,98.5,6.46,24.9,0,0,0,0,1.1,0
S02359,55.0,132.8,6.92,32.2,0,0,0,0,3.4,0
S02360,55.1,114.3,8.76,19.2,0,0,1,0,0.2,0
S02361,57.8,156.1,8.01,20.2,0,0,1,0,0.9,0
S02362,81.5,151.3,4.68,25.8,0,0,0,0,2.2,0
S02363,52.7,117.8,5.62,18.8,1,0,0,0,1.5,0
S02364,51.7,85.0,5.44,29.6,0,0,1,0,4.7,0
S02365,56.3,184.3,8.3,25.3,1,0,0,0,3.3,0
S02366,50.6,133.0,6.29,26.4,1,0,0,0,2.5,0
S02367,64.3,125.9,5.0,24.0,1,0,1,1,14.0,0
S02368,78.7,145.1,8.52,26.9,0,1,0,0,0.2,0
S02369,95.0,138.3,7.04,31.3,1,1,0,0,5.2,0
S02370,74.4,170.3,6.54,29.5,0,0,0,0,3.2,0
S02371,54.7,136.4,8.34,29.7,0,0,0,0,1.4,0
S02372,82.9,140.9,7.05,25.9,0,0,0,0,3.7,0
S02373,39.6,124.8,6.53,23.1,0,0,1,0,1.9,0
S02374,89.4,124.1,4.51,28.9,0,0,0,0,3.1,0
S02375,50.1,147.0,6.53,28.7,0,0,0,0,2.5,0
S02376,55.5,169.9,6.16,30.2,1,1,1,0,2.4,0
S02377,53.0,166.7,5.5,25.6,1,0,0,1,0.5,0
S02378,69.0,137.8,7.11,30.6,1,0,0,1,2.0,0
S02379,52.2,130.0,4.35,19.9,0,0,1,0,1.6,0
S02380,65.2,159.3,11.13,27.9,0,1,0,0,0.8,0
S02381,67.1,150.6,4.43,28.6,0,0,1,0,4.5,0
S02382,58.5,126.8,4.31,16.7,1,0,1,0,4.6,0
S02383,65.5,139.9,5.17,24.1,0,1,0,0,7.1,0
S02384,56.9,137.4,7.47,28.0,0,0,0,0,4.8,0
S02385,88.1,124.7,6.59,26.2,1,1,1,0,1.0,0
S02386,73.3,148.8,4.13,32.2,0,0,0,0,5.8,0
S02387,65.7,149.9,8.2,29.7,1,0,0,0,5.3,0
S02388,45.0,106.3,5.82,18.2,1,0,0,0,1.0,0
S02389,66.3,141.9,7.39,29.9,0,0,1,0,2.2,0
S02390,47.7,146.6,7.67,24.2,1,0,1,0,4.8,0
S02391,51.4,140.7,6.38,29.5,1,0,0,1,3.7,0
S02392,78.3,135.0,3.74,22.3,0,1,0,0,4.1,0
S02393,61.6,147.0,4.27,21.8,0,0,1,0,2.7,0
S02394,47.2,121.4,9.42,28.2,0,0,0,0,3.0,0
S02395,74.1,131.6,5.78,29.6,0,1,0,0,3.4,0
S02396,87.8,139.3,8.04,30.4,0,0,0,0,6.5,0
S02397,43.6,128.4,5.7,23.4,1,0,0,0,6.2,0
S02398,54.2,139.0,10.8,32.6,0,0,0,0,6.6,0
S02399,58.1,139.1,3.0,21.0,0,0,0,0,1.9,0
S02400,67.7,172.7,5.14,21.9,1,0,1,0,0.1,0
S02401,54.8,109.5,3.0,21.8,0,0,0,0,7.4,0
S02402,52.3,109.9,4.44,29.4,0,0,0,0,3.8,0
S02403,51.0,138.5,8.67,17.2,0,0,1,0,5.3,0
S02404,70.7,114.0,5.16,21.0,1,0,0,0,3.1,0
S02405,52.5,146.7,7.44,30.2,1,0,1,0,1.3,0
S02406,67.3,121.8,7.93,30.7,1,0,0,0,1.3,0
S02407,48.0,170.2,7.2,25.0,0,0,0,1,5.2,0
S02408,59.6,156.4,9.14,22.8,1,0,1,0,3.6,0
S02409,41.6,135.9,3.66,33.5,0,0,0,1,1.8,0
S02410,48.9,156.6,7.37,23.3,0,0,0,1,1.8,0
S02411,60.5,143.3,6.47,29.8,0,0,0,0,1.5,0
S02412,60.3,118.7,8.58,26.5,0,0,0,0,1.7,0
S02413,54.4,137.3,9.41,27.8,1,0,0,0,5.3,1
S02414,76.3,143.7,6.02,24.4,0,0,0,0,1.7,0
S02415,76.9,138.6,7.4,25.3,0,0,1,0,1.5,0
S02416,58.6,151.0,9.72,31.4,0,0,0,0,6.7,0
S02417,46.9,96.5,5.78,31.6,0,0,0,0,6.2,0
S02418,50.0,107.8,7.01,30.6,0,0,0,0,4.7,0
S02419,52.2,150.1,5.46,30.8,0,0,1,0,3.4,0
S02420,61.1,127.1,6.08,33.1,1,0,1,0,7.1,0
S02421,65.6,134.1,4.49,25.8,0,1,1,0,3.4,0
S02422,74.3,125.4,7.27,21.6,0,0,1,0,5.3,0
S02423,68.4,164.4,7.19,31.1,0,0,0,0,0.7,0
S02424,78.6,128.7,3.0,31.1,0,0,1,0,3.9,0
S02425,58.1,147.9,7.23,25.5,1,0,0,0,3.9,0
S02426,40.0,103.4,6.55,25.4,1,1,1,0,9.8,0
S02427,54.5,115.5,5.91,18.4,1,0,1,0,3.1,1
S02428,68.0,135.6,7.79,26.4,0,0,0,0,5.8,0
S02429,79.2,105.9,6.65,23.1,0,0,1,0,6.0,0
S02430,60.9,160.6,5.68,27.6,0,0,1,0,2.2,0
S02431,72.5,136.2,7.84,24.1,0,1,0,0,3.5,0
S02432,64.5,126.4,6.84,26.4,1,0,0,0,3.2,0
S02433,85.9,148.7,9.08,26.9,0,0,0,0,3.0,0
S02434,27.8,144.4,4.37,24.8,0,0,0,0,2.8,0
S02435,50.6,147.6,3.0,22.5,0,0,0,0,2.2,0
S02436,57.7,121.1,7.73,23.0,0,0,1,1,0.9,0
S02437,69.0,132.6,3.8,27.6,1,1,0,0,4.9,0
S02438,58.8,128.3,4.63,23.7,0,0,0,0,4.5,0
S02439,52.2,134.8,7.12,25.0,0,0,0,0,5.7,0
S02440,58.9,107.4,9.39,24.6,0,0,0,1,6.6,0
S02441,64.3,135.5,6.73,29.5,0,0,0,0,1.1,0
S02442,56.1,101.8,6.51,28.5,0,0,0,0,0.7,0
S02443,42.1,127.1,6.85,22.2,0,0,0,0,9.0,0
S02444,53.2,122.4,7.4,34.3,0,0,0,0,4.1,0
S02445,49.2,156.6,5.3,32.2,0,0,0,0,3.2,0
S02446,70.3,156.1,9.14,27.8,0,0,0,0,6.1,0
S02447,51.9,118.8,6.53,20.7,0,0,1,0,3.4,0
S02448,63.2,92.3,7.27,32.6,0,0,0,0,1.7,0
S02449,63.6,148.7,4.33,28.8,0,1,1,0,0.9,0
S02450,54.5,114.5,7.98,18.2,0,1,0,0,1.2,0
S02451,64.0,116.0,6.37,29.7,1,0,0,0,1.4,0
S02452,65.0,127.5,5.64,32.7,0,1,0,0,11.7,0
S02453,87.9,137.7,7.37,24.5,0,0,0,1,2.3,0
S02454,49.9,134.6,8.46,27.1,0,0,0,0,4.1,0
S02455,60.6,138.6,3.56,23.3,0,0,0,0,1.2,0
S02456,70.2,147.8,4.4,32.8,0,0,0,0,11.1,0
S02457,55.0,108.8,5.96,25.6,0,0,0,0,3.1,0
S02458,53.4,148.7,5.71,21.2,0,0,0,0,6.9,0
S02459,57.2,132.7,5.74,25.2,1,0,0,0,5.5,0
S02460,73.0,133.4,4.32,25.6,0,1,1,0,1.2,0
S02461,95.0,131.1,7.8,30.8,0,0,0,0,5.2,0
S02462,50.4,142.7,6.93,23.4,0,1,1,0,4.5,0
S02463,36.0,179.1,3.16,29.9,0,0,0,0,0.9,0
S02464,65.9,143.2,5.65,25.1,0,1,0,0,5.9,0
S02465,47.6,139.4,3.18,37.7,0,1,0,0,8.4,0
S02466,42.0,152.8,5.84,28.7,1,0,0,0,1.5,0
S02467,46.2,144.0,8.03,22.8,1,1,0,0,2.7,0
S02468,33.9,160.0,3.88,27.4,0,0,0,0,3.0,0
S02469,81.9,118.8,5.6,16.7,1,0,1,0,1.9,0
S02470,79.8,115.8,7.81,31.0,0,0,0,0,5.7,0
S02471,75.6,125.0,6.05,28.2,1,0,0,0,7.1,0
S02472,72.3,114.9,5.45,21.2,0,0,1,0,3.9,0
S02473,63.9,115.7,6.37,15.5,1,0,0,0,7.4,0
S02474,53.2,123.2,6.16,26.7,1,0,0,0,12.2,0
S02475,46.0,153.4,7.25,27.2,0,0,0,0,0.9,0
S02476,65.5,141.5,5.82,27.8,1,0,1,0,5.2,0
S02477,87.5,140.8,8.91,32.1,1,0,1,1,2.7,0
S02478,84.4,185.1,4.66,31.2,1,0,1,0,3.4,0
S02479,58.3,86.7,8.61,23.9,0,0,1,0,9.6,0
S02480,73.9,125.5,7.3,25.1,0,0,0,1,14.9,0
S02481,59.0,135.0,5.56,33.5,1,0,1,0,2.6,0
S02482,74.7,125.3,6.11,18.3,1,0,0,0,7.9,0
S02483,58.3,110.4,6.06,21.2,0,0,1,0,3.8,0
S02484,48.0,151.9,4.26,19.6,0,0,1,0,5.7,0
S02485,43.2,126.3,7.09,30.1,0,0,0,0,4.2,0
S02486,65.5,146.8,5.86,26.6,0,0,0,0,3.2,0
S02487,68.2,147.7,6.02,24.5,1,0,0,0,4.9,0
S02488,59.4,148.1,8.31,17.9,1,0,0,0,3.2,0
S02489,44.6,124.9,3.85,26.4,1,0,0,0,4.4,0
S02490,44.2,103.6,3.0,23.5,1,0,1,0,7.0,0
S02491,47.2,108.4,7.37,24.5,0,0,0,0,1.7,0
S02492,78.1,155.3,5.96,17.1,0,0,0,0,0.9,0
S02493,32.7,123.6,7.59,27.1,0,0,1,0,4.9,0
S02494,55.0,116.5,3.0,23.0,0,0,0,0,5.4,0
S02495,54.1,140.5,6.41,20.5,0,0,1,0,3.3,0
S02496,58.7,127.1,8.01,23.0,1,0,0,0,11.2,0
S02497,47.0,106.0,4.77,27.3,0,0,0,1,2.0,0
S02498,71.0,102.4,5.32,36.5,0,1,0,0,0.2,0
S02499,61.4,153.7,5.18,28.2,1,0,0,0,5.7,0
S02500,54.2,117.8,3.0,29.0,1,0,1,0,0.8,0
S02501,57.9,127.9,5.99,27.8,0,0,0,0,0.5,0
S02502,57.7,133.2,5.2,22.0,0,0,0,0,1.8,0
S02503,61.4,149.3,5.39,30.4,1,0,1,0,2.7,0
S02504,50.5,118.9,6.56,17.4,1,0,0,0,1.7,0
S02505,38.8,123.9,8.27,31.8,0,0,1,0,5.3,0
S02506,51.0,134.2,4.6,23.9,0,0,0,0,3.5,0
S02507,66.8,108.9,8.95,26.4,1,0,1,0,3.8,0
S02508,53.1,140.5,6.25,25.5,0,0,0,0,1.9,0
S02509,47.4,113.9,5.84,26.3,1,0,0,1,4.1,0
S02510,74.7,139.8,6.85,31.3,0,1,0,0,2.7,0
S02511,44.8,111.4,5.78,28.6,0,0,0,0,0.8,0
S02512,72.4,127.3,6.69,25.5,0,0,0,0,4.3,0
S02513,32.3,156.6,6.12,27.6,1,0,0,0,3.8,0
S02514,66.5,122.1,6.07,25.1,1,0,0,0,4.4,0
S02515,87.9,144.4,6.32,28.2,0,0,0,0,12.0,0
S02516,73.8,119.5,6.35,17.9,0,0,1,0,7.0,0
S02517,53.0,141.7,3.0,22.5,1,0,1,0,1.1,0
S02518,60.8,134.8,5.89,34.0,0,1,1,0,4.0,0
S02519,67.3,136.7,7.37,30.3,0,1,0,0,1.5,0
S02520,69.9,146.0,6.25,25.0,0,0,0,0,3.0,0
S02521,62.5,121.1,6.07,28.8,1,0,0,0,11.4,0
S02522,32.7,115.8,7.05,17.3,0,0,0,0,13.0,0
S02523,65.9,145.6,5.44,21.5,0,0,0,0,5.6,0
S02524,61.0,155.9,8.87,22.9,0,0,1,0,6.0,0
S02525,51.2,131.5,10.32,26.8,0,0,1,0,8.2,0
S02526,58.0,162.3,6.0,23.8,0,0,0,1,6.0,0
S02527,50.2,146.8,6.12,33.0,0,0,1,0,2.2,0
S02528,87.5,177.4,6.45,22.8,1,0,0,0,1.2,0
S02529,49.5,123.4,5.35,31.1,1,0,0,0,2.4,0
S02530,80.9,155.7,8.99,28.4,0,0,1,0,3.5,0
S02531,95.0,138.0,8.13,33.4,0,0,0,0,3.2,0
S02532,61.7,85.0,6.89,32.2,0,0,0,0,10.0,0
S02533,75.7,127.5,6.2,28.4,1,0,0,0,2.1,0
S02534,46.4,122.2,6.39,27.3,0,1,0,0,0.7,0
S02535,88.2,153.2,11.86,32.9,1,0,0,0,5.0,0
S02536,58.3,90.6,5.89,24.0,0,0,0,0,2.2,0
S02537,64.7,132.8,9.95,27.7,0,0,1,0,0.8,0
S02538,65.2,131.5,9.28,30.5,0,0,1,0,3.0,0
S02539,39.3,140.4,4.33,35.0,0,0,0,0,4.7,0
S02540,54.3,133.8,8.42,27.3,0,1,0,0,5.3,0
S02541,75.7,139.1,4.99,30.6,0,0,0,0,6.1,0
S02542,63.8,106.1,7.05,20.2,0,0,1,0,1.9,0
S02543,70.6,152.8,5.46,27.0,1,0,0,0,3.8,0
S02544,44.3,132.1,3.31,24.4,0,0,0,1,1.7,0
S02545,45.1,138.3,4.31,29.6,1,1,0,0,4.1,0
S02546,66.4,121.5,4.06,21.0,0,0,0,0,6.0,0
S02547,61.7,132.1,7.93,28.4,0,0,1,0,0.3,0
S02548,56.7,148.8,4.68,30.4,1,0,0,0,1.2,0
S02549,58.2,130.8,9.33,34.2,0,0,0,0,0.1,0
S02550,51.8,133.4,4.36,31.9,0,0,0,0,1.4,0
S02551,70.4,113.7,6.64,25.0,0,0,0,0,2.9,0
S02552,53.7,141.3,5.98,26.9,1,1,0,0,2.0,0
S02553,62.3,92.7,8.71,28.7,0,0,1,0,4.0,0
S02554,61.3,145.3,8.88,27.9,0,0,0,0,7.5,0
S02555,57.5,139.4,10.1,26.7,0,0,0,0,2.0,0
S02556,68.1,138.6,8.92,26.4,0,0,0,0,7.5,0
S02557,50.9,138.5,6.83,20.4,0,1,0,0,3.1,0
S02558,59.0,92.5,3.92,19.3,1,0,0,0,0.6,0
S02559,74.2,128.0,6.98,24.3,0,0,0,0,0.8,0
S02560,58.4,145.0,4.91,26.8,1,0,0,0,4.9,0
S02561,83.0,123.6,5.99,31.4,0,0,0,0,3.4,0
S02562,49.6,141.8,6.12,27.7,0,0,0,0,8.2,0
S02563,58.1,169.1,3.03,34.3,1,0,0,1,1.2,0
S02564,56.1,167.3,4.71,22.7,1,0,1,0,7.4,1
S02565,54.6,147.4,7.05,22.7,1,1,0,0,9.5,0
S02566,71.0,148.6,7.06,28.4,0,0,0,0,2.1,0
S02567,43.8,127.2,6.48,31.7,0,0,1,0,8.2,0
S02568,50.2,131.7,5.37,26.0,0,0,1,0,2.7,0
S02569,82.4,120.1,8.04,38.4,0,0,1,0,1.7,0
S02570,61.3,122.5,6.85,32.2,0,0,1,0,3.4,0
S02571,82.9,125.9,7.46,25.9,0,0,0,0,6.4,1
S02572,48.9,174.7,7.03,19.2,1,0,0,0,1.9,0
S02573,80.7,119.1,7.25,28.2,1,0,0,0,1.9,1
S02574,58.9,149.4,5.27,25.7,0,0,0,0,0.9,0
S02575,61.1,140.5,9.39,32.9,0,0,0,1,5.5,0
S02576,75.1,121.3,4.49,27.7,0,0,1,0,1.6,0
S02577,59.2,138.8,9.7,32.1,0,0,0,0,1.2,0
S02578,45.1,151.0,3.97,30.1,0,0,1,0,2.8,1
S02579,68.1,108.4,8.21,24.5,1,0,0,0,1.5,1
S02580,43.2,144.7,8.92,25.1,1,0,0,0,1.2,0
S02581,60.3,153.2,5.25,30.5,1,0,0,0,4.4,0
S02582,66.9,145.1,3.0,29.9,0,0,0,0,3.7,0
S02583,66.8,142.6,7.53,21.7,0,0,0,0,2.8,0
S02584,54.1,115.5,6.57,27.3,0,0,0,0,0.7,0
S02585,68.5,176.4,3.44,21.6,0,0,0,0,2.6,0
S02586,61.1,142.6,7.22,25.2,0,0,0,0,4.6,0
S02587,63.8,135.4,5.1,30.1,0,0,0,0,1.1,0
S02588,48.9,124.8,8.53,23.9,0,0,0,0,0.6,0
S02589,50.9,150.4,6.98,32.4,1,0,1,0,1.8,1
S02590,36.3,157.8,8.4,32.1,0,0,0,0,5.3,0
S02591,53.7,147.6,5.24,26.8,0,0,1,0,0.7,0
S02592,52.2,140.7,6.46,24.8,0,0,1,0,0.2,0
S02593,76.2,122.8,6.96,24.8,1,0,0,1,2.8,0
S02594,67.1,144.5,5.23,28.6,1,0,0,0,4.1,0
S02595,55.8,113.7,7.23,21.1,0,0,0,0,3.1,0
S02596,40.8,128.7,7.35,30.7,1,0,1,1,3.4,0
S02597,71.4,140.1,4.94,28.2,1,0,0,0,5.7,0
S02598,43.1,150.7,4.87,23.9,0,0,0,1,0.8,0
S02599,60.0,114.0,4.51,19.3,0,0,1,0,3.0,0
S02600,66.6,162.6,8.28,26.4,1,0,0,0,8.2,0
S02601,62.5,142.2,7.56,22.3,1,0,0,0,3.4,0
S02602,42.6,135.8,9.67,23.4,0,0,0,0,2.1,0
S02603,44.7,134.3,9.79,26.0,0,0,0,0,0.2,0
S02604,40.0,113.3,8.22,29.0,0,0,0,0,1.0,0
S02605,57.6,120.3,7.85,30.8,0,0,0,1,5.4,0
S02606,70.1,123.4,7.66,22.8,0,0,0,0,2.1,0
S02607,61.0,119.2,6.29,31.3,1,0,0,0,4.5,0
S02608,66.3,148.2,8.3,28.4,0,0,1,0,2.8,0
S02609,77.7,133.4,6.09,26.7,0,0,1,0,6.4,0
S02610,60.2,164.2,6.55,19.1,1,0,0,0,2.2,0
S02611,57.0,118.6,5.1,26.3,0,0,0,1,8.1,0
S02612,56.0,149.2,3.62,28.1,1,0,1,0,10.1,0
S02613,52.9,122.6,3.42,17.8,0,0,0,0,3.6,0
S02614,53.3,143.7,5.2,30.8,1,0,0,1,2.0,0
S02615,50.0,142.0,7.41,23.0,1,0,0,0,2.6,0
S02616,64.7,166.4,7.6,27.9,0,0,0,0,8.6,0
S02617,47.0,143.3,8.14,23.5,1,0,1,0,7.5,0
S02618,57.6,130.3,7.11,28.0,0,0,0,0,3.1,0
S02619,71.3,140.8,5.71,29.7,0,0,0,0,1.9,0
S02620,65.9,150.2,3.0,25.4,0,0,0,0,0.3,0
S02621,80.0,143.5,8.72,24.9,0,0,0,1,2.0,0
S02622,47.7,122.4,10.86,18.4,0,0,1,0,2.4,0
S02623,60.3,139.5,7.04,20.8,1,1,0,0,5.3,1
S02624,45.1,133.1,7.42,26.6,1,0,0,0,5.5,0
S02625,53.6,190.9,4.98,25.4,0,0,1,0,1.3,0
S02626,72.2,123.5,9.66,33.2,0,0,0,0,14.5,0
S02627,50.8,96.3,8.47,24.2,0,0,1,0,1.3,0
S02628,56.7,179.8,5.73,26.2,0,0,1,0,4.9,0
S02629,68.8,130.0,8.68,17.8,1,0,0,0,3.9,0
S02630,65.0,134.0,6.61,31.9,0,0,0,0,5.2,0
S02631,35.5,170.5,6.51,30.3,0,1,0,0,5.4,0
S02632,51.9,129.8,6.54,28.1,0,0,1,0,1.4,0
S02633,75.3,177.0,7.44,20.0,0,0,0,0,4.0,1
S02634,80.1,94.1,6.13,36.6,1,1,0,0,2.1,0
S02635,64.5,141.3,8.43,29.1,1,0,0,0,11.1,0
S02636,84.6,166.3,5.77,23.8,1,0,0,0,3.5,0
S02637,69.0,127.6,7.03,27.6,0,0,1,0,5.0,0
S02638,62.0,120.3,7.08,20.1,1,0,0,0,5.8,0
S02639,53.5,145.2,5.86,25.2,0,0,0,0,8.0,0
S02640,58.5,153.4,8.27,22.5,0,0,1,0,3.9,0
S02641,59.5,147.8,4.8,27.9,0,0,0,1,8.9,0
S02642,40.2,126.9,7.94,33.2,0,0,0,0,0.4,0
S02643,57.1,102.6,4.74,32.1,0,0,0,0,8.2,0
S02644,61.3,119.0,5.89,26.2,0,0,0,0,1.8,0
S02645,62.3,119.1,8.3,25.1,0,0,0,0,5.8,0
S02646,54.4,131.8,4.99,29.0,0,0,1,0,5.6,0
S02647,85.4,126.7,4.65,26.3,0,0,0,0,2.3,0
S02648,41.1,167.1,7.76,21.9,0,0,1,0,3.5,0
S02649,46.9,137.8,8.27,26.9,1,0,0,0,2.0,0
S02650,95.0,102.4,5.87,19.8,0,0,0,0,2.0,0
S02651,54.8,126.1,7.71,27.4,0,0,0,0,2.2,0
S02652,65.5,142.6,6.94,26.3,1,0,0,0,3.0,0
S02653,55.3,138.4,4.22,23.8,0,0,1,0,4.0,0
S02654,49.3,170.3,6.15,21.2,0,0,0,1,2.4,0
S02655,53.0,115.4,6.25,24.3,0,1,1,0,1.0,0
S02656,53.9,111.9,10.57,28.5,0,0,0,0,0.4,0
S02657,40.3,146.8,5.42,35.6,1,0,0,0,4.1,0
S02658,68.4,179.1,7.42,23.9,0,0,0,1,6.5,0
S02659,65.4,140.2,5.51,30.6,0,0,0,0,5.6,0
S02660,54.2,130.9,8.7,29.2,0,1,1,0,6.3,0
S02661,62.0,167.6,8.35,23.5,0,0,0,0,3.8,0
S02662,72.2,138.7,8.76,25.7,0,0,0,0,7.4,0
S02663,65.5,105.4,7.58,23.7,1,0,0,0,1.5,0
S02664,64.5,137.5,5.34,29.0,1,1,0,0,1.9,0
S02665,67.9,131.7,5.9,24.9,1,0,0,0,2.5,0
S02666,69.8,128.4,4.69,23.9,0,0,0,0,5.5,0
S02667,60.1,122.6,7.3,18.8,1,1,1,0,2.9,0
S02668,72.7,143.4,3.0,28.1,0,0,0,0,2.9,0
S02669,71.4,126.7,6.02,23.9,1,1,1,0,4.3,0
S02670,41.1,115.7,5.64,28.2,0,0,0,0,2.9,0
S02671,51.4,139.5,6.82,31.6,0,0,0,0,6.5,0
S02672,68.6,143.3,5.11,22.3,0,0,0,0,2.0,0
S02673,62.3,151.3,6.57,36.7,0,0,0,0,3.7,0
S02674,58.3,150.7,5.34,20.8,0,0,0,0,2.5,0
S02675,47.8,120.9,6.82,26.8,0,0,0,0,4.6,0
S02676,79.5,133.3,6.6,28.1,0,0,0,0,2.6,0
S02677,55.9,145.2,8.16,27.1,0,0,0,0,1.4,0
S02678,57.3,135.1,5.64,28.0,0,0,0,0,4.8,0
S02679,64.6,147.3,3.73,33.4,1,1,0,0,1.1,0
S02680,33.0,121.6,3.0,29.0,0,0,0,0,3.4,0
S02681,79.8,144.9,8.16,34.5,0,0,0,0,1.7,0
S02682,59.9,147.7,5.5,30.3,1,0,0,0,7.6,0
S02683,61.3,119.5,6.31,27.5,1,0,1,0,1.5,0
S02684,54.7,153.9,6.73,27.2,1,0,1,1,5.5,0
S02685,69.3,102.6,6.65,28.4,0,0,1,0,1.5,0
S02686,42.0,113.6,8.81,28.3,0,0,1,0,9.8,0
S02687,51.4,146.3,7.85,24.8,1,0,0,0,2.8,0
S02688,78.3,123.3,5.61,32.3,1,0,0,0,7.3,0
S02689,58.5,132.7,5.89,30.9,0,0,0,0,1.7,0
S02690,36.4,157.8,7.86,27.9,0,0,1,0,2.2,0
S02691,60.0,136.6,7.29,24.7,1,0,0,0,1.3,0
S02692,47.4,179.4,5.68,27.6,1,0,0,0,0.9,0
S02693,44.3,114.0,3.52,28.6,1,1,0,0,1.9,0
S02694,69.0,122.9,6.38,17.2,1,1,0,0,6.6,0
S02695,54.5,119.7,6.79,16.9,0,0,1,0,2.5,0
S02696,81.3,138.2,6.56,28.7,0,0,1,0,3.8,0
S02697,50.9,129.8,6.82,35.0,0,0,0,0,18.7,0
S02698,67.6,112.3,8.01,33.8,0,0,0,0,3.5,0
S02699,44.1,148.3,3.0,21.5,1,0,0,0,2.0,0
S02700,44.0,158.8,5.95,24.5,0,1,1,0,10.4,1
S02701,68.2,125.2,6.8,25.5,0,0,0,0,4.7,0
S02702,50.8,122.0,4.67,27.5,0,0,0,0,0.3,0
S02703,64.6,113.9,5.24,19.6,0,1,1,0,2.9,0
S02704,61.4,111.9,7.92,27.4,0,0,1,0,1.2,0
S02705,69.0,140.7,7.74,20.5,0,0,0,0,1.0,0
S02706,58.8,134.0,3.45,23.5,0,0,0,0,1.1,0
S02707,57.5,106.5,7.98,28.6,1,0,0,0,1.5,0
S02708,61.7,173.4,10.03,21.8,0,1,0,0,3.6,0
S02709,65.3,119.1,6.17,30.0,0,0,0,0,5.0,0
S02710,65.1,108.9,3.78,29.2,0,0,0,0,0.8,0
S02711,55.2,157.9,8.64,26.8,1,0,1,0,3.1,0
S02712,81.3,93.2,4.76,28.5,0,0,0,0,2.8,0
S02713,52.1,176.3,6.3,22.7,0,0,1,0,6.7,0
S02714,55.3,131.2,5.78,25.7,0,0,0,0,1.5,0
S02715,36.9,119.5,5.07,26.3,1,0,1,0,0.8,0
S02716,54.3,139.8,7.38,29.9,0,0,0,1,2.0,0
S02717,62.2,155.0,3.0,24.0,1,0,1,0,3.7,0
S02718,71.6,156.6,7.86,26.2,0,0,1,0,0.9,0
S02719,64.3,146.4,3.13,30.1,1,1,0,0,3.2,0
S02720,77.3,122.2,4.83,26.1,0,0,0,0,5.9,0
S02721,72.8,108.0,3.68,19.4,0,0,1,0,1.2,0
S02722,56.4,130.1,7.22,22.9,0,0,0,0,3.6,0
S02723,91.3,127.0,8.52,34.5,0,0,0,0,1.6,0
S02724,78.3,107.2,9.44,26.7,0,1,0,0,3.6,0
S02725,79.2,155.6,8.9,27.4,0,0,0,1,3.0,0
S02726,43.7,158.9,8.95,19.6,0,0,0,0,7.4,0
S02727,70.9,128.1,7.28,27.7,1,0,0,0,8.1,1
S02728,44.7,134.6,5.13,21.8,0,0,1,0,2.7,0
S02729,64.9,123.2,4.43,29.6,0,0,0,0,4.5,0
S02730,83.4,137.1,6.85,26.8,1,0,0,1,0.6,0
S02731,31.5,152.8,4.15,24.2,0,0,1,0,1.6,0
S02732,63.5,141.7,7.62,23.5,1,0,0,0,1.8,0
S02733,73.3,141.4,5.4,25.0,1,0,0,0,8.1,0
S02734,52.7,107.7,5.14,25.8,0,0,0,0,8.3,0
S02735,53.5,159.4,7.92,24.2,1,0,1,0,6.9,0
S02736,51.2,145.4,8.23,31.4,1,0,0,0,9.9,0
S02737,67.1,125.0,7.17,31.5,0,0,1,0,1.0,0
S02738,69.3,161.5,7.06,21.9,1,0,1,0,1.1,0
S02739,76.6,144.4,4.63,32.8,1,0,0,0,5.0,0
S02740,58.5,152.2,7.41,26.2,0,0,1,0,1.9,0
S02741,82.4,136.5,5.67,26.8,0,0,0,0,5.8,0
S02742,49.8,134.4,8.63,23.3,1,1,0,1,2.3,0
S02743,46.4,138.5,8.0,24.1,0,0,0,0,2.4,0
S02744,51.2,109.7,3.87,27.1,1,0,0,0,23.6,0
S02745,43.4,104.8,4.1,25.7,0,0,0,0,3.7,0
S02746,50.1,175.4,6.31,24.3,0,0,0,1,5.1,0
S02747,58.6,157.0,8.11,26.4,0,0,0,0,0.8,0
S02748,69.4,121.0,3.24,26.9,1,0,0,0,1.7,0
S02749,72.5,119.0,8.87,29.0,0,0,0,0,5.7,0
S02750,66.7,145.2,7.69,26.1,1,0,0,0,3.9,0
S02751,70.2,112.8,8.66,21.9,0,0,0,0,1.1,0
S02752,42.2,137.3,8.37,28.7,0,0,0,0,6.2,0
S02753,64.4,104.9,6.19,40.4,0,0,0,0,2.1,0
S02754,86.2,133.5,6.86,20.0,0,0,1,0,0.9,0
S02755,55.2,139.2,9.29,23.8,1,0,0,0,2.2,0
S02756,62.7,123.1,7.73,32.9,0,0,0,0,2.0,0
S02757,60.8,123.1,8.23,21.0,1,0,0,0,0.4,0
S02758,68.6,153.4,7.01,26.7,0,0,0,0,6.4,0
S02759,64.9,122.3,8.44,22.8,0,1,0,0,5.0,0
S02760,34.0,116.8,7.54,27.4,0,0,1,0,0.5,0
S02761,54.6,138.7,6.62,19.8,0,0,0,0,5.9,0
S02762,52.4,142.1,9.97,19.9,0,1,0,0,2.8,0
S02763,63.9,135.4,7.54,29.4,0,0,0,0,2.5,0
S02764,50.5,129.9,6.38,31.5,0,0,0,0,2.4,0
S02765,51.2,120.8,4.83,29.0,0,0,1,0,2.5,0
S02766,63.0,177.3,9.19,30.0,0,0,0,0,6.6,0
S02767,65.9,119.0,4.95,26.6,0,0,0,0,6.1,0
S02768,78.9,126.5,6.68,27.5,1,0,0,0,0.6,0
S02769,52.3,165.1,6.74,31.5,1,0,1,0,1.6,0
S02770,91.5,163.5,4.69,26.8,1,0,0,0,3.7,0
S02771,63.3,132.0,8.04,24.3,1,0,1,0,5.4,0
S02772,81.7,158.6,5.76,28.8,1,0,0,0,3.1,0
S02773,64.3,138.5,4.44,32.9,0,0,0,0,3.0,0
S02774,58.0,141.6,5.15,29.8,1,0,0,1,3.6,0
S02775,70.2,104.8,6.36,31.7,0,0,1,0,9.0,1
S02776,59.7,125.7,4.75,28.3,1,0,0,0,5.6,0
S02777,71.4,131.4,5.73,15.0,0,0,0,0,0.2,0
S02778,51.8,125.8,7.72,27.2,0,0,1,0,1.0,0
S02779,47.1,158.0,8.19,25.9,1,0,0,0,1.9,0
S02780,73.8,133.5,4.95,17.7,0,0,0,1,7.8,0
S02781,33.9,150.0,7.74,19.8,1,0,1,0,3.0,0
S02782,64.7,109.0,6.75,21.1,1,0,0,1,1.5,0
S02783,48.6,156.4,3.97,22.3,0,0,0,0,3.1,0
S02784,66.8,136.1,6.59,30.6,0,0,1,0,3.9,0
S02785,57.2,127.8,9.01,21.9,1,0,0,1,2.6,0
S02786,55.3,188.6,3.0,29.4,0,0,0,0,2.5,1
S02787,57.9,118.4,5.59,26.4,1,1,0,0,12.6,0
S02788,54.6,142.5,7.35,25.5,0,0,0,0,4.8,0
S02789,75.9,130.7,10.39,26.9,0,1,0,0,0.7,0
S02790,68.4,134.3,6.45,29.8,0,0,0,0,2.0,0
S02791,51.8,110.2,8.82,30.1,1,0,0,0,15.6,0
S02792,53.0,134.0,7.32,24.6,0,0,0,0,4.7,0
S02793,81.8,141.6,3.0,19.0,0,0,0,1,3.6,0
S02794,60.9,132.7,7.91,22.2,0,0,0,0,1.2,0
S02795,72.7,132.0,7.98,32.4,0,0,0,0,4.3,0
S02796,61.0,140.1,6.64,27.9,0,0,0,0,5.2,0
S02797,60.8,144.3,7.26,23.2,1,0,1,0,6.4,0
S02798,48.4,127.4,9.1,23.5,0,0,0,0,0.8,0
S02799,75.6,141.5,10.23,16.6,1,0,1,0,3.9,0
S02800,77.8,138.3,7.1,24.9,1,0,0,0,3.4,0
S02801,48.0,136.1,6.32,24.0,1,0,0,1,2.6,0
S02802,68.7,138.9,7.43,33.2,0,0,0,0,1.0,0
S02803,79.2,123.1,9.6,23.9,0,0,0,0,2.6,0
S02804,63.2,129.9,8.16,38.1,1,0,0,0,4.7,0
S02805,56.5,138.7,5.44,28.4,0,0,1,0,3.7,0
S02806,49.9,155.2,6.28,28.6,0,0,0,0,9.4,0
S02807,75.0,147.9,7.12,29.8,0,0,0,0,3.5,0
S02808,60.8,117.0,7.28,26.5,0,0,0,0,0.5,0
S02809,65.3,129.5,5.33,26.5,1,0,0,0,0.4,0
S02810,50.2,131.3,7.07,27.1,1,0,0,0,10.6,0
S02811,38.5,147.8,6.55,31.1,0,1,1,0,3.4,1
S02812,45.3,117.7,6.75,18.3,1,0,0,0,2.2,0
S02813,52.9,129.1,7.35,23.4,1,0,1,0,4.8,0
S02814,62.9,140.5,5.53,27.1,0,0,1,0,7.4,0
S02815,73.3,119.1,3.35,21.8,0,0,0,0,9.0,0
S02816,64.1,150.9,6.01,24.7,1,0,1,1,9.4,0
S02817,58.3,166.3,8.14,27.3,1,0,0,0,1.5,0
S02818,64.8,175.6,5.7,16.5,1,0,0,0,2.7,0
S02819,52.8,159.8,6.89,27.0,0,0,0,0,5.9,0
S02820,61.7,165.0,6.39,23.8,1,0,0,0,1.5,0
S02821,46.4,157.3,4.2,20.3,0,0,0,0,4.2,0
S02822,63.8,118.0,6.66,23.1,0,0,0,0,2.2,1
S02823,44.4,147.2,6.95,28.2,0,0,0,0,3.0,0
S02824,52.6,122.5,5.06,26.1,0,0,0,0,4.9,1
S02825,59.0,109.0,6.26,28.2,1,0,0,0,0.9,0
S02826,64.2,120.3,5.48,27.7,1,0,1,1,7.0,1
S02827,61.1,156.3,5.0,28.8,0,1,0,0,5.0,0
S02828,62.2,157.7,7.16,32.7,1,0,1,0,5.3,0
S02829,66.2,147.3,8.64,32.2,0,0,1,0,4.1,0
S02830,62.4,131.4,7.47,30.4,1,0,0,0,6.2,0
S02831,68.0,148.4,6.44,23.6,1,0,1,0,5.1,0
S02832,64.4,112.4,4.71,26.3,0,0,0,0,1.2,0
S02833,62.9,103.2,7.47,29.0,1,0,0,0,2.6,1
S02834,39.1,155.2,5.89,21.3,1,0,0,0,1.1,0
S02835,76.5,133.8,4.94,24.6,1,0,0,0,0.7,0
S02836,59.0,116.9,7.94,30.1,1,1,0,0,8.2,0
S02837,51.5,159.7,3.78,21.3,0,0,0,0,3.9,0
S02838,74.1,127.4,5.2,28.7,0,0,1,0,4.1,0
S02839,63.8,152.1,3.65,31.5,0,0,0,0,7.1,0
S02840,50.4,118.2,5.02,25.8,0,0,1,0,8.2,0
S02841,56.6,157.6,4.92,24.9,0,0,1,0,5.1,0
S02842,66.1,117.7,6.59,26.0,0,0,0,1,6.2,0
S02843,59.2,145.5,6.21,31.3,0,0,0,0,3.7,0
S02844,74.8,99.7,8.24,27.0,1,0,0,0,7.0,0
S02845,61.8,148.7,8.66,26.9,1,0,0,0,0.5,0
S02846,33.2,153.1,9.55,21.0,0,0,0,0,3.3,0
S02847,74.0,119.2,4.07,26.5,0,1,1,0,4.2,0
S02848,44.0,159.0,6.99,23.0,0,0,0,0,7.8,0
S02849,33.8,121.6,10.91,19.5,0,0,0,1,2.6,0
S02850,49.8,125.6,8.39,26.0,1,0,0,0,0.7,0
S02851,65.5,135.2,5.34,32.3,0,0,0,0,5.5,0
S02852,41.7,124.1,7.91,24.3,0,0,0,0,9.1,0
S02853,50.8,127.6,6.28,28.0,1,0,0,0,3.8,0
S02854,70.6,167.0,5.68,22.0,0,0,0,0,5.6,0
S02855,75.6,125.9,5.69,24.7,0,0,0,0,6.5,0
S02856,68.9,123.4,6.28,26.2,1,0,0,0,1.1,0
S02857,52.3,128.1,8.69,22.6,1,0,0,0,1.0,0
S02858,60.8,119.6,8.74,26.9,0,0,0,0,2.7,0
S02859,72.1,155.5,8.89,15.0,0,0,0,0,1.9,0
S02860,58.3,127.9,4.21,15.6,0,0,0,0,2.3,0
S02861,68.9,142.3,7.02,24.2,0,0,0,0,12.3,0
S02862,61.0,129.2,4.78,26.3,0,0,0,0,4.6,0
S02863,33.9,133.1,3.59,28.7,0,1,0,0,3.5,0
S02864,50.0,161.2,5.77,19.0,0,0,1,1,6.3,0
S02865,68.9,113.5,8.96,29.1,1,0,0,0,2.6,0
S02866,53.8,106.3,4.95,34.0,1,0,0,0,1.3,0
S02867,47.2,108.9,7.11,27.5,0,0,0,0,4.6,0
S02868,66.6,106.7,6.11,25.1,0,0,0,0,2.7,0
S02869,51.6,130.2,5.99,22.8,0,0,0,0,9.6,0
S02870,73.4,135.6,7.44,18.1,1,1,1,1,1.7,0
S02871,50.1,129.1,3.1,27.7,0,0,0,0,2.4,0
S02872,65.4,155.7,9.28,23.0,0,0,0,0,4.2,0
S02873,52.4,141.0,6.55,26.7,0,0,0,0,8.1,0
S02874,70.9,145.8,7.93,18.3,0,0,0,1,6.9,1
S02875,51.4,130.2,6.67,28.2,1,0,0,1,2.7,0
S02876,60.0,151.9,4.48,23.7,0,0,0,1,4.5,0
S02877,53.2,145.0,8.41,24.9,0,0,1,0,12.5,0
S02878,64.3,160.0,5.26,35.3,0,0,0,0,13.4,0
S02879,58.9,122.8,5.49,31.3,0,0,0,0,2.1,0
S02880,66.6,124.0,9.76,20.9,0,0,0,0,2.7,0
S02881,58.5,168.8,8.48,28.0,1,0,0,0,2.8,0
S02882,55.0,124.0,8.76,19.9,1,0,0,1,4.1,0
S02883,73.4,169.4,4.92,27.9,0,0,0,0,1.9,0
S02884,65.3,174.7,6.33,29.5,0,0,0,1,0.9,0
S02885,75.4,164.5,8.5,25.2,1,0,0,1,6.5,1
S02886,49.2,97.5,6.66,24.4,0,0,0,1,1.7,0
S02887,77.9,116.5,6.27,26.2,0,0,0,0,8.6,0
S02888,60.3,116.8,5.92,17.3,0,0,0,1,3.2,0
S02889,57.1,144.0,8.14,26.3,0,0,0,0,8.1,0
S02890,47.2,123.0,6.13,26.3,0,0,1,0,4.9,0
S02891,44.8,131.1,3.0,25.1,0,0,0,0,1.9,0
S02892,62.5,140.9,5.15,24.3,0,0,1,0,1.5,0
S02893,68.6,166.7,5.77,20.6,0,0,0,0,3.9,0
S02894,61.3,146.9,6.99,32.5,1,0,0,0,2.5,0
S02895,67.9,138.4,5.52,18.7,0,0,0,0,1.4,0
S02896,47.2,146.1,5.47,26.6,0,0,0,0,3.6,0
S02897,61.6,116.9,7.69,27.5,1,0,0,0,3.7,0
S02898,56.9,121.2,6.1,28.5,1,1,0,0,2.2,0
S02899,75.4,164.2,7.72,33.3,0,0,0,0,6.0,0
S02900,45.5,134.9,6.38,26.5,0,0,1,0,3.7,0
S02901,45.3,127.2,9.12,28.2,1,0,0,0,1.5,0
S02902,60.2,159.7,7.48,29.7,0,0,1,0,3.8,0
S02903,60.6,126.7,7.4,26.9,0,0,1,0,2.8,0
S02904,56.0,168.1,8.15,32.7,0,0,0,0,3.3,0
S02905,61.6,148.5,7.25,35.1,1,0,1,0,0.9,0
S02906,65.4,99.6,6.96,24.7,0,0,0,0,4.5,0
S02907,53.7,156.2,5.45,24.6,0,0,0,0,4.4,0
S02908,79.9,133.9,5.8,25.7,0,0,0,1,3.1,0
S02909,45.3,122.8,7.04,31.9,0,1,1,0,2.7,0
S02910,68.8,130.7,6.23,27.8,0,0,0,0,6.1,0
S02911,28.7,128.6,6.91,23.8,0,0,0,1,1.0,0
S02912,70.8,138.9,6.79,33.6,0,0,0,0,9.3,0
S02913,48.1,110.9,6.09,24.5,0,0,0,0,1.3,0
S02914,61.8,109.7,3.08,25.6,0,0,0,0,2.4,0
S02915,59.8,123.5,7.96,17.1,1,0,0,0,3.4,0
S02916,49.6,127.3,7.82,29.7,0,0,0,0,7.3,0
S02917,56.3,127.6,4.45,24.5,0,1,1,0,6.7,0
S02918,52.8,151.7,3.74,19.0,0,0,0,0,6.6,0
S02919,54.4,171.7,5.14,33.1,0,1,0,0,2.1,0
S02920,68.4,192.0,6.88,21.5,1,0,1,0,2.1,0
S02921,39.9,143.5,6.68,21.2,0,0,0,0,0.8,0
S02922,66.3,135.4,8.73,29.4,0,0,1,1,6.5,0
S02923,50.3,161.7,5.63,24.0,1,0,0,0,1.7,0
S02924,67.9,146.1,6.35,29.7,0,0,1,0,2.7,0
S02925,62.7,92.1,7.06,33.6,1,0,0,0,3.1,1
S02926,66.7,161.7,8.5,26.3,0,0,0,0,0.7,0
S02927,58.4,167.7,3.05,28.9,0,0,0,0,0.3,0
S02928,63.4,115.3,7.02,30.3,1,0,0,0,4.5,0
S02929,56.5,134.1,8.84,24.7,1,0,0,0,2.9,0
S02930,59.8,141.6,6.03,22.5,0,1,0,0,7.4,0
S02931,65.5,125.3,8.27,19.3,1,0,0,0,2.1,0
S02932,73.4,146.4,6.23,29.5,1,1,1,0,4.8,0
S02933,65.8,148.4,3.6,23.9,0,0,0,0,7.2,0
S02934,55.1,129.7,6.07,25.0,1,0,1,0,1.1,0
S02935,41.9,127.8,8.06,24.8,0,0,0,0,8.2,0
S02936,55.6,116.8,6.68,29.1,0,1,0,0,4.4,0
S02937,60.5,141.3,6.0,26.1,1,0,0,0,4.7,0
S02938,56.6,124.7,3.18,17.2,0,0,0,0,0.4,0
S02939,72.7,133.7,7.39,25.0,1,0,0,0,4.0,0
S02940,73.6,112.1,3.68,28.1,0,1,0,0,2.8,1
S02941,62.9,126.2,5.45,16.3,0,0,0,0,8.3,0
S02942,46.8,136.7,6.52,28.5,0,0,1,0,3.4,0
S02943,62.5,133.1,7.12,33.4,1,1,0,0,2.5,0
S02944,54.6,120.4,5.41,33.8,0,0,0,0,7.4,0
S02945,39.2,117.6,8.92,33.2,1,0,0,0,1.5,0
S02946,56.4,133.5,6.79,26.1,0,0,0,0,1.3,0
S02947,53.1,129.4,5.9,31.9,1,0,1,0,4.0,0
S02948,64.8,139.0,5.61,26.5,1,0,0,0,6.1,0
S02949,37.2,129.8,8.36,20.7,1,0,0,0,3.8,0
S02950,39.2,163.5,5.31,30.2,1,0,0,0,2.3,0
S02951,61.3,130.4,11.16,28.1,1,0,1,0,8.0,0
S02952,76.8,114.6,9.41,31.7,1,0,1,0,3.4,1
S02953,61.1,107.6,7.33,24.1,0,0,0,0,2.8,0
S02954,60.8,165.6,6.16,24.2,1,0,0,0,3.6,0
S02955,62.1,143.3,9.05,28.6,1,0,0,0,1.7,0
S02956,53.6,158.3,6.02,25.4,1,0,0,0,2.7,0
S02957,38.0,117.6,7.77,30.6,0,0,0,0,3.0,0
S02958,57.6,166.5,8.96,30.4,0,0,0,0,2.9,0
S02959,54.7,140.9,5.49,32.5,0,0,0,0,5.0,0
S02960,45.1,119.4,5.6,22.7,0,0,1,0,2.2,0
S02961,82.1,122.6,5.51,27.2,1,0,0,0,2.1,0
S02962,47.1,128.8,3.82,28.5,1,0,0,0,6.6,1
S02963,67.7,131.7,6.16,36.0,1,0,0,0,0.4,1
S02964,86.3,135.2,5.32,23.5,0,0,1,0,8.1,0
S02965,59.0,155.7,4.76,23.6,0,0,0,0,2.2,0
S02966,55.3,166.1,6.41,33.1,0,1,0,0,2.6,0
S02967,53.0,130.8,5.85,24.4,0,0,1,0,2.6,0
S02968,68.1,166.8,6.87,21.2,0,0,0,0,0.6,0
S02969,62.3,126.7,7.45,28.3,0,0,0,0,5.0,0
S02970,61.5,147.9,7.35,22.4,0,0,1,0,6.1,0
S02971,32.2,141.9,6.82,26.8,0,0,1,0,5.5,0
S02972,62.9,122.9,4.41,32.2,1,1,0,0,1.5,0
S02973,56.6,154.3,7.36,23.9,0,1,0,0,3.6,0
S02974,66.3,169.5,5.26,28.5,0,0,1,0,6.9,1
S02975,45.3,113.3,3.0,19.4,0,0,0,0,3.2,0
S02976,58.6,126.8,4.41,25.5,0,0,0,1,2.3,0
S02977,61.5,139.2,9.33,25.8,0,0,0,1,4.6,0
S02978,63.8,161.6,5.77,28.6,0,0,0,0,2.3,0
S02979,66.7,189.3,7.17,26.6,0,0,0,0,4.3,0
S02980,46.6,156.8,4.26,22.6,0,0,0,0,1.0,0
S02981,69.9,107.8,4.48,27.7,0,0,0,0,3.9,0
S02982,67.1,124.2,6.48,33.6,0,0,0,0,3.5,0
S02983,45.2,141.6,3.0,26.4,1,0,1,0,4.5,0
S02984,60.0,117.3,6.97,31.2,1,0,0,0,0.1,0
S02985,61.4,137.1,5.32,16.4,1,0,1,0,11.3,0
S02986,59.0,114.3,6.79,28.0,1,0,0,1,8.3,0
S02987,37.1,121.9,5.6,25.5,0,0,0,0,2.3,0
S02988,62.2,98.2,5.55,28.5,0,0,0,0,2.7,0
S02989,72.3,110.0,5.91,26.1,0,0,0,0,2.6,0
S02990,40.8,148.1,7.71,22.2,0,0,0,0,8.9,0
S02991,64.4,138.6,5.07,32.9,0,0,0,0,9.6,0
S02992,82.2,123.7,6.68,19.1,1,0,0,0,3.5,0
S02993,55.0,135.7,8.83,24.1,0,0,1,0,5.3,0
S02994,77.4,144.0,4.73,28.7,0,0,0,0,1.5,0
S02995,87.7,135.9,3.0,26.1,0,1,1,0,4.1,0
S02996,61.5,156.1,9.45,27.9,0,1,0,0,5.4,0
S02997,72.9,128.7,4.08,24.1,1,0,0,0,8.0,0
S02998,76.2,142.3,6.09,29.1,0,0,0,0,2.1,0
S02999,54.1,120.7,6.46,25.6,0,1,0,0,8.2,0
S03000,64.1,170.6,9.76,26.0,0,0,0,0,3.3,0
S03001,72.2,118.7,6.43,23.4,0,0,0,0,4.1,0
S03002,70.4,158.5,6.49,30.6,0,0,0,0,1.6,0
S03003,60.4,147.0,5.37,25.7,0,0,0,0,4.7,0
S03004,55.3,127.9,7.19,36.3,1,0,0,0,2.2,0
S03005,77.1,120.5,5.1,27.6,1,0,0,0,3.7,0
S03006,87.0,134.0,3.42,27.5,1,0,0,0,2.0,0
S03007,69.4,146.4,8.45,24.3,0,0,0,0,6.2,0
S03008,69.1,178.5,3.74,25.5,0,0,0,0,3.2,0
S03009,49.2,116.4,8.33,24.1,0,0,0,0,3.2,0
S03010,49.4,173.8,5.59,29.4,0,0,1,0,5.0,0
S03011,54.0,126.6,3.74,17.9,0,0,0,0,10.4,0
S03012,67.8,124.9,5.89,25.5,0,0,0,0,0.8,0
S03013,70.7,148.9,5.29,35.5,1,1,0,0,4.0,0
S03014,63.3,150.5,6.59,17.4,0,0,1,0,4.2,0
S03015,55.6,120.4,5.3,33.8,0,0,0,0,2.7,0
S03016,60.3,144.1,8.68,25.6,1,1,0,0,5.6,0
S03017,66.0,104.7,6.95,34.4,1,0,0,0,2.7,0
S03018,56.9,150.7,6.22,25.8,0,0,0,0,6.9,0
S03019,52.4,123.0,5.43,23.9,0,0,0,0,2.1,0
S03020,83.6,149.7,5.29,28.8,0,0,0,0,3.7,0
S03021,47.9,138.6,7.42,25.1,1,1,0,0,1.3,0
S03022,59.2,159.7,6.18,24.2,1,0,0,0,3.7,0
S03023,79.2,134.2,6.34,33.7,0,0,0,0,6.6,0
S03024,60.8,128.5,6.69,25.7,0,0,0,0,2.7,0
S03025,76.1,151.6,4.73,34.8,0,0,0,0,0.5,0
S03026,68.4,111.3,5.78,20.0,0,0,0,0,2.2,0
S03027,52.4,129.6,6.7,29.1,0,0,1,0,4.3,0
S03028,57.7,143.4,7.06,27.2,0,0,1,0,2.4,0
S03029,48.8,146.1,8.08,22.0,1,0,1,0,1.2,0
S03030,65.3,132.9,6.03,25.9,1,0,1,0,7.3,0
S03031,68.3,112.6,3.36,26.2,0,0,0,0,1.4,0
S03032,52.0,130.5,7.28,26.2,1,1,0,0,15.6,0
S03033,67.7,145.5,8.12,27.1,1,0,0,0,12.0,0
S03034,54.8,132.2,8.3,24.4,1,0,0,0,2.9,0
S03035,26.6,116.9,5.06,30.1,0,0,0,0,2.9,0
S03036,35.1,155.4,6.02,25.3,1,0,0,1,4.0,0
S03037,67.3,133.8,3.0,23.9,1,0,0,0,1.3,0
S03038,76.6,140.1,6.1,25.9,0,0,0,0,2.7,0
S03039,82.7,148.6,5.5,23.4,0,0,0,0,10.6,0
S03040,46.5,147.1,5.11,30.7,1,0,1,1,3.0,0
S03041,69.0,141.0,3.81,24.3,0,1,1,0,5.2,0
S03042,59.2,133.1,6.87,30.5,0,0,0,0,1.5,0
S03043,59.2,104.4,8.55,25.3,0,1,0,0,3.6,0
S03044,38.7,132.7,5.37,27.8,0,0,0,0,4.1,0
S03045,69.9,109.0,6.63,27.7,0,0,0,0,5.2,0
S03046,59.7,151.6,3.3,22.0,0,0,0,0,2.3,0
S03047,60.3,109.9,3.31,27.5,1,0,0,0,4.0,0
S03048,70.6,107.4,10.07,27.2,0,0,1,0,6.5,0
S03049,63.5,150.4,5.65,24.4,0,0,1,0,4.9,0
S03050,45.5,127.9,7.51,30.3,1,0,0,0,6.6,0
S03051,79.4,129.0,7.73,28.0,1,0,0,0,5.4,0
S03052,38.8,155.7,8.26,22.9,0,0,1,1,2.3,0
S03053,59.6,148.1,8.3,22.9,0,0,0,0,5.9,0
S03054,55.2,127.3,9.19,27.4,0,0,0,0,1.9,0
S03055,78.9,133.8,9.81,24.1,1,1,0,0,7.5,0
S03056,50.6,135.6,6.87,30.7,0,0,0,0,1.1,0
S03057,41.2,113.5,6.3,31.5,0,0,0,1,13.5,0
S03058,65.0,152.7,6.54,32.6,1,0,1,0,9.6,1
S03059,45.4,139.4,5.6,29.0,0,1,0,0,1.8,0
S03060,30.9,130.6,8.41,23.1,0,0,0,0,3.9,0
S03061,46.5,101.2,6.0,27.5,0,0,1,0,11.1,0
S03062,58.9,113.3,4.81,32.3,0,0,0,0,3.1,0
S03063,48.3,138.5,8.14,27.5,0,1,0,0,3.1,0
S03064,80.5,153.8,6.6,28.4,0,0,1,0,11.8,0
S03065,47.2,162.1,3.97,28.3,0,0,0,0,9.7,0
S03066,50.3,174.5,6.28,21.2,0,0,1,0,10.4,0
S03067,52.6,167.3,4.04,32.5,0,0,0,0,7.1,0
S03068,63.7,151.0,5.54,28.7,0,0,0,0,1.3,0
S03069,69.1,169.2,5.13,29.2,1,0,0,0,0.7,0
S03070,54.6,129.8,6.23,20.7,0,0,0,0,2.0,0
S03071,60.6,133.0,6.25,30.8,0,0,0,0,3.7,0
S03072,39.0,164.1,8.46,24.2,0,0,1,0,5.2,0
S03073,70.6,144.5,5.64,24.9,0,0,0,1,3.1,0
S03074,63.6,166.3,5.75,25.8,0,0,0,0,0.7,0
S03075,62.0,149.3,5.01,22.5,0,0,0,0,5.7,0
S03076,70.0,155.7,8.05,19.8,1,0,0,0,0.8,0
S03077,63.9,144.9,7.93,28.0,1,0,0,0,1.4,0
S03078,50.4,127.8,8.51,27.6,0,0,0,0,2.3,0
S03079,53.5,129.9,8.3,27.7,0,0,0,0,2.7,0
S03080,65.4,139.6,8.44,15.8,1,0,0,0,3.9,0
S03081,73.0,130.7,5.89,25.0,0,1,0,1,0.4,0
S03082,45.2,112.9,8.12,26.0,0,0,1,0,3.3,0
S03083,61.3,95.7,4.93,26.4,0,0,0,0,2.3,0
S03084,45.1,128.7,6.12,28.7,0,0,1,0,14.1,0
S03085,77.1,98.4,7.78,31.5,0,0,0,0,5.5,0
S03086,72.0,139.5,7.73,24.6,0,0,0,0,2.9,0
S03087,46.9,144.3,6.68,28.1,1,0,1,0,9.3,0
S03088,76.5,149.0,6.53,27.1,0,0,0,0,10.3,0
S03089,47.7,125.3,4.85,28.9,0,0,0,0,7.3,0
S03090,55.3,145.9,5.88,35.0,1,0,0,1,6.0,0
S03091,67.4,123.6,7.44,29.5,1,0,1,0,3.9,0
S03092,79.8,149.1,7.1,20.2,1,1,0,0,2.4,0
S03093,46.4,143.4,5.47,25.8,1,1,1,0,1.0,0
S03094,74.4,136.6,8.9,19.3,1,0,0,0,6.1,0
S03095,60.8,162.3,5.67,28.3,0,0,0,0,2.0,0
S03096,55.1,130.7,7.59,23.5,0,0,1,0,4.6,0
S03097,55.6,148.3,4.91,28.8,0,1,0,0,4.9,0
S03098,59.9,150.2,5.87,21.5,0,1,0,0,0.7,0
S03099,56.8,150.4,5.36,30.7,0,0,0,0,7.8,1
S03100,55.4,138.1,4.37,27.9,1,0,0,0,2.1,0
S03101,62.0,149.6,9.16,17.2,0,0,1,0,0.6,0
S03102,54.5,135.2,3.35,30.1,0,0,0,0,3.3,0
S03103,77.0,141.6,6.83,20.6,1,0,0,0,3.4,0
S03104,78.7,153.1,3.97,28.3,0,0,1,0,5.2,0
S03105,67.3,115.2,6.57,32.4,1,0,0,0,2.9,0
S03106,63.0,148.9,6.09,24.9,0,0,0,0,5.3,0
S03107,74.6,115.1,5.78,23.6,0,0,0,0,5.8,0
S03108,51.4,119.9,3.0,30.5,0,0,0,0,7.1,0
S03109,66.2,153.7,3.55,28.4,1,0,1,0,2.4,0
S03110,64.9,110.2,6.99,18.0,1,0,1,0,6.6,0
S03111,79.9,119.8,7.98,19.9,0,0,0,0,0.5,0
S03112,44.5,125.6,7.18,30.4,1,1,0,0,7.2,1
S03113,65.9,125.0,3.0,23.8,1,0,0,0,15.2,0
S03114,74.9,122.2,7.42,23.9,0,0,0,0,9.0,0
S03115,59.7,126.4,8.74,26.7,0,0,0,0,1.4,0
S03116,65.2,153.1,4.0,26.1,1,1,1,0,7.7,0
S03117,60.9,127.3,7.17,20.4,1,0,1,0,8.2,0
S03118,42.3,139.2,8.24,26.8,1,0,0,0,10.2,0
S03119,48.4,118.3,6.11,27.7,0,0,0,0,3.6,0
S03120,63.7,106.2,6.07,24.7,0,0,0,0,2.9,0
S03121,80.2,157.9,6.46,34.7,1,0,0,0,3.3,0
S03122,40.5,142.4,8.69,19.8,0,0,1,0,2.0,0
S03123,56.1,134.4,4.68,19.5,0,0,0,0,7.5,1
S03124,76.7,143.4,3.43,24.5,0,0,1,0,4.7,0
S03125,62.3,118.8,4.31,26.4,0,0,0,0,2.8,0
S03126,62.3,112.1,6.94,24.7,0,1,1,0,6.9,0
S03127,61.0,135.8,6.16,32.0,0,0,0,0,0.6,0
S03128,50.9,167.4,4.76,19.0,1,0,0,0,5.1,0
S03129,39.2,113.1,7.9,20.3,1,0,0,0,7.8,0
S03130,67.5,139.0,4.99,33.3,1,0,0,0,7.2,1
S03131,73.0,152.3,7.5,29.0,0,0,1,1,0.6,0
S03132,85.8,160.9,8.78,26.2,0,0,0,0,4.3,0
S03133,73.5,107.9,8.76,27.6,0,0,0,0,5.4,0
S03134,28.3,148.3,7.06,31.2,0,0,0,0,2.0,0
S03135,62.2,176.5,6.84,26.5,1,0,0,0,0.5,1
S03136,51.3,128.2,6.35,28.2,0,0,0,0,3.0,0
S03137,64.0,127.8,10.57,29.6,0,1,0,0,2.6,0
S03138,69.2,136.6,6.44,23.0,0,0,0,0,1.7,0
S03139,45.4,147.0,7.91,26.4,0,0,0,0,7.7,0
S03140,69.4,148.7,4.98,28.5,0,0,0,0,0.9,0
S03141,63.1,137.1,5.33,31.5,1,0,0,0,0.2,0
S03142,71.3,149.0,5.74,25.4,1,1,1,0,6.6,0
S03143,67.6,142.1,8.3,17.0,0,0,0,0,1.5,0
S03144,68.6,122.8,7.1,25.5,1,0,0,0,3.0,0
S03145,47.2,113.8,5.57,31.3,1,1,0,0,3.9,0
S03146,60.2,124.1,6.18,26.0,0,0,1,0,4.5,0
S03147,70.8,153.9,5.43,24.1,0,0,0,0,0.5,0
S03148,56.8,152.2,6.26,42.0,0,0,0,0,5.5,0
S03149,75.8,140.6,7.32,27.9,0,0,0,0,1.3,0
S03150,45.6,120.5,6.94,27.9,0,0,1,0,2.4,0
S03151,60.9,125.3,4.69,18.2,1,0,0,0,3.1,0
S03152,68.9,136.3,3.8,16.6,1,0,0,0,2.7,0
S03153,76.9,143.1,3.0,34.2,0,0,0,0,2.7,0
S03154,56.9,135.9,3.86,24.7,0,0,0,0,4.4,0
S03155,95.0,130.4,5.22,31.3,0,0,0,0,12.0,0
S03156,66.4,154.6,9.41,32.0,1,0,0,0,3.3,0
S03157,50.6,129.5,6.59,26.4,0,0,0,0,2.9,0
S03158,43.9,126.0,9.14,33.6,0,0,0,0,2.2,0
S03159,48.9,134.6,7.43,15.6,0,0,0,0,1.8,0
S03160,56.3,132.1,7.54,23.1,0,0,0,0,3.8,0
S03161,63.9,150.3,7.83,24.9,0,0,0,0,3.2,0
S03162,56.9,163.7,7.85,19.2,1,0,0,0,2.2,0
S03163,83.5,152.6,7.35,27.4,0,0,0,0,4.9,0
S03164,80.0,133.8,7.88,29.5,0,0,0,0,6.1,0
S03165,74.4,122.1,7.46,22.1,1,0,0,0,1.3,0
S03166,85.6,150.6,8.05,22.9,0,0,1,0,5.3,1
S03167,55.0,125.9,6.74,28.0,0,0,0,0,12.7,0
S03168,55.6,136.2,5.92,27.6,0,1,0,0,4.0,0
S03169,63.8,130.6,4.3,34.8,1,0,0,0,2.0,0
S03170,62.3,110.8,4.36,28.7,0,0,0,0,2.1,0
S03171,63.9,127.9,6.58,22.6,0,0,0,1,6.5,0
S03172,84.2,114.0,6.07,24.8,0,1,0,0,3.0,0
S03173,81.4,135.6,5.35,32.0,1,0,0,0,5.3,0
S03174,64.0,123.9,7.37,28.8,1,0,0,1,1.5,1
S03175,51.3,105.3,5.58,21.5,1,0,0,0,6.0,0
S03176,42.6,130.9,8.34,23.9,0,0,1,0,1.3,0
S03177,73.5,118.0,6.15,16.9,0,0,0,0,4.6,0
S03178,90.7,137.0,7.09,31.9,1,0,1,1,3.3,0
S03179,69.4,123.4,3.86,25.0,1,0,0,0,0.3,0
S03180,58.1,153.9,6.16,20.5,0,0,1,1,6.5,1
S03181,55.8,128.9,8.64,25.3,0,1,1,0,0.7,0
S03182,52.4,145.0,6.54,27.5,1,0,1,0,4.5,0
S03183,68.6,140.9,7.73,25.8,1,0,0,1,4.2,1
S03184,58.3,155.3,5.87,23.0,0,0,0,0,3.6,0
S03185,77.3,126.5,9.81,21.3,0,0,0,0,1.7,0
S03186,34.9,120.5,6.69,22.5,0,0,1,0,6.3,0
S03187,56.7,95.5,4.05,23.2,0,0,0,0,9.2,0
S03188,68.8,121.9,5.27,26.8,1,0,0,0,7.1,0
S03189,56.6,125.0,4.05,31.2,0,0,1,0,3.2,0
S03190,56.8,149.4,5.85,29.0,0,0,0,0,3.4,0
S03191,64.0,152.9,6.33,39.6,0,0,1,0,1.3,0
S03192,62.2,100.2,3.92,24.9,0,0,0,0,0.9,0
S03193,45.7,140.5,3.72,27.0,0,0,1,0,9.7,0
S03194,60.8,158.4,4.06,38.3,0,0,0,0,5.5,0
S03195,53.8,97.2,6.54,26.8,0,0,0,0,1.0,0
S03196,64.9,142.6,7.1,27.8,0,0,0,0,5.0,0
S03197,42.8,149.9,5.51,20.5,0,0,0,0,2.2,0
S03198,60.6,111.0,4.78,26.0,1,0,0,0,4.1,0
S03199,42.8,124.3,5.99,32.9,0,1,0,0,2.8,0
S03200,43.0,127.4,6.15,19.8,0,0,1,0,5.7,0
S03201,58.2,104.6,7.76,17.0,0,1,1,0,3.4,1
S03202,57.3,134.3,7.74,27.1,0,0,1,1,2.2,0
S03203,83.0,129.8,4.93,26.5,0,0,0,0,3.0,0
S03204,61.7,134.7,6.07,32.5,0,0,0,0,1.2,0
S03205,77.1,93.2,7.49,28.9,0,0,0,0,8.4,0
S03206,83.2,153.6,5.53,19.4,0,0,0,0,2.3,0
S03207,48.5,106.4,9.65,27.2,0,0,1,0,7.8,0
S03208,69.4,142.7,5.1,30.8,0,0,0,0,3.7,0
S03209,62.8,145.6,4.96,27.8,1,0,0,0,1.7,0
S03210,45.0,169.5,6.15,30.7,0,0,0,0,1.2,0
S03211,61.5,121.7,9.05,30.2,0,0,1,0,5.6,0
S03212,53.6,131.2,4.28,28.9,1,0,0,0,3.0,0
S03213,39.5,113.5,8.38,26.0,0,0,1,0,0.2,0
S03214,66.8,118.5,5.51,16.4,0,0,1,0,4.5,0
S03215,65.1,144.6,3.73,23.7,0,0,0,0,1.8,0
S03216,61.2,127.3,7.39,24.6,0,0,0,0,11.1,0
S03217,58.5,145.4,4.62,15.0,1,0,1,0,1.8,0
S03218,61.9,129.7,4.19,22.8,1,0,0,0,3.8,0
S03219,66.5,120.0,7.14,27.4,1,0,0,1,1.9,1
S03220,37.0,132.8,6.91,27.5,1,0,0,0,5.0,0
S03221,71.0,159.1,3.77,19.2,0,0,1,0,5.5,0
S03222,48.6,139.1,8.32,21.3,1,0,0,0,2.1,0
S03223,74.6,116.8,8.81,28.3,0,0,0,0,3.9,1
S03224,59.1,171.0,5.8,32.1,0,0,1,0,3.6,0
S03225,58.4,142.4,5.54,28.5,0,0,0,0,5.0,0
S03226,59.4,117.5,8.81,30.9,1,0,0,0,3.4,0
S03227,82.4,112.2,6.06,31.1,1,0,1,0,3.7,0
S03228,77.9,125.4,5.18,28.7,0,0,0,0,5.5,0
S03229,57.5,154.0,5.81,32.6,0,0,1,0,5.2,0
S03230,60.2,108.2,6.25,20.7,1,1,0,0,1.5,0
S03231,67.3,113.5,7.41,24.5,0,0,0,0,3.9,0
S03232,59.3,135.2,8.05,24.2,0,0,1,0,4.6,0
S03233,61.3,141.4,4.21,27.1,1,0,0,0,4.3,0
S03234,54.1,123.7,8.45,37.4,1,0,1,0,14.1,0
S03235,80.9,126.6,8.69,29.6,1,0,0,0,3.3,0
S03236,45.5,113.8,5.3,21.1,0,0,1,0,0.4,0
S03237,42.2,158.9,5.74,15.0,0,0,0,0,1.1,0
S03238,47.1,114.8,7.28,29.2,0,0,0,0,0.2,0
S03239,53.7,142.8,4.45,26.3,1,0,1,1,1.2,0
S03240,59.1,128.2,4.27,24.8,0,0,0,0,1.9,0
S03241,54.7,174.8,3.18,26.3,0,0,1,0,1.1,0
S03242,77.0,138.4,8.01,21.4,0,0,1,0,6.1,0
S03243,44.2,169.9,5.84,33.8,1,0,0,0,10.1,0
S03244,51.4,117.7,7.29,25.6,0,0,0,0,14.3,0
S03245,75.1,142.1,3.41,21.1,1,0,0,0,0.7,0
S03246,57.6,115.7,5.47,28.8,1,0,1,1,2.6,0
S03247,64.1,170.7,6.95,24.0,1,0,0,1,0.8,0
S03248,76.5,135.2,5.14,29.8,0,0,0,0,5.5,0
S03249,54.3,134.3,4.14,24.1,1,0,0,0,0.8,0
S03250,65.0,147.7,9.54,22.5,0,0,0,0,3.3,0
S03251,53.7,94.9,9.42,28.6,0,0,0,0,6.3,0
S03252,43.3,118.2,3.0,19.6,0,0,0,0,0.9,0
S03253,52.9,107.4,6.32,35.0,0,0,0,0,1.3,0
S03254,59.8,156.4,7.34,22.3,0,0,1,0,2.4,0
S03255,74.6,114.0,7.81,26.8,0,0,0,0,4.9,0
S03256,70.8,131.1,6.88,21.6,1,0,0,0,2.2,0
S03257,69.3,112.5,3.0,29.2,0,0,0,0,1.8,1
S03258,68.5,95.3,4.95,27.6,1,0,0,1,3.3,0
S03259,58.6,159.3,3.32,31.3,0,0,0,1,10.0,1
S03260,61.5,129.3,5.86,31.3,0,1,0,0,5.8,0
S03261,58.1,129.2,6.41,33.8,0,0,0,0,6.8,0
S03262,63.5,121.8,4.23,29.6,0,0,0,0,2.7,0
S03263,85.2,167.5,7.51,31.1,1,0,0,0,2.6,0
S03264,64.3,114.3,4.86,27.4,1,1,0,0,6.1,0
S03265,62.3,159.4,8.2,27.4,0,0,0,0,6.8,0
S03266,71.3,149.2,7.01,26.4,0,0,0,0,0.2,0
S03267,63.9,119.4,5.07,29.1,0,0,0,0,5.3,0
S03268,48.6,155.5,6.11,29.8,1,0,0,0,3.3,0
S03269,59.6,134.0,7.73,32.6,0,0,1,1,1.0,0
S03270,73.2,155.4,6.19,28.9,1,0,0,0,1.8,0
S03271,66.2,136.7,6.06,21.0,0,0,0,0,6.7,0
S03272,60.3,112.5,7.24,29.9,0,0,0,0,2.6,0
S03273,53.6,137.9,5.12,17.3,0,0,0,0,2.6,0
S03274,52.9,135.9,7.78,22.4,0,0,1,1,0.7,0
S03275,57.5,135.7,7.88,27.3,1,0,0,0,1.5,0
S03276,62.2,144.6,6.77,21.0,0,0,0,0,7.1,0
S03277,50.5,131.7,3.59,30.3,0,0,0,1,7.2,0
S03278,65.6,137.7,5.6,26.1,0,1,1,0,3.1,0
S03279,72.2,155.7,5.5,31.5,0,0,0,1,3.3,0
S03280,19.0,142.0,6.31,28.3,0,0,0,0,5.6,0
S03281,76.1,152.5,6.68,20.8,1,0,1,1,5.0,1
S03282,66.5,116.6,5.31,29.3,1,0,0,0,6.5,0
S03283,63.9,135.1,5.08,23.7,0,0,0,0,0.2,0
S03284,69.9,141.6,7.13,23.9,0,0,1,0,3.2,0
S03285,47.6,137.9,8.29,19.1,1,0,1,0,4.2,0
S03286,68.5,164.7,6.33,26.9,0,0,0,0,2.5,1
S03287,46.6,130.0,3.3,16.6,0,0,0,0,7.6,0
S03288,59.8,149.8,8.79,30.2,1,0,1,0,7.7,0
S03289,54.1,143.8,5.3,37.3,1,0,1,0,2.3,0
S03290,69.4,138.1,10.48,30.7,0,0,1,0,8.3,0
S03291,65.9,146.5,8.82,39.1,1,0,1,0,1.0,1
S03292,64.2,131.0,7.14,30.9,0,0,0,0,2.2,0
S03293,67.3,115.3,6.07,15.0,0,0,0,0,3.2,0
S03294,76.8,104.4,9.06,30.9,0,0,1,0,7.1,0
S03295,67.4,115.9,5.92,26.1,1,0,1,0,4.1,0
S03296,61.7,142.3,4.65,27.9,0,0,0,0,4.9,0
S03297,74.9,162.2,6.43,27.6,0,0,0,0,1.5,1
S03298,60.4,150.5,4.21,26.1,0,0,0,0,9.6,0
S03299,56.2,142.8,4.43,34.8,0,0,0,0,3.6,0
S03300,71.5,144.1,7.59,29.7,0,0,0,0,2.6,0
S03301,68.8,142.7,4.6,18.0,1,0,0,0,1.9,0
S03302,76.4,134.0,7.9,23.0,0,0,0,0,4.7,0
S03303,51.1,127.3,4.7,31.0,1,0,0,0,0.6,0
S03304,53.1,135.5,5.68,25.6,1,0,0,0,3.7,0
S03305,57.4,159.1,7.9,27.6,0,0,0,0,9.3,0
S03306,73.2,156.2,6.48,25.3,0,0,0,1,1.7,0
S03307,78.5,133.9,9.05,35.9,0,0,0,0,3.0,0
S03308,71.8,143.3,5.89,24.9,0,0,0,0,3.8,0
S03309,60.4,124.4,3.0,18.6,1,0,0,0,2.8,0
S03310,54.4,155.8,9.87,25.2,0,0,0,1,10.4,0
S03311,52.6,132.0,4.47,19.6,1,0,0,0,1.3,0
S03312,26.6,141.8,7.74,28.7,0,0,0,0,1.3,0
S03313,64.8,133.1,8.26,24.5,1,0,0,0,3.6,0
S03314,39.6,127.5,3.69,26.0,1,1,0,0,3.0,0
S03315,46.9,144.0,7.37,26.1,0,0,0,0,9.4,0
S03316,54.7,121.7,7.72,37.5,0,0,1,0,2.6,1
S03317,74.5,134.1,8.08,30.8,1,0,0,0,1.6,0
S03318,57.5,175.9,7.25,32.9,1,0,0,0,2.1,0
S03319,66.4,118.2,7.18,31.9,0,0,1,1,3.4,0
S03320,82.2,143.0,4.34,36.3,0,0,0,0,9.2,0
S03321,61.6,169.2,4.71,25.2,0,0,0,0,5.8,0
S03322,50.9,136.3,6.72,31.0,1,0,0,0,2.9,0
S03323,73.5,135.8,7.34,21.1,0,0,1,0,2.5,0
S03324,71.0,120.6,5.2,23.3,0,0,0,0,5.9,0
S03325,55.1,130.1,6.01,24.5,1,0,0,0,2.0,0
S03326,85.6,144.3,7.2,28.8,1,0,0,0,2.4,0
S03327,56.6,137.6,7.48,30.5,0,0,0,0,2.1,0
S03328,64.5,140.5,3.0,29.2,1,0,0,0,3.5,0
S03329,65.3,134.8,7.2,21.2,0,0,0,1,5.5,0
S03330,48.3,139.0,5.98,21.1,1,0,0,1,2.8,0
S03331,52.8,152.3,8.67,24.9,1,0,0,1,4.6,0
S03332,60.1,136.1,6.26,35.6,1,0,0,0,2.5,0
S03333,71.7,143.5,3.0,21.2,0,0,1,0,7.2,0
S03334,70.5,165.2,10.02,25.8,0,0,1,0,4.1,0
S03335,66.0,101.3,7.84,26.8,0,0,0,0,1.3,0
S03336,40.5,122.4,7.18,27.4,0,1,0,0,7.1,0
S03337,63.0,134.7,7.71,29.2,0,1,0,0,5.3,0
S03338,61.9,163.3,6.65,23.3,0,0,1,0,7.9,1
S03339,76.7,188.7,3.25,20.2,1,0,0,0,6.2,0
S03340,62.3,146.7,6.73,29.6,0,0,0,0,2.5,0
S03341,82.4,140.2,5.32,28.5,1,0,0,0,2.0,0
S03342,72.0,98.1,4.34,28.9,0,0,0,0,2.3,0
S03343,65.1,139.5,6.27,28.6,1,0,0,0,1.6,1
S03344,55.8,155.4,5.93,23.7,0,0,0,0,2.2,0
S03345,64.6,133.0,8.53,27.9,0,0,0,0,3.3,0
S03346,53.9,138.3,6.62,30.7,0,1,1,0,2.9,0
S03347,70.0,147.3,7.71,27.2,1,0,1,1,7.0,0
S03348,41.0,119.1,7.45,23.7,0,1,0,0,4.7,0
S03349,56.2,114.7,7.46,28.3,1,0,0,0,4.2,0
S03350,59.6,137.4,5.02,21.6,1,0,0,0,8.7,1
S03351,38.8,119.1,7.27,24.0,1,1,0,0,8.0,0
S03352,63.7,145.6,5.72,21.3,0,0,0,0,2.2,0
S03353,69.3,117.6,7.31,18.6,0,0,1,0,3.9,0
S03354,67.3,154.1,4.25,15.0,0,0,0,0,3.0,0
S03355,62.3,110.1,5.63,23.8,0,0,1,0,2.0,0
S03356,52.5,136.1,6.62,15.5,0,0,0,0,3.4,0
S03357,51.8,160.7,9.49,30.5,1,0,0,0,0.9,0
S03358,61.9,85.0,6.46,24.8,0,0,0,0,1.2,0
S03359,71.0,133.6,6.2,29.5,0,0,0,1,7.0,0
S03360,62.1,182.0,6.65,31.9,0,0,1,0,2.3,1
S03361,40.9,150.2,7.07,28.2,0,0,0,0,5.0,0
S03362,56.5,117.7,6.58,29.1,1,0,0,0,3.8,0
S03363,57.1,146.2,7.83,28.2,1,0,0,0,3.0,0
S03364,64.6,131.4,5.68,25.7,0,0,0,0,0.6,0
S03365,51.7,119.5,5.55,25.9,1,0,0,0,2.2,0
S03366,60.7,134.9,9.73,18.2,1,0,0,0,7.8,0
S03367,62.1,146.4,7.14,30.7,0,0,0,0,5.6,0
S03368,57.8,134.2,6.04,23.6,0,0,0,0,5.4,0
S03369,77.1,124.9,3.0,18.6,0,0,0,0,1.8,0
S03370,66.0,148.6,3.54,25.6,0,0,1,0,1.7,0
S03371,70.3,133.3,7.04,22.8,1,0,1,1,5.9,0
S03372,54.3,133.2,8.73,22.6,1,0,0,0,5.5,0
S03373,64.8,145.2,7.37,19.6,0,0,0,0,1.8,0
S03374,37.5,119.1,6.42,21.9,1,0,0,0,5.3,0
S03375,80.9,164.6,5.83,25.1,0,1,1,0,2.8,0
S03376,57.5,133.5,6.63,31.9,0,0,0,0,0.2,0
S03377,70.0,128.4,6.56,36.0,0,0,1,0,4.5,0
S03378,46.9,160.0,3.8,30.0,0,0,1,0,4.4,0
S03379,81.5,179.2,5.15,24.2,1,0,1,0,1.7,0
S03380,46.6,176.1,6.93,32.5,0,0,0,0,3.1,0
S03381,52.3,143.5,5.24,22.9,0,0,0,0,1.4,0
S03382,58.5,126.0,5.11,31.3,0,0,0,0,0.3,0
S03383,58.5,140.0,3.0,30.9,0,0,1,0,3.0,0
S03384,49.2,145.7,5.47,24.6,0,0,1,0,3.9,0
S03385,57.7,177.1,3.88,31.1,0,0,0,0,2.8,0
S03386,76.9,97.8,6.33,26.5,0,0,0,0,1.6,0
S03387,64.3,134.5,3.97,32.7,1,0,0,1,3.0,0
S03388,76.6,128.5,8.38,22.0,0,0,0,0,8.0,0
S03389,75.3,110.4,5.99,30.6,1,0,0,0,1.1,0
S03390,62.4,144.7,7.02,23.1,1,0,0,0,4.5,0
S03391,66.3,115.3,5.53,35.2,1,0,0,0,3.6,0
S03392,64.4,143.6,6.21,30.6,1,0,0,0,1.3,0
S03393,51.6,134.7,8.44,25.3,0,0,0,0,7.0,0
S03394,63.4,100.5,6.77,22.4,0,0,0,0,2.3,0
S03395,68.9,139.7,9.53,26.1,0,0,1,0,0.4,0
S03396,57.6,139.1,7.61,23.0,1,0,0,0,8.8,0
S03397,64.0,128.8,5.33,27.7,0,0,0,0,2.8,0
S03398,47.6,127.2,5.73,29.1,0,0,1,0,3.1,0
S03399,74.8,122.3,7.6,32.3,1,0,0,0,2.8,0
S03400,56.3,146.6,4.16,28.2,0,0,0,0,1.6,0
S03401,46.1,144.8,4.26,26.2,0,0,0,0,2.8,0
S03402,72.2,91.3,7.62,18.9,1,0,0,0,0.4,0
S03403,71.8,104.0,7.82,29.7,0,0,0,0,5.7,0
S03404,63.4,150.8,6.38,25.0,1,0,0,0,4.1,0
S03405,68.0,135.6,3.53,26.5,1,0,0,0,3.8,0
S03406,68.6,136.0,7.09,24.3,0,0,1,0,3.8,0
S03407,61.5,145.7,4.82,30.4,0,1,0,1,1.9,0
S03408,64.5,98.5,8.63,25.7,1,0,1,0,14.3,0
S03409,62.0,100.7,9.99,26.3,1,0,0,0,1.4,1
S03410,81.0,148.2,5.0,27.4,0,0,0,0,4.5,0
S03411,59.6,141.6,5.24,29.3,0,0,0,0,0.8,0
S03412,39.9,147.7,4.99,32.8,0,0,0,1,6.6,0
S03413,58.8,153.3,6.74,22.4,1,0,0,0,4.4,0
S03414,83.6,121.7,4.46,30.6,0,0,0,0,0.3,0
S03415,51.7,181.6,7.43,25.1,0,0,1,0,2.2,0
S03416,46.2,138.9,3.49,25.7,1,0,0,0,3.5,0
S03417,58.5,115.4,7.3,32.7,0,0,0,0,4.4,0
S03418,84.5,177.1,5.83,29.7,1,0,1,0,6.3,0
S03419,48.2,152.7,10.09,24.7,0,1,0,0,2.3,0
S03420,62.1,175.0,6.67,25.0,0,0,0,0,0.8,0
S03421,33.9,145.8,8.93,31.4,0,0,0,0,1.5,0
S03422,60.3,126.8,7.11,31.1,0,0,0,0,3.6,0
S03423,49.1,149.5,5.83,19.5,1,0,0,0,5.7,0
S03424,78.6,137.1,6.81,27.3,1,0,0,0,0.5,1
S03425,42.0,130.1,4.02,24.9,0,0,0,0,0.7,0
S03426,56.1,135.8,3.0,19.4,0,0,1,0,7.0,0
S03427,49.8,119.2,5.85,25.6,0,0,0,0,4.6,0
S03428,75.3,149.7,6.21,30.7,1,0,1,0,1.3,0
S03429,79.6,106.1,5.71,27.1,1,0,0,0,3.1,0
S03430,55.4,136.6,3.05,23.3,0,0,0,0,3.1,0
S03431,63.4,87.2,5.18,18.9,0,0,0,0,10.4,0
S03432,60.7,137.3,6.66,29.3,0,0,0,1,1.5,0
S03433,67.9,151.7,7.74,28.9,1,0,0,0,1.2,0
S03434,49.9,139.8,9.69,30.2,0,0,1,0,5.7,0
S03435,35.5,139.5,4.42,33.1,0,0,0,1,7.0,0
S03436,57.5,159.1,6.28,25.1,0,0,0,0,2.8,0
S03437,53.4,139.8,6.73,19.3,0,0,1,0,9.4,0
S03438,52.9,148.1,5.28,29.1,0,0,0,0,2.5,0
S03439,53.0,129.9,3.66,28.0,0,0,0,1,2.4,0
S03440,45.1,143.7,3.87,23.9,1,0,0,0,1.3,0
S03441,66.1,137.2,5.1,25.6,0,0,0,0,4.7,0
S03442,63.3,135.4,7.44,28.8,1,0,1,0,4.3,0
S03443,58.8,143.4,7.76,25.5,0,0,0,0,1.6,0
S03444,56.4,141.1,5.73,27.0,0,0,0,0,2.2,0
S03445,53.8,132.6,5.6,29.5,0,0,0,1,2.3,0
S03446,47.6,140.8,7.61,25.8,0,0,0,0,2.2,0
S03447,70.5,105.1,8.04,32.3,0,0,0,0,0.8,0
S03448,76.4,118.1,4.19,21.7,1,0,1,0,4.6,0
S03449,49.3,117.7,5.11,17.9,0,0,1,0,0.7,0
S03450,53.3,139.4,7.14,22.7,0,0,0,0,0.7,0
S03451,42.2,139.7,3.36,23.8,0,0,0,0,3.5,0
S03452,63.0,127.2,6.59,28.3,0,0,1,0,7.3,0
S03453,77.4,136.2,7.1,28.2,0,0,0,0,5.6,0
S03454,61.3,134.7,4.82,23.8,1,1,0,0,7.0,0
S03455,71.6,147.8,6.15,30.4,0,0,0,0,2.3,0
S03456,32.6,144.5,4.9,20.6,0,0,0,0,2.9,0
S03457,34.5,142.5,3.0,28.3,0,0,0,0,7.4,0
S03458,77.3,125.6,7.46,26.4,0,0,1,0,10.6,0
S03459,48.4,141.8,3.0,34.1,0,0,0,0,5.8,0
S03460,54.4,141.4,8.31,24.3,1,0,0,0,11.7,0
S03461,53.9,109.7,10.05,30.0,1,0,0,0,2.8,0
S03462,81.9,123.8,7.8,20.6,1,0,1,0,1.5,0
S03463,52.2,145.5,5.93,19.9,0,0,1,0,4.2,0
S03464,45.2,139.7,4.62,27.4,0,1,1,0,3.2,1
S03465,82.9,144.4,5.95,25.9,0,0,0,0,2.3,0
S03466,60.9,163.9,9.87,29.9,0,0,0,0,2.0,0
S03467,60.6,141.4,8.88,21.8,0,0,0,0,1.3,0
S03468,43.4,124.7,5.67,23.5,1,0,0,0,8.0,0
S03469,71.3,124.3,7.54,37.5,1,0,0,0,2.4,0
S03470,66.2,141.6,5.48,26.4,0,0,1,0,5.0,0
S03471,59.5,111.8,3.72,26.2,0,0,1,1,5.8,0
S03472,53.2,101.8,8.66,25.9,1,0,0,0,6.4,0
S03473,69.9,136.8,8.03,25.6,0,0,1,0,4.9,0
S03474,62.1,154.8,7.16,33.5,0,0,0,0,5.5,0
S03475,56.8,167.2,5.01,24.5,1,0,0,0,7.0,0
S03476,41.4,135.4,5.12,31.3,0,0,0,0,4.4,0
S03477,63.7,160.0,7.65,28.0,0,0,0,0,0.7,0
S03478,85.5,165.4,7.37,28.0,0,0,0,0,1.1,0
S03479,60.3,163.4,6.48,40.3,0,0,0,0,0.9,1
S03480,69.2,181.9,3.91,25.3,0,0,0,0,2.1,0
S03481,60.8,122.7,5.59,20.5,0,0,1,0,1.5,0
S03482,59.3,131.6,5.78,21.5,1,0,0,0,1.6,0
S03483,69.2,177.8,6.72,28.7,0,0,0,0,5.5,1
S03484,54.3,112.9,9.72,21.8,0,0,0,0,3.3,0
S03485,51.8,145.1,9.14,27.5,0,0,0,0,3.3,0
S03486,45.6,117.9,7.54,22.8,0,0,0,0,1.4,0
S03487,67.6,141.4,3.0,28.8,1,0,0,0,0.6,0
S03488,80.1,109.2,8.73,28.6,0,0,0,1,3.1,0
S03489,43.0,127.2,9.37,23.0,0,0,1,0,13.9,0
S03490,59.1,131.0,3.56,30.9,0,0,0,1,2.7,0
S03491,52.9,151.6,8.26,29.7,1,0,0,0,3.0,0
S03492,58.7,155.2,5.55,22.7,1,0,0,0,2.6,0
S03493,61.4,115.8,6.54,29.5,0,0,1,0,6.7,0
S03494,60.8,139.7,6.13,33.4,0,0,0,0,4.4,0
S03495,66.6,137.9,4.74,20.5,0,0,0,0,2.0,0
S03496,62.5,163.8,5.58,30.0,1,0,0,0,2.7,0
S03497,66.9,177.6,7.02,28.6,1,1,0,0,6.0,0
S03498,47.3,108.8,6.14,27.1,0,0,0,0,4.7,0
S03499,72.2,152.6,5.14,24.8,0,0,0,0,2.2,0
S03500,54.8,129.5,3.5,27.8,0,0,0,0,8.0,0
S03501,58.7,119.6,6.35,26.2,0,0,0,0,5.1,0
S03502,61.6,113.2,6.59,33.2,1,0,0,0,1.3,0
S03503,56.4,102.4,6.55,21.0,0,0,0,0,5.9,0
S03504,59.1,149.0,4.89,29.5,0,0,0,0,7.8,0
S03505,70.3,148.1,7.46,25.3,1,0,0,0,3.4,0
S03506,73.2,146.4,8.67,20.7,0,0,0,0,5.0,1
S03507,66.4,154.6,5.0,30.5,1,0,1,0,7.3,0
S03508,66.9,108.7,8.23,32.0,0,0,1,0,3.7,0
S03509,44.5,144.9,4.83,18.9,0,0,1,0,2.7,0
S03510,63.7,132.0,5.91,20.0,0,0,1,0,2.1,0
S03511,38.5,132.7,4.84,21.5,1,0,0,0,5.2,0
S03512,41.8,116.7,8.95,26.4,1,0,1,0,2.2,0
S03513,47.1,177.7,9.72,26.8,1,0,0,0,3.5,1
S03514,95.0,152.5,4.3,27.1,0,0,0,0,2.3,0
S03515,58.4,121.1,7.41,27.6,0,0,1,0,6.4,0
S03516,44.9,124.5,8.15,19.0,1,0,0,0,1.6,0
S03517,72.6,177.2,4.36,33.1,1,0,0,0,4.8,0
S03518,72.7,153.0,4.91,33.3,0,0,1,0,3.4,0
S03519,64.3,132.7,6.51,33.0,1,0,0,0,3.6,0
S03520,68.6,121.0,7.41,26.3,0,0,0,0,5.3,0
S03521,49.2,151.7,7.13,32.5,1,1,1,0,4.5,0
S03522,73.3,153.8,4.81,24.8,1,1,0,0,1.7,0
S03523,42.8,169.8,6.52,24.1,1,0,0,0,0.8,0
S03524,52.5,117.3,3.2,28.7,1,0,0,1,1.3,0
S03525,56.9,156.6,6.58,23.1,0,0,0,0,1.5,0
S03526,43.1,139.3,10.17,24.6,0,0,0,0,3.9,0
S03527,52.8,137.6,3.77,29.8,0,0,0,0,8.2,0
S03528,84.6,150.9,5.72,23.5,0,0,0,0,4.1,0
S03529,44.0,108.5,3.0,28.3,1,0,0,1,2.3,0
S03530,75.6,89.6,4.97,33.8,0,0,1,0,2.3,0
S03531,42.3,148.3,3.12,23.9,1,0,0,1,2.7,0
S03532,53.0,153.2,6.08,21.9,0,0,0,0,1.1,0
S03533,82.3,150.5,7.66,26.9,1,0,0,0,0.6,0
S03534,74.9,148.2,6.25,21.9,0,0,0,0,5.1,0
S03535,47.3,133.3,8.7,25.9,0,0,0,0,4.7,0
S03536,75.9,136.2,7.63,23.0,0,0,0,0,2.9,0
S03537,56.2,129.6,7.36,22.9,1,0,0,0,1.9,0
S03538,72.4,141.5,6.55,28.6,0,0,0,0,2.8,0
S03539,69.0,145.4,7.45,20.3,0,0,0,0,0.4,0
S03540,62.8,126.2,6.02,28.0,1,0,0,0,5.0,0
S03541,61.8,128.7,4.31,32.1,1,1,1,1,1.8,0
S03542,55.7,140.4,3.44,33.7,0,0,0,0,3.1,0
S03543,81.7,125.7,7.63,27.1,0,0,0,0,6.6,1
S03544,57.5,103.8,7.22,29.1,0,0,0,0,8.5,1
S03545,49.5,129.4,8.7,31.6,0,0,0,0,8.7,0
S03546,66.6,125.0,6.57,29.2,1,0,1,0,8.6,0
S03547,49.2,136.8,8.9,26.9,0,1,1,0,2.7,0
S03548,59.4,156.0,9.49,39.2,1,0,0,0,1.6,0
S03549,65.8,107.1,8.99,27.6,1,1,0,0,2.0,0
S03550,56.6,126.6,5.36,25.0,0,0,1,0,1.5,0
S03551,50.7,145.4,7.26,22.9,0,0,1,0,17.3,0
S03552,61.6,134.0,7.47,29.4,0,0,1,0,4.9,0
S03553,59.8,147.6,7.65,30.1,0,0,0,0,3.1,0
S03554,56.3,108.8,4.04,29.4,1,0,0,0,2.9,0
S03555,51.1,141.4,7.99,24.4,0,1,1,0,3.8,0
S03556,71.5,108.7,5.96,30.2,0,0,1,0,6.6,0
S03557,74.6,148.0,7.39,31.5,0,0,0,0,4.4,0
S03558,59.0,150.4,5.72,35.0,1,0,1,0,0.8,0
S03559,52.2,132.8,4.05,35.1,0,0,0,0,3.3,0
S03560,58.4,126.7,5.77,18.6,0,0,0,0,1.3,0
S03561,46.8,129.9,8.33,28.0,0,0,0,0,3.6,0
S03562,56.3,141.5,3.0,27.2,0,0,0,0,3.8,0
S03563,60.3,131.5,8.4,29.6,0,1,0,0,5.6,0
S03564,57.7,127.5,8.89,23.1,1,0,0,0,1.8,0
S03565,58.4,148.6,8.01,29.9,0,0,0,0,1.6,0
S03566,55.7,177.5,8.12,29.2,1,0,0,0,3.7,0
S03567,79.2,161.1,3.14,22.5,0,0,0,0,8.6,0
S03568,54.2,138.9,6.39,26.8,0,0,0,0,8.7,0
S03569,51.4,155.1,5.83,29.8,1,0,0,0,2.7,0
S03570,87.7,102.8,6.93,20.5,0,0,0,0,2.7,1
S03571,37.4,141.2,6.06,26.5,1,0,0,0,2.2,0
S03572,75.9,163.8,6.17,28.1,0,0,1,0,8.8,1
S03573,56.7,177.4,8.53,25.0,0,0,0,0,14.8,0
S03574,78.2,142.5,6.32,32.8,1,0,0,0,11.5,0
S03575,88.3,127.7,5.11,28.9,1,0,0,0,2.5,0
S03576,74.8,112.9,7.89,29.9,0,0,0,0,3.0,0
S03577,53.6,126.4,4.92,24.0,0,0,1,0,8.7,0
S03578,54.2,137.4,5.68,24.2,1,0,0,0,1.4,0
S03579,46.6,146.8,5.14,27.4,0,0,0,1,2.2,0
S03580,64.8,156.8,4.73,27.1,0,0,0,0,2.2,0
S03581,75.0,159.5,9.13,33.2,1,0,0,0,6.5,0
S03582,52.8,142.0,5.91,22.1,0,0,0,0,2.3,0
S03583,89.3,122.8,5.96,22.6,0,0,0,0,6.8,0
S03584,56.6,121.7,5.22,34.2,0,1,0,0,6.7,0
S03585,38.8,121.9,3.0,21.2,0,0,1,0,1.1,0
S03586,75.6,102.3,6.4,27.4,0,0,1,0,1.3,0
S03587,69.7,146.5,5.45,26.5,0,0,0,0,2.5,0
S03588,72.1,119.0,10.87,23.6,1,0,0,0,7.5,1
S03589,45.7,147.0,3.24,33.3,1,0,0,0,2.2,0
S03590,63.1,120.2,9.34,23.3,1,1,0,0,4.1,0
S03591,56.3,138.2,5.02,33.7,1,0,1,0,5.9,0
S03592,74.5,130.3,6.83,35.2,0,0,0,0,7.9,0
S03593,72.7,169.0,4.92,23.5,1,0,0,0,3.2,0
S03594,57.4,172.7,6.93,33.7,1,0,1,0,3.7,0
S03595,62.9,142.2,6.28,21.3,1,0,1,0,4.2,1
S03596,38.1,144.2,5.01,26.9,0,0,0,0,5.6,0
S03597,56.4,132.3,5.95,24.7,1,0,0,0,5.0,0
S03598,60.1,132.6,8.38,29.3,0,0,0,0,6.5,0
S03599,66.4,129.6,6.26,31.3,1,0,1,0,0.7,0
S03600,73.5,138.7,4.35,27.1,0,0,0,0,4.1,0
S03601,47.9,143.2,6.93,20.8,0,0,0,0,10.9,0
S03602,59.9,144.7,11.2,22.4,1,0,1,0,0.8,0
S03603,84.3,147.1,5.86,23.7,0,0,1,0,2.8,0
S03604,80.1,111.2,6.41,32.0,0,0,0,0,12.4,0
S03605,77.0,160.0,6.37,28.1,0,0,0,0,1.8,0
S03606,55.3,152.3,7.6,29.7,0,0,0,0,8.5,0
S03607,46.9,149.2,6.07,24.1,0,0,0,0,1.1,0
S03608,61.2,94.9,5.46,21.8,0,0,1,0,4.5,0
S03609,53.7,167.6,3.58,19.9,0,0,0,0,4.6,0
S03610,66.2,131.1,7.04,30.7,0,0,0,0,10.7,0
S03611,68.4,119.5,4.62,24.5,1,0,0,0,2.4,0
S03612,83.3,109.4,6.86,24.7,0,0,0,0,7.1,0
S03613,54.2,121.0,4.33,29.6,0,1,0,0,1.5,0
S03614,75.0,142.1,7.25,25.2,1,0,1,0,9.6,1
S03615,82.1,133.7,7.79,21.0,0,0,0,0,3.1,0
S03616,64.7,151.2,5.16,25.0,1,0,0,0,2.6,0
S03617,62.9,158.7,8.68,27.1,0,0,1,0,5.7,0
S03618,28.7,171.5,6.97,28.1,0,0,1,0,3.0,0
S03619,68.9,131.0,3.59,36.7,0,1,0,0,1.7,0
S03620,68.0,148.3,8.1,23.6,1,0,0,0,7.8,1
S03621,82.2,149.2,4.14,29.3,0,0,0,0,8.3,0
S03622,49.7,165.4,3.63,23.1,0,0,0,0,10.7,0
S03623,63.1,121.4,6.75,24.0,0,0,0,1,2.2,0
S03624,53.0,120.3,4.72,26.2,1,0,0,0,1.3,0
S03625,46.3,146.4,6.17,29.0,0,0,0,0,4.2,0
S03626,95.0,132.2,7.08,22.8,0,0,1,0,0.8,0
S03627,57.9,120.2,6.5,32.8,0,0,1,1,2.9,0
S03628,84.0,127.1,4.51,23.8,1,1,0,0,7.7,0
S03629,29.6,164.5,4.37,31.1,0,0,0,0,4.4,0
S03630,69.4,148.0,4.57,30.0,0,0,1,0,2.9,0
S03631,53.5,132.6,8.96,23.8,0,0,1,0,5.3,0
S03632,71.8,148.1,7.95,27.2,1,0,0,0,9.4,0
S03633,58.1,156.5,5.72,24.2,0,0,0,0,5.2,0
S03634,60.6,137.6,6.76,30.8,1,0,0,0,3.6,0
S03635,61.9,139.8,5.79,37.5,0,0,0,0,2.3,0
S03636,57.2,131.7,6.33,27.4,0,0,0,0,2.6,0
S03637,66.4,158.6,7.23,32.2,0,0,0,0,2.0,0
S03638,68.5,155.4,7.83,21.9,1,0,0,0,9.9,0
S03639,75.3,120.9,11.47,24.0,0,0,0,0,2.1,0
S03640,63.3,150.3,6.23,20.7,1,0,0,0,4.8,0
S03641,62.6,128.2,5.43,23.9,1,0,0,0,3.6,1
S03642,62.2,161.7,4.82,33.2,0,0,0,0,2.1,0
S03643,59.9,135.0,4.62,17.8,0,0,0,0,2.8,0
S03644,44.8,117.7,4.71,26.5,0,0,1,0,7.7,0
S03645,51.7,130.1,6.69,30.3,1,1,0,0,2.2,0
S03646,67.0,142.3,7.25,33.7,0,0,1,1,3.0,0
S03647,72.3,125.5,4.83,36.5,1,0,1,0,8.1,0
S03648,61.6,136.6,7.23,23.1,0,0,0,0,2.9,0
S03649,71.4,146.7,5.35,29.2,0,0,1,1,3.1,0
S03650,40.0,109.9,6.41,30.0,1,0,0,0,0.8,0
S03651,68.2,143.6,7.12,26.6,0,0,0,0,4.0,0
S03652,61.3,121.4,6.43,30.8,0,0,0,0,4.3,0
S03653,59.2,164.3,6.2,30.0,0,0,0,0,1.3,0
S03654,58.0,108.7,6.54,30.4,0,0,1,0,1.6,0
S03655,55.3,153.2,9.65,29.8,1,0,0,0,7.6,0
S03656,63.1,142.7,5.8,25.0,0,0,0,0,5.2,1
S03657,71.7,168.6,4.32,25.0,0,0,0,0,1.7,0
S03658,70.3,131.3,5.89,32.3,1,0,0,1,1.2,0
S03659,66.7,122.5,5.71,25.8,0,1,1,0,0.8,0
S03660,50.0,145.8,8.18,24.4,0,1,0,1,1.6,0
S03661,44.1,119.5,4.63,27.2,0,0,1,1,1.0,0
S03662,76.4,151.6,5.25,26.8,0,0,0,0,4.6,0
S03663,41.3,97.7,6.82,24.1,1,0,0,1,2.0,0
S03664,48.4,136.3,5.08,21.5,1,0,0,1,3.5,0
S03665,49.8,144.2,9.02,24.8,0,0,1,0,11.1,0
S03666,62.2,142.7,9.47,26.5,0,1,1,0,5.2,0
S03667,57.2,149.0,9.13,15.1,0,0,0,0,2.1,0
S03668,57.2,112.7,6.22,22.6,0,0,0,0,1.1,0
S03669,45.7,121.2,5.68,25.9,1,0,0,0,5.8,0
S03670,31.9,154.6,5.56,26.0,1,0,0,0,6.8,0
S03671,76.0,140.5,7.37,28.0,1,0,0,0,0.7,0
S03672,73.4,138.2,7.33,30.1,0,0,0,1,16.4,1
S03673,57.1,119.8,5.98,26.3,0,0,1,0,3.4,0
S03674,65.2,117.7,5.31,26.9,0,0,1,0,2.6,0
S03675,51.3,170.8,3.13,27.0,1,0,0,0,6.1,0
S03676,70.4,148.1,6.75,20.5,1,0,0,0,2.3,0
S03677,78.2,152.2,6.9,24.0,0,0,0,0,2.9,0
S03678,65.7,117.7,6.4,21.5,0,0,0,0,2.6,0
S03679,38.3,133.6,8.07,32.0,0,0,0,0,8.9,0
S03680,44.5,153.8,5.88,29.7,0,0,0,0,9.9,0
S03681,86.4,103.2,10.13,20.5,0,0,0,0,6.1,0
S03682,75.9,135.3,4.72,25.9,0,0,1,0,7.0,0
S03683,44.4,154.3,8.49,32.8,1,0,1,0,2.4,0
S03684,71.8,155.4,5.51,24.0,0,0,0,0,6.8,0
S03685,40.7,158.9,4.94,27.5,1,0,1,0,0.4,0
S03686,58.2,128.4,7.48,34.6,1,0,0,0,4.3,0
S03687,49.8,144.5,5.63,25.1,1,1,0,0,0.9,0
S03688,69.2,140.7,7.92,25.0,0,0,1,0,7.3,0
S03689,69.7,125.7,4.86,25.2,0,1,0,0,12.7,0
S03690,49.8,138.8,6.91,32.7,0,0,0,0,8.5,0
S03691,60.6,158.1,4.41,25.7,1,0,0,0,3.9,0
S03692,72.5,105.4,6.2,30.7,0,0,1,0,3.1,0
S03693,87.5,128.9,7.07,23.8,0,0,0,0,2.1,0
S03694,66.8,150.2,4.08,30.2,1,0,0,0,3.8,0
S03695,69.5,143.1,5.79,26.7,1,0,0,0,1.8,0
S03696,50.6,159.7,3.85,27.5,0,0,0,0,8.1,0
S03697,59.3,123.2,6.34,26.3,0,0,0,0,4.4,0
S03698,86.3,144.9,6.62,40.7,0,0,0,0,8.6,0
S03699,68.0,145.2,4.81,30.5,0,0,1,0,3.7,0
S03700,63.3,104.4,5.74,33.3,0,0,0,1,3.3,0
S03701,61.5,147.4,8.63,29.7,0,0,0,0,3.7,0
S03702,84.1,135.2,6.07,29.1,1,0,0,0,3.9,0
S03703,59.8,171.1,5.54,17.9,0,0,0,0,5.6,0
S03704,49.6,101.3,5.72,28.4,0,0,0,0,3.4,0
S03705,57.1,113.3,5.22,24.9,1,1,0,1,4.7,0
S03706,65.2,137.6,5.57,26.3,0,0,0,0,6.1,1
S03707,65.8,122.8,4.77,31.6,1,0,0,0,2.7,0
S03708,52.0,85.0,9.12,25.0,1,0,1,0,5.6,0
S03709,71.9,155.9,3.87,23.7,0,0,0,0,3.2,0
S03710,67.0,128.4,5.5,35.2,0,0,1,0,1.7,0
S03711,75.4,140.1,3.0,23.5,0,0,0,0,7.9,0
S03712,65.4,155.7,3.38,22.9,1,0,0,1,1.2,0
S03713,43.0,141.2,6.96,22.3,0,0,0,0,0.3,0
S03714,50.9,130.1,9.26,20.4,0,0,0,0,7.4,0
S03715,68.8,112.6,9.0,23.8,0,0,0,0,13.2,0
S03716,48.0,138.9,3.79,31.4,0,0,0,0,6.8,0
S03717,61.4,150.6,8.56,16.2,0,0,0,0,4.5,0
S03718,48.3,140.0,6.68,22.8,0,0,1,0,7.7,0
S03719,59.6,123.9,3.58,32.7,0,0,0,1,2.6,0
S03720,88.6,115.4,5.74,34.6,0,0,1,1,1.8,0
S03721,36.8,147.7,6.4,29.1,0,0,0,0,0.4,0
S03722,69.9,118.2,8.97,25.2,0,0,0,0,2.1,0
S03723,82.1,169.0,4.01,21.6,0,1,1,0,4.6,0
S03724,58.8,118.4,7.55,29.9,0,0,0,0,4.7,0
S03725,71.4,146.7,8.5,31.5,0,0,0,0,3.1,0
S03726,70.6,109.0,7.29,23.6,0,0,0,0,0.9,0
S03727,59.7,146.2,6.39,38.3,0,0,0,0,4.6,0
S03728,51.3,158.5,8.52,27.1,1,0,1,0,4.6,0
S03729,46.5,117.9,4.44,34.4,0,0,0,0,3.7,0
S03730,67.2,101.9,5.66,18.2,0,0,0,0,3.2,0
S03731,75.0,122.0,4.94,32.2,0,0,0,0,10.4,0
S03732,58.2,146.6,8.17,31.1,0,0,0,0,1.7,0
S03733,49.9,125.0,4.39,29.9,1,0,0,1,7.3,0
S03734,69.4,145.0,5.17,16.6,0,0,1,0,2.9,0
S03735,55.1,129.6,4.91,24.3,1,1,1,0,4.3,0
S03736,60.3,133.8,5.17,35.2,0,0,0,0,1.0,0
S03737,71.5,126.1,4.52,26.4,0,0,1,0,4.4,0
S03738,50.6,141.5,6.81,31.3,0,0,0,0,15.9,0
S03739,64.9,133.1,9.74,30.0,1,0,0,0,2.2,0
S03740,34.4,160.1,8.1,23.4,1,1,0,0,1.3,0
S03741,74.1,126.4,3.4,29.7,0,0,0,0,6.0,0
S03742,64.3,125.0,8.94,20.9,0,0,1,0,8.2,0
S03743,44.9,138.7,9.63,30.6,1,0,1,0,0.1,0
S03744,65.7,133.5,6.63,30.8,0,0,0,0,2.8,0
S03745,61.6,165.4,5.2,26.3,0,0,1,0,2.6,0
S03746,60.8,139.7,5.84,26.2,0,0,1,1,3.8,0
S03747,49.6,127.2,7.61,24.6,0,0,0,0,3.1,0
S03748,79.0,125.3,7.85,19.1,0,0,0,0,3.8,0
S03749,51.0,151.7,7.9,38.8,0,0,1,0,4.2,0
S03750,62.9,135.1,4.6,26.1,1,0,0,0,3.9,0
S03751,63.8,113.5,7.49,26.2,0,0,1,0,1.4,0
S03752,49.0,143.8,8.05,24.3,0,0,0,0,2.5,0
S03753,64.9,145.0,8.06,20.4,0,0,0,0,1.8,0
S03754,64.5,140.1,4.82,24.0,0,0,0,0,2.4,0
S03755,58.8,117.0,3.3,31.7,1,0,0,0,6.0,0
S03756,70.6,162.7,3.94,25.2,1,0,1,0,3.8,0
S03757,58.0,105.6,7.51,22.2,0,0,1,0,5.9,0
S03758,54.2,154.0,5.11,24.7,1,0,1,0,2.8,0
S03759,86.7,151.7,8.14,24.3,1,0,0,0,1.7,0
S03760,61.1,159.5,7.23,27.8,0,0,1,1,6.6,0
S03761,62.7,155.6,6.65,27.6,0,0,0,0,4.6,0
S03762,60.9,123.2,6.97,26.4,0,0,0,0,6.6,0
S03763,66.4,131.3,5.83,23.0,0,0,0,0,7.6,0
S03764,45.9,141.2,7.87,15.8,0,0,0,0,3.0,0
S03765,40.9,150.2,5.64,31.5,1,0,0,0,8.2,0
S03766,55.5,138.3,5.21,23.0,0,0,1,1,1.7,0
S03767,57.8,159.8,5.77,25.1,0,0,0,0,2.0,0
S03768,55.3,158.6,9.0,27.2,0,0,0,0,5.5,0
S03769,54.2,140.2,6.47,26.0,1,0,0,0,2.9,0
S03770,72.8,119.3,7.65,22.8,0,0,0,0,7.1,0
S03771,53.1,134.9,7.07,21.1,0,0,1,0,0.2,0
S03772,78.6,161.9,4.18,29.0,1,0,1,0,2.9,0
S03773,62.2,142.0,5.45,31.6,0,0,1,0,2.1,0
S03774,65.0,134.8,6.35,31.4,0,0,0,0,6.1,0
S03775,65.4,117.4,5.23,22.0,0,0,0,0,7.1,0
S03776,54.2,141.0,4.95,27.7,1,0,0,0,2.1,0
S03777,52.2,114.8,5.97,23.8,1,0,0,0,0.6,0
S03778,66.3,131.2,7.23,15.7,0,0,0,0,3.1,0
S03779,61.7,115.6,5.11,35.2,0,1,1,0,1.5,0
S03780,76.0,170.1,9.88,20.8,1,0,1,0,0.4,0
S03781,60.6,149.5,4.33,26.3,1,1,0,0,2.3,1
S03782,55.0,141.8,5.22,29.6,0,0,1,0,15.6,0
S03783,55.2,138.7,6.57,25.6,0,0,0,0,4.4,0
S03784,62.8,158.5,6.09,25.6,0,0,0,0,5.7,0
S03785,63.5,132.6,4.63,19.5,0,0,0,0,2.7,0
S03786,57.2,111.1,3.96,25.6,1,0,0,0,6.4,0
S03787,67.4,141.6,4.94,20.1,0,0,0,1,1.5,0
S03788,81.1,105.3,8.16,24.6,0,0,0,0,4.8,1
S03789,65.8,128.6,5.95,24.0,0,0,1,0,0.7,0
S03790,55.2,131.3,6.99,24.6,0,0,0,0,2.3,0
S03791,58.5,146.2,6.93,32.1,1,0,0,0,6.5,0
S03792,56.9,113.2,4.1,27.8,1,0,0,0,6.2,0
S03793,40.6,135.8,6.69,25.3,1,0,0,0,1.4,0
S03794,58.3,127.6,7.05,26.2,1,0,0,0,2.5,0
S03795,67.6,120.9,5.33,25.7,1,0,0,0,0.4,0
S03796,55.2,121.0,8.53,24.1,1,0,0,0,2.0,0
S03797,47.0,151.7,4.58,20.1,0,0,0,0,2.6,0
S03798,49.9,174.3,8.62,22.9,0,0,1,0,4.4,0
S03799,81.1,174.0,8.63,24.9,0,0,0,0,3.6,0
S03800,67.8,139.9,4.23,24.7,0,0,0,0,0.6,0
S03801,49.1,158.9,6.67,33.5,0,0,1,0,4.4,0
S03802,66.9,165.5,7.95,23.6,0,0,1,0,7.2,0
S03803,51.4,156.6,6.55,34.2,0,0,0,0,1.6,0
S03804,69.4,141.0,8.1,21.3,0,0,0,0,6.2,0
S03805,42.6,140.6,7.83,24.0,0,0,0,0,4.2,0
S03806,63.4,130.4,8.91,29.4,1,0,0,0,0.4,0
S03807,69.1,170.7,6.09,25.5,0,0,1,0,4.5,0
S03808,73.3,121.4,7.41,32.4,0,0,0,0,3.1,0
S03809,56.4,143.9,3.18,23.4,0,0,0,0,7.1,0
S03810,47.9,143.3,5.02,25.0,1,0,1,0,3.2,0
S03811,63.8,155.8,5.97,28.2,1,0,0,0,1.2,0
S03812,67.8,136.0,7.53,26.0,1,0,1,0,6.5,0
S03813,49.5,143.6,5.05,29.2,1,0,0,0,0.9,0
S03814,59.1,90.8,3.0,22.5,0,0,1,0,1.1,0
S03815,52.0,164.5,6.22,21.9,1,0,1,0,3.4,0
S03816,73.9,148.5,8.38,38.3,0,0,0,0,2.3,0
S03817,53.6,183.4,6.5,28.1,0,0,0,0,5.7,0
S03818,73.0,128.5,3.87,26.6,0,0,0,0,8.3,0
S03819,51.0,132.7,5.07,27.1,1,0,1,1,3.8,0
S03820,74.1,136.6,3.82,27.2,0,0,0,0,1.4,0
S03821,71.5,141.1,6.6,36.2,0,0,0,0,2.7,0
S03822,41.4,140.2,6.47,19.7,0,0,0,0,10.5,0
S03823,47.0,129.9,8.94,25.7,0,0,1,0,4.7,0
S03824,58.6,134.3,9.37,28.3,0,0,0,0,3.8,0
S03825,44.5,144.6,3.91,31.3,0,0,1,0,6.3,0
S03826,48.0,124.4,6.54,20.3,0,0,1,0,1.2,0
S03827,59.7,104.7,4.35,23.3,0,0,0,0,5.9,0
S03828,62.7,183.9,6.41,16.3,0,0,0,0,2.1,0
S03829,75.7,140.4,5.72,21.2,0,0,0,0,7.3,0
S03830,39.0,148.0,5.53,25.3,0,0,0,1,5.1,0
S03831,73.5,115.2,4.15,26.7,1,0,0,0,3.3,0
S03832,54.8,126.1,10.7,26.0,0,0,0,0,2.4,0
S03833,45.0,125.8,5.74,28.0,0,1,0,1,3.9,0
S03834,55.4,142.5,4.82,20.1,0,0,0,0,7.2,0
S03835,76.3,130.8,5.84,23.8,1,0,1,0,1.5,0
S03836,43.3,141.7,4.44,18.2,0,0,0,0,3.4,0
S03837,64.6,153.0,4.6,31.2,1,0,0,0,2.9,0
S03838,44.1,139.6,7.13,25.9,0,0,0,0,4.7,0
S03839,32.7,109.2,4.65,23.5,0,0,0,0,9.2,0
S03840,65.8,137.6,4.46,21.2,0,0,0,0,1.2,0
S03841,58.6,133.8,7.64,23.5,1,0,1,0,3.2,0
S03842,77.2,133.9,8.24,25.0,0,0,0,0,4.8,0
S03843,57.4,133.2,6.01,26.0,1,0,0,0,4.2,0
S03844,38.3,145.9,6.4,24.0,0,0,0,1,3.1,0
S03845,73.6,114.6,5.75,29.6,0,0,0,1,7.6,0
S03846,65.6,128.5,6.75,15.0,0,0,0,0,6.5,0
S03847,59.3,148.2,3.86,32.1,1,0,1,0,2.9,0
S03848,66.6,115.8,3.78,35.6,1,0,0,0,1.7,0
S03849,75.4,150.3,5.37,32.4,0,0,0,0,7.7,0
S03850,71.2,187.6,4.75,28.0,0,0,1,0,2.8,0
S03851,44.3,147.1,6.89,23.2,1,0,0,0,5.3,0
S03852,55.3,142.3,7.34,25.7,1,0,0,0,3.5,0
S03853,63.0,171.9,8.97,15.9,0,0,0,0,1.3,0
S03854,59.5,132.2,8.04,31.2,1,0,0,0,4.6,0
S03855,61.1,150.8,6.3,32.1,0,0,0,0,4.0,0
S03856,57.9,178.2,8.6,20.5,1,0,0,0,1.7,0
S03857,41.3,142.0,3.73,16.7,0,0,0,0,10.2,0
S03858,67.7,126.8,6.11,23.8,0,0,0,0,4.2,0
S03859,58.1,136.5,6.12,32.3,0,0,0,0,10.5,0
S03860,41.2,122.2,9.11,27.1,0,0,0,0,1.0,0
S03861,78.9,135.1,8.6,25.2,1,0,0,0,5.4,0
S03862,55.1,133.8,6.99,26.8,0,0,0,1,6.0,0
S03863,65.8,142.5,4.11,26.0,0,0,0,0,1.7,0
S03864,48.7,140.9,7.76,30.5,0,0,0,0,2.9,0
S03865,61.3,144.1,6.92,31.5,0,0,0,0,0.6,0
S03866,56.9,152.7,6.68,31.2,1,0,0,0,2.2,0
S03867,81.4,142.7,5.07,33.0,0,0,0,0,4.8,0
S03868,41.6,171.2,6.91,31.5,0,0,0,0,3.8,0
S03869,65.8,137.9,5.31,24.7,0,0,1,1,6.3,0
S03870,57.3,140.6,6.51,23.5,1,0,0,0,5.9,0
S03871,67.3,120.0,3.83,26.9,1,0,0,0,2.5,0
S03872,61.4,165.3,7.87,23.1,0,0,0,0,4.5,0
S03873,53.5,160.3,10.34,28.7,1,0,1,0,1.1,0
S03874,69.3,170.9,5.44,31.9,1,0,0,0,10.1,0
S03875,59.0,116.3,4.56,21.8,0,0,0,0,1.6,0
S03876,71.2,165.0,3.44,21.4,0,1,0,0,3.8,0
S03877,65.3,152.8,8.5,24.0,0,1,0,0,1.0,0
S03878,52.7,149.4,5.24,25.6,0,0,0,0,5.7,0
S03879,68.8,139.5,5.67,22.8,1,0,0,0,5.1,0
S03880,36.6,148.2,6.4,26.8,0,0,1,0,3.4,0
S03881,53.2,132.6,7.5,16.7,0,0,0,0,2.6,0
S03882,65.4,110.0,5.62,29.3,0,1,1,1,5.3,0
S03883,75.4,147.2,7.04,29.8,1,0,1,0,0.8,0
S03884,51.6,126.2,5.47,34.6,1,0,0,1,3.7,0
S03885,47.1,131.3,6.71,24.9,0,0,0,0,1.5,0
S03886,76.0,139.7,6.89,27.9,0,0,0,0,1.1,0
S03887,75.6,100.1,8.24,30.7,0,1,1,1,5.5,1
S03888,65.5,139.6,8.38,36.2,1,0,0,0,3.1,0
S03889,61.3,119.3,7.1,24.8,1,0,0,0,9.6,0
S03890,50.3,115.7,7.45,27.3,1,0,1,0,4.2,0
S03891,65.9,111.9,5.83,18.0,1,0,0,1,1.1,0
S03892,51.2,118.6,8.52,24.7,0,0,0,0,1.5,0
S03893,40.5,140.3,5.94,29.8,0,0,0,0,4.8,0
S03894,28.0,117.7,5.02,24.3,1,0,0,0,0.6,0
S03895,66.5,170.6,8.04,29.3,1,0,0,0,3.5,0
S03896,62.8,107.8,8.36,29.7,0,0,0,0,6.3,0
S03897,32.2,135.6,8.07,33.9,0,0,0,0,3.1,0
S03898,49.5,134.5,4.34,22.3,1,0,1,0,0.5,0
S03899,47.4,142.6,6.47,26.1,1,0,0,0,3.2,0
S03900,46.1,125.2,6.84,30.5,0,0,1,0,1.5,0
S03901,39.6,191.1,7.09,23.7,0,0,0,0,1.1,0
S03902,62.8,165.1,4.51,20.2,0,1,1,0,2.6,0
S03903,56.6,147.8,4.58,23.2,0,0,1,0,6.1,0
S03904,50.9,133.6,5.11,26.2,1,0,0,0,3.5,0
S03905,24.8,146.3,3.66,22.4,0,0,1,0,0.9,0
S03906,78.4,155.8,8.17,25.9,1,0,0,0,4.3,0
S03907,53.6,152.9,4.22,25.8,0,0,0,0,10.5,0
S03908,75.9,149.2,5.2,21.8,1,0,0,0,2.2,0
S03909,62.9,141.5,9.95,22.6,0,0,0,0,2.4,0
S03910,54.6,100.7,3.0,18.5,0,0,0,0,5.2,0
S03911,52.3,137.3,6.82,21.7,0,0,1,0,2.9,0
S03912,61.3,115.7,3.45,25.6,1,0,0,1,9.0,0
S03913,70.3,107.2,5.01,27.9,1,0,1,0,3.6,0
S03914,50.8,134.5,5.0,25.6,0,0,0,0,3.3,0
S03915,68.1,164.8,5.62,25.0,0,0,0,0,5.3,0
S03916,41.6,156.0,3.78,21.2,1,0,0,0,3.6,0
S03917,59.2,162.4,4.69,23.3,0,0,0,0,2.5,0
S03918,71.5,116.1,8.57,22.4,1,1,1,0,8.8,0
S03919,82.5,140.5,4.45,28.2,0,1,0,0,4.7,0
S03920,93.6,113.2,7.07,29.9,0,0,0,0,2.4,1
S03921,57.4,173.7,6.1,18.1,0,0,0,1,5.2,0
S03922,52.1,103.6,5.31,26.8,0,0,0,0,3.4,0
S03923,47.2,128.8,6.42,30.3,1,0,0,0,1.9,0
S03924,45.2,121.5,5.03,31.6,0,0,0,0,4.5,0
S03925,43.8,113.4,5.05,25.3,1,0,1,0,0.9,0
S03926,71.3,123.1,10.89,28.7,1,0,0,0,9.7,0
S03927,62.7,123.1,7.86,26.0,0,0,0,0,2.8,0
S03928,68.9,127.1,6.94,19.8,1,0,0,0,6.8,0
S03929,51.0,152.4,7.95,28.4,1,0,0,0,1.8,0
S03930,66.1,93.9,6.89,20.8,0,0,0,0,11.0,0
S03931,62.9,158.4,4.49,23.6,1,0,0,0,3.5,0
S03932,69.5,124.4,4.36,23.7,0,0,0,0,2.1,1
S03933,58.8,157.2,7.6,24.1,0,0,0,0,4.2,0
S03934,60.3,141.2,4.7,27.6,0,0,1,0,0.6,0
S03935,53.5,118.4,4.18,21.2,0,0,0,1,1.5,0
S03936,72.2,117.9,4.46,30.2,0,0,0,0,1.0,0
S03937,57.5,132.7,5.34,29.0,1,0,1,0,6.7,0
S03938,51.0,135.8,5.14,27.1,1,0,0,0,2.3,0
S03939,36.3,120.9,6.89,26.4,0,0,0,0,3.0,0
S03940,68.5,146.6,6.57,23.5,0,0,0,0,4.1,0
S03941,50.6,144.2,9.34,33.9,1,0,0,0,2.8,0
S03942,62.3,146.3,3.35,33.6,0,0,0,0,3.2,0
S03943,58.9,130.7,8.92,30.4,1,0,0,0,0.6,0
S03944,80.0,139.3,6.73,21.6,0,0,0,0,2.3,0
S03945,53.7,154.2,5.17,28.0,1,0,0,0,5.7,0
S03946,61.4,138.0,6.14,30.1,0,0,0,0,3.3,0
S03947,81.0,147.1,5.89,20.8,0,0,1,1,5.3,0
S03948,55.3,152.1,3.11,22.1,0,0,0,0,4.4,0
S03949,63.2,169.9,6.12,23.8,1,0,0,0,4.0,0
S03950,47.4,115.5,8.9,35.0,1,0,0,0,10.6,1
S03951,72.9,123.9,6.27,38.7,0,1,0,0,1.9,0
S03952,68.3,130.3,6.58,26.0,0,0,0,0,7.7,0
S03953,59.0,141.9,5.55,30.6,1,0,0,0,3.1,0
S03954,74.1,132.5,6.23,23.2,1,0,1,0,5.9,0
S03955,63.0,121.9,6.9,32.3,0,0,1,0,3.4,0
S03956,77.9,147.0,6.05,20.4,0,0,0,0,3.7,0
S03957,34.8,139.3,6.5,23.9,0,0,0,0,1.8,0
S03958,74.7,142.9,6.42,37.2,0,0,0,0,7.3,0
S03959,61.0,145.3,8.75,31.1,0,0,0,0,5.7,0
S03960,84.7,170.9,7.76,27.4,1,0,0,0,8.3,0
S03961,74.0,143.1,6.8,22.1,1,0,0,0,11.8,0
S03962,69.0,127.6,5.52,26.9,1,0,0,0,1.1,0
S03963,76.8,132.1,7.59,36.4,1,0,0,0,1.1,0
S03964,47.7,125.0,8.96,26.4,0,0,1,0,2.3,0
S03965,66.2,150.7,6.69,22.7,1,0,0,1,7.8,0
S03966,67.6,122.0,10.44,27.0,1,0,1,0,1.7,0
S03967,39.5,150.2,7.34,25.6,0,0,0,0,1.4,0
S03968,60.7,154.6,6.07,31.5,0,0,1,0,2.6,0
S03969,74.4,127.6,6.91,25.9,0,0,0,0,3.0,0
S03970,67.4,140.5,3.81,24.5,1,0,0,0,13.6,0
S03971,60.7,90.4,6.66,26.2,0,0,0,0,3.0,0
S03972,74.9,134.1,5.04,22.5,0,0,1,0,4.5,0
S03973,61.4,146.2,7.91,27.0,1,0,0,0,8.5,0
S03974,69.0,147.6,7.24,28.9,0,0,1,0,7.6,0
S03975,43.7,139.3,4.31,27.9,1,0,0,1,2.4,0
S03976,65.3,141.9,4.76,27.2,0,0,0,0,3.1,0
S03977,63.8,129.7,7.66,21.9,0,0,0,0,6.1,0
S03978,39.0,128.9,5.98,29.8,1,0,0,0,5.3,0
S03979,44.0,125.4,6.62,28.4,1,0,0,0,1.1,0
S03980,74.2,148.1,7.22,24.3,0,0,1,0,2.4,0
S03981,57.2,133.7,7.43,32.1,0,0,0,0,0.7,0
S03982,76.5,108.4,8.39,29.1,1,0,0,0,1.1,0
S03983,73.7,170.7,7.23,17.9,1,0,1,0,3.2,0
S03984,52.4,134.7,5.41,24.6,1,0,0,0,3.1,0
S03985,46.3,139.8,7.0,28.8,0,0,0,0,3.9,0
S03986,58.9,139.8,5.4,21.3,1,0,0,0,5.8,0
S03987,57.7,114.3,8.02,37.1,0,0,0,0,5.2,0
S03988,48.5,136.3,8.52,21.2,0,0,0,0,3.2,0
S03989,63.0,113.0,4.45,20.2,0,1,0,1,8.3,0
S03990,68.1,132.9,6.75,24.4,0,0,0,0,7.9,1
S03991,84.5,127.9,7.65,28.6,0,0,1,0,7.5,0
S03992,59.0,162.0,6.98,32.4,1,0,1,0,6.9,0
S03993,59.9,111.7,3.0,29.8,1,0,0,0,4.0,0
S03994,78.5,106.2,6.37,32.6,0,0,0,0,3.0,0
S03995,78.7,142.3,6.22,32.5,0,0,0,0,1.0,1
S03996,59.5,137.4,6.33,23.3,0,0,1,0,2.0,0
S03997,55.6,144.0,6.62,25.2,1,0,1,0,2.8,0
S03998,53.2,157.4,6.02,30.5,0,0,0,1,7.6,1
S03999,69.8,127.5,5.9,17.2,0,0,0,0,5.0,0
S04000,57.3,124.0,7.12,21.2,1,0,0,0,1.3,0
S04001,53.2,138.3,3.0,17.9,0,0,0,1,1.2,0
S04002,58.8,95.6,5.64,27.2,0,0,1,0,4.0,0
S04003,68.8,151.1,9.23,23.2,0,0,0,0,1.8,0
S04004,64.4,146.0,5.11,22.3,0,0,0,0,4.5,0
S04005,66.3,141.1,8.11,23.6,0,0,0,0,0.7,0
S04006,77.4,160.5,5.62,24.7,0,0,0,0,1.4,0
S04007,58.7,145.1,7.91,30.2,0,0,0,0,4.1,0
S04008,53.8,123.5,5.68,23.0,0,0,0,0,3.5,0
S04009,87.1,158.6,4.95,20.9,0,0,0,0,3.5,0
S04010,54.6,126.3,4.17,24.8,1,0,0,0,6.6,0
S04011,63.6,126.8,9.84,26.9,0,0,0,0,5.7,0
S04012,39.5,165.9,4.79,15.0,0,0,0,0,2.1,0
S04013,65.7,141.4,6.51,29.0,1,0,0,0,2.6,0
S04014,61.8,137.0,5.2,29.8,0,0,0,0,1.6,0
S04015,86.7,139.9,6.43,26.6,1,0,0,0,2.3,0
S04016,46.9,139.2,6.48,28.7,1,0,0,0,3.7,0
S04017,32.2,157.6,4.09,19.2,0,0,0,0,3.8,0
S04018,47.9,150.6,3.69,20.2,0,0,1,0,3.7,0
S04019,51.0,122.6,7.37,21.8,1,0,1,0,11.5,0
S04020,43.3,141.1,4.9,28.2,0,0,0,0,2.9,0
S04021,68.1,138.7,6.3,20.0,1,0,0,0,2.7,0
S04022,67.8,102.5,8.98,38.9,1,0,0,0,10.4,0
S04023,51.6,134.9,7.68,33.2,0,0,0,0,6.3,0
S04024,65.2,130.0,9.15,22.0,0,0,0,0,3.6,0
S04025,56.7,113.8,5.86,24.5,1,0,1,0,4.2,0
S04026,62.2,181.7,5.29,18.9,0,0,0,0,3.7,0
S04027,56.1,145.2,4.83,24.3,1,0,0,0,5.0,0
S04028,74.5,156.1,6.5,23.5,0,0,0,0,2.4,0
S04029,57.7,118.0,6.32,26.2,0,0,0,0,5.9,0
S04030,62.5,96.2,6.98,30.7,1,0,0,1,3.0,0
S04031,70.4,139.8,5.81,22.8,0,0,0,0,7.3,0
S04032,58.3,147.5,6.88,22.2,0,0,0,1,8.1,0
S04033,59.9,189.4,4.78,24.4,0,0,1,1,2.9,0
S04034,81.4,146.1,5.09,27.6,0,0,0,0,1.4,0
S04035,70.9,149.5,5.53,23.8,0,0,0,0,9.8,0
S04036,69.6,158.3,5.86,24.4,0,0,1,0,2.7,0
S04037,55.7,134.2,4.42,27.6,0,0,0,0,1.0,0
S04038,74.2,150.9,8.31,28.3,0,0,1,0,0.7,0
S04039,71.5,144.7,6.11,20.1,1,1,0,0,7.9,0
S04040,65.3,142.8,6.87,24.9,0,0,1,0,0.4,0
S04041,66.2,124.8,7.5,27.8,1,0,0,0,7.3,0
S04042,58.4,150.6,3.24,24.3,0,0,1,0,2.5,0
S04043,81.0,108.2,3.52,23.6,0,0,1,0,1.0,0
S04044,51.1,139.5,9.48,30.7,1,1,0,0,1.9,0
S04045,69.7,147.6,7.17,24.9,0,0,0,0,8.2,0
S04046,53.8,120.8,4.44,24.7,1,0,0,0,2.3,0
S04047,53.3,125.3,6.15,26.6,0,0,0,0,2.8,0
S04048,60.9,107.0,6.79,26.8,0,0,0,0,5.2,0
S04049,66.3,125.4,5.4,26.0,0,0,0,0,4.8,0
S04050,68.9,147.5,3.0,25.7,1,0,0,0,1.4,0
S04051,60.1,109.3,7.72,34.0,1,1,0,0,4.4,0
S04052,59.7,98.6,6.47,21.3,1,0,0,0,2.7,0
S04053,83.0,126.7,4.51,29.2,0,1,0,0,11.7,0
S04054,50.9,161.6,6.05,22.9,0,0,0,0,3.7,0
S04055,58.6,131.7,7.59,27.6,1,1,0,0,1.5,0
S04056,68.6,125.5,6.38,24.0,1,0,0,0,8.3,0
S04057,57.8,148.7,7.58,23.1,0,1,1,0,4.4,0
S04058,69.1,127.1,7.49,27.0,0,0,0,0,3.4,0
S04059,44.2,114.5,6.25,21.7,0,0,0,0,2.2,0
S04060,60.0,143.4,7.63,27.0,1,0,0,0,2.8,0
S04061,52.4,121.2,6.83,28.1,0,0,0,0,1.8,0
S04062,66.9,117.6,3.0,25.2,0,0,0,0,2.5,0
S04063,54.2,129.3,7.97,26.3,0,0,0,0,4.8,0
S04064,77.3,146.8,6.14,26.2,1,0,0,0,8.0,0
S04065,61.0,144.2,7.5,33.0,1,0,1,0,7.3,0
S04066,73.4,152.0,6.51,28.0,0,0,0,0,2.3,0
S04067,63.7,129.3,7.78,23.6,0,0,0,0,1.1,0
S04068,82.4,142.7,9.18,25.2,0,0,0,0,1.8,0
S04069,54.2,141.0,5.99,20.5,1,0,1,0,0.6,0
S04070,49.8,160.8,6.23,34.3,0,0,0,0,1.3,0
S04071,66.2,128.8,4.29,24.3,1,0,1,0,2.7,0
S04072,42.0,95.6,7.24,25.5,0,0,0,0,7.1,0
S04073,54.2,140.1,7.02,26.1,1,0,1,0,1.0,0
S04074,50.6,119.6,4.72,27.0,0,0,1,0,8.3,0
S04075,57.1,168.9,6.6,23.3,0,0,0,0,2.7,0
S04076,54.0,109.8,5.68,21.7,0,0,0,0,5.5,1
S04077,40.5,137.3,4.99,29.3,0,0,1,0,3.8,0
S04078,45.2,143.6,6.58,23.1,1,0,0,0,12.7,0
S04079,66.9,93.7,5.15,22.5,0,0,0,0,3.0,1
S04080,72.2,155.5,5.94,18.7,0,1,0,0,1.3,0
S04081,47.3,156.1,7.91,20.2,1,0,0,0,4.0,0
S04082,58.0,142.4,6.18,26.4,1,0,0,0,7.2,0
S04083,69.3,129.2,6.47,31.5,0,0,0,1,5.6,0
S04084,63.6,154.1,6.25,21.2,1,0,0,0,1.7,0
S04085,79.3,134.5,9.4,34.6,0,0,0,0,1.5,0
S04086,73.9,164.0,5.6,26.5,0,0,1,0,6.3,0
S04087,44.4,117.1,4.59,32.3,0,0,1,0,10.7,0
S04088,70.7,145.7,6.66,21.1,0,0,0,0,2.4,0
S04089,66.3,109.3,7.91,16.6,0,0,0,0,4.5,0
S04090,67.3,122.9,4.12,32.0,1,0,0,0,3.6,0
S04091,75.6,101.8,5.76,26.0,1,0,1,0,4.1,0
S04092,75.4,167.9,6.28,27.3,0,0,0,0,4.7,0
S04093,65.2,171.7,5.79,30.7,0,0,0,0,3.7,0
S04094,59.2,157.4,7.42,27.0,0,0,1,0,0.6,0
S04095,57.8,147.9,6.33,29.3,0,0,1,0,11.1,0
S04096,67.1,160.3,8.45,27.9,1,0,0,1,7.3,0
S04097,60.7,132.0,5.67,24.2,1,0,0,0,5.6,0
S04098,77.1,135.3,7.0,25.6,0,0,0,0,9.4,0
S04099,63.7,153.2,5.99,17.1,0,0,0,0,10.5,0
S04100,55.1,100.3,3.53,23.7,0,0,0,0,2.3,0
S04101,56.4,128.0,6.92,30.2,0,0,0,0,0.8,0
S04102,75.2,143.1,8.55,25.4,1,0,0,0,2.4,0
S04103,76.4,133.3,6.15,28.0,0,0,0,0,2.9,0
S04104,45.6,121.2,5.43,15.0,0,0,1,0,0.9,0
S04105,35.0,136.4,6.33,25.2,0,0,0,0,2.4,0
S04106,67.9,143.4,8.46,22.8,0,0,0,1,1.9,0
S04107,57.0,137.2,7.3,24.6,1,0,0,1,2.9,0
S04108,51.0,152.4,5.65,26.1,0,1,0,0,1.4,1
S04109,42.0,140.5,4.92,31.2,0,0,0,0,3.0,0
S04110,66.1,127.9,3.91,28.8,0,0,0,0,7.8,0
S04111,63.2,144.3,5.71,29.9,1,0,0,0,4.9,0
S04112,66.1,142.9,8.66,34.4,0,0,0,0,4.7,0
S04113,38.8,144.4,6.79,15.0,0,0,0,0,2.1,0
S04114,65.0,97.9,9.72,27.8,0,0,0,0,2.6,0
S04115,56.4,138.0,7.93,27.1,0,0,0,0,7.2,0
S04116,59.1,157.8,5.03,24.1,0,0,0,0,2.3,0
S04117,51.0,115.2,7.86,25.3,0,0,0,0,7.9,0
S04118,34.4,145.9,6.43,26.0,0,0,1,1,2.4,0
S04119,62.8,138.4,3.5,30.7,0,0,0,1,2.1,0
S04120,59.0,141.2,6.71,26.9,1,0,0,0,3.4,0
S04121,61.3,162.2,3.5,27.4,1,0,0,0,0.6,0
S04122,72.9,108.9,8.55,26.9,0,0,1,0,3.6,0
S04123,58.2,159.4,7.97,30.6,0,0,0,0,0.9,0
S04124,48.3,137.0,6.12,25.3,0,0,0,0,1.5,0
S04125,60.7,106.7,3.6,27.9,0,0,1,0,3.6,0
S04126,64.1,159.6,6.12,28.9,0,0,0,0,4.2,0
S04127,60.2,110.8,4.34,36.5,0,1,0,0,4.4,0
S04128,62.9,90.3,3.88,22.3,0,0,1,0,9.0,0
S04129,60.6,126.1,6.53,22.1,0,0,0,0,4.3,0
S04130,62.2,169.6,6.04,28.3,1,0,0,0,0.7,0
S04131,46.5,130.3,6.53,25.3,0,0,0,0,9.3,0
S04132,55.7,160.4,9.48,18.6,1,0,0,0,2.0,0
S04133,60.6,168.1,4.99,23.1,0,0,0,0,1.2,0
S04134,57.6,112.0,4.62,27.4,0,1,0,0,5.9,0
S04135,54.8,148.7,4.59,19.3,0,0,0,0,2.3,0
S04136,64.1,133.1,3.22,32.5,0,0,0,0,4.5,0
S04137,37.5,156.4,7.59,24.6,0,0,0,0,0.5,0
S04138,49.1,153.2,4.34,21.4,0,0,0,0,1.2,0
S04139,75.3,167.8,7.5,31.0,0,0,0,0,5.5,0
S04140,51.1,139.1,6.47,26.1,0,0,0,0,3.0,0
S04141,64.5,139.5,8.5,17.1,0,0,1,0,9.3,0
S04142,62.2,125.3,7.68,22.1,1,0,0,0,0.6,0
S04143,51.7,89.4,7.91,31.0,1,1,0,0,1.4,0
S04144,69.5,132.0,9.8,20.2,1,0,0,0,2.1,0
S04145,63.0,151.3,7.25,26.1,0,0,0,0,3.7,0
S04146,57.6,133.9,5.39,26.2,1,0,0,0,0.9,0
S04147,71.9,150.9,4.99,28.6,0,0,0,0,3.8,0
S04148,63.6,120.8,9.47,25.3,1,0,1,0,5.9,0
S04149,54.9,135.4,8.91,27.7,0,0,0,0,3.2,1
S04150,54.1,147.5,5.18,23.3,1,0,0,0,1.3,0
S04151,91.1,142.9,7.38,26.3,1,0,0,0,2.4,0
S04152,80.8,116.4,6.36,20.4,1,0,1,0,0.9,0
S04153,64.9,155.7,7.08,28.5,1,0,0,1,3.3,0
S04154,37.7,142.7,4.88,27.5,0,0,0,0,2.4,0
S04155,61.3,110.6,6.72,16.9,0,0,0,1,8.0,0
S04156,47.0,161.1,4.19,33.4,0,1,1,0,0.9,0
S04157,71.4,130.5,6.53,22.0,1,0,0,1,4.6,0
S04158,65.8,127.1,7.6,33.6,0,0,0,0,1.4,0
S04159,63.1,119.6,5.6,27.8,0,1,0,0,3.7,0
S04160,75.3,142.7,3.17,20.7,0,0,0,0,3.2,0
S04161,40.7,118.7,4.16,31.4,1,0,1,0,3.4,0
S04162,74.7,123.3,5.76,33.8,0,0,0,0,2.6,0
S04163,64.4,132.6,6.97,21.7,1,0,0,0,2.2,0
S04164,48.5,142.1,6.94,24.6,1,0,0,0,0.7,0
S04165,70.8,145.1,5.29,27.5,0,0,1,0,3.2,0
S04166,67.6,120.0,6.25,22.9,0,0,1,0,10.7,0
S04167,71.8,158.1,7.17,26.2,0,0,0,0,6.9,0
S04168,61.4,143.5,8.21,25.3,1,0,0,0,3.9,0
S04169,56.2,145.6,5.33,28.4,0,0,0,0,5.1,0
S04170,54.4,99.3,7.17,28.6,0,0,0,0,8.2,0
S04171,81.8,138.2,4.53,31.0,1,1,0,0,10.4,0
S04172,66.9,154.4,6.35,33.7,0,1,1,0,9.6,1
S04173,64.8,149.2,8.45,29.4,1,0,0,1,3.4,0
S04174,53.7,145.7,5.7,28.3,0,0,0,0,2.3,0
S04175,71.3,170.8,6.4,25.2,0,0,1,1,5.5,0
S04176,72.7,130.5,4.06,25.4,0,0,1,0,3.9,0
S04177,37.1,142.1,5.83,34.7,0,1,0,0,5.5,0
S04178,77.4,111.1,8.22,28.7,1,0,1,0,5.2,0
S04179,26.7,121.4,4.7,25.5,0,1,1,0,3.1,0
S04180,50.4,149.2,4.72,24.1,1,0,0,0,12.4,0
S04181,50.4,127.1,8.2,25.9,1,0,0,0,9.7,0
S04182,73.5,152.5,4.94,19.7,0,1,0,0,1.6,0
S04183,70.7,137.1,7.07,24.1,0,0,0,0,4.9,0
S04184,52.9,156.0,5.13,23.8,1,0,0,0,1.8,1
S04185,68.4,142.6,6.11,24.6,0,0,1,0,5.8,0
S04186,54.1,115.9,5.23,22.2,0,0,0,0,3.0,0
S04187,59.0,120.9,6.35,30.5,1,0,1,0,3.5,0
S04188,33.5,115.4,6.91,33.2,1,0,1,0,7.7,0
S04189,68.5,160.1,4.91,24.4,1,0,0,1,1.8,0
S04190,49.6,135.3,8.06,16.6,1,0,0,0,5.7,0
S04191,65.2,131.3,6.1,35.7,1,0,0,0,0.8,0
S04192,69.2,175.9,4.72,22.1,0,0,0,0,0.3,0
S04193,53.9,118.2,5.65,33.9,0,0,1,0,9.4,0
S04194,43.8,121.2,6.11,28.8,0,0,1,0,1.5,0
S04195,61.3,170.3,5.42,24.6,0,1,1,0,4.0,0
S04196,73.7,144.8,4.32,28.0,1,0,0,0,1.7,0
S04197,67.2,145.8,8.03,24.9,0,0,1,0,4.9,0
S04198,56.9,159.0,7.01,20.9,0,1,0,0,0.9,0
S04199,71.6,160.9,6.41,22.0,0,0,1,0,2.5,0
S04200,56.8,112.1,7.58,27.2,1,0,0,0,6.0,0
S04201,59.0,117.6,8.11,25.5,0,0,0,0,2.6,0
S04202,65.1,149.3,6.45,34.7,0,0,0,1,15.0,1
S04203,66.0,144.3,9.78,29.6,0,0,0,0,2.4,0
S04204,43.0,143.8,10.31,22.2,0,0,0,0,0.4,0
S04205,65.4,150.5,7.5,28.4,1,0,0,0,1.4,0
S04206,63.8,116.6,5.28,30.2,0,0,0,0,1.1,0
S04207,51.7,131.0,6.43,25.6,0,0,1,0,1.4,0
S04208,30.9,153.5,7.25,23.2,0,0,1,0,1.4,0
S04209,52.8,145.6,7.87,23.4,0,0,1,0,2.0,0
S04210,75.7,136.6,6.84,24.5,0,0,0,1,1.3,0
S04211,87.6,126.7,8.47,32.0,0,0,1,1,0.6,0
S04212,70.4,128.0,9.49,19.7,1,0,1,0,7.7,0
S04213,76.2,169.6,4.51,33.1,1,0,0,0,1.4,0
S04214,62.6,160.0,6.41,23.1,0,0,1,0,0.8,0
S04215,63.5,161.8,9.82,23.8,1,0,0,0,6.1,0
S04216,65.7,129.9,7.07,32.6,1,0,0,0,2.1,0
S04217,46.9,92.1,6.14,28.0,0,0,1,0,0.6,0
S04218,60.5,140.9,6.54,27.2,1,0,0,0,0.2,0
S04219,64.7,125.3,6.66,24.7,1,1,0,1,5.8,0
S04220,61.5,155.3,8.37,29.6,1,0,0,1,8.7,0
S04221,62.1,165.0,6.68,25.8,0,0,1,0,4.2,0
S04222,58.4,140.2,4.1,28.8,1,0,0,0,1.3,0
S04223,58.0,146.0,5.55,36.4,1,0,0,0,6.0,0
S04224,64.2,129.0,5.41,26.3,0,0,1,0,3.5,0
S04225,58.0,142.8,7.18,25.1,0,0,0,1,1.0,0
S04226,68.5,97.3,8.72,29.2,1,0,0,0,1.1,0
S04227,65.4,117.3,4.87,29.2,1,0,0,1,2.6,0
S04228,50.1,129.3,7.94,19.9,0,1,1,0,2.7,0
S04229,67.1,145.7,5.55,20.0,1,0,1,0,3.4,1
S04230,64.0,142.8,5.81,30.0,1,0,1,0,10.8,0
S04231,52.1,149.4,8.2,31.2,0,0,0,0,1.8,0
S04232,56.4,139.1,6.51,23.3,0,0,0,0,3.9,0
S04233,68.4,118.3,9.67,27.4,0,0,1,0,9.7,0
S04234,44.4,147.8,6.37,21.3,0,0,0,0,2.7,0
S04235,69.3,148.2,8.19,24.4,1,0,0,0,4.1,0
S04236,77.0,159.6,4.55,25.1,0,0,0,1,8.7,0
S04237,55.4,105.5,6.38,30.3,0,0,0,0,5.1,0
S04238,75.6,126.5,7.87,19.0,1,0,0,0,3.2,0
S04239,63.5,136.9,6.45,31.7,0,0,0,0,1.8,0
S04240,59.0,149.8,6.32,17.6,1,0,0,0,5.5,0
S04241,68.1,176.1,6.24,31.7,0,0,1,0,1.6,0
S04242,58.0,146.6,8.77,30.3,1,0,1,0,6.8,1
S04243,59.4,148.3,3.95,39.1,0,0,0,1,0.4,0
S04244,38.8,145.0,6.42,22.5,0,0,0,0,4.7,0
S04245,75.1,121.7,7.52,24.1,1,0,0,0,3.5,0
S04246,49.3,144.8,7.5,32.3,0,0,0,0,2.9,0
S04247,49.7,143.3,4.24,20.8,0,0,0,0,3.6,0
S04248,66.1,154.4,4.05,27.6,1,0,1,1,5.0,0
S04249,58.7,109.4,3.0,25.7,0,0,0,0,6.0,0
S04250,50.7,137.1,7.32,26.6,0,1,0,0,2.9,0
S04251,62.6,118.3,7.09,27.6,0,0,0,0,3.7,0
S04252,54.5,111.0,4.88,23.6,0,0,0,0,6.7,0
S04253,58.9,107.9,5.73,26.5,1,0,0,0,2.3,0
S04254,61.4,130.3,6.09,17.3,0,0,1,1,4.3,0
S04255,59.1,123.3,7.75,33.8,1,0,0,0,5.2,0
S04256,39.6,135.2,6.04,28.7,1,0,0,0,2.7,0
S04257,64.8,85.0,6.24,30.0,0,0,0,0,4.3,0
S04258,54.8,122.0,6.65,26.5,1,1,0,0,2.7,0
S04259,65.2,127.7,7.93,23.3,0,0,0,0,1.5,0
S04260,52.5,124.6,7.82,28.9,0,0,1,0,5.4,0
S04261,58.0,144.2,7.71,31.2,0,0,0,0,11.2,0
S04262,72.2,138.0,5.43,21.5,1,0,1,0,12.9,0
S04263,43.3,97.7,5.65,22.8,0,1,0,0,7.3,0
S04264,41.6,146.6,8.67,30.1,0,0,1,0,3.4,0
S04265,54.1,140.6,3.6,24.0,0,0,0,0,4.4,0
S04266,62.7,112.9,10.34,32.4,0,0,1,0,0.8,0
S04267,61.6,141.7,4.08,22.8,0,0,0,1,3.3,0
S04268,67.4,156.6,5.06,31.5,0,0,0,0,1.5,0
S04269,57.5,118.2,4.88,30.2,1,0,0,0,2.8,0
S04270,72.9,137.1,5.38,21.6,0,0,0,0,9.8,0
S04271,47.2,106.1,6.15,29.0,1,0,0,0,12.1,0
S04272,63.5,167.2,4.73,29.4,0,0,0,0,17.4,0
S04273,76.8,118.0,7.08,25.7,0,0,0,0,6.8,0
S04274,63.5,149.2,6.59,17.1,0,0,0,0,2.3,0
S04275,49.1,119.0,7.74,21.4,1,0,0,0,3.3,0
S04276,61.8,132.7,5.59,22.8,1,0,0,0,10.1,0
S04277,51.4,177.1,6.69,29.4,0,0,1,0,2.4,0
S04278,55.2,98.6,6.38,22.0,1,0,0,0,3.1,0
S04279,50.8,145.1,6.05,29.5,0,0,0,0,8.0,0
S04280,48.8,130.0,3.0,26.5,1,1,0,0,3.9,0
S04281,42.3,85.0,6.71,21.9,0,0,0,0,3.2,0
S04282,74.6,148.8,6.13,20.5,0,1,0,0,3.5,0
S04283,73.3,149.6,6.37,29.0,1,0,0,0,3.1,0
S04284,54.8,132.6,7.12,27.3,1,0,0,0,6.4,0
S04285,38.1,145.0,9.08,22.0,0,0,0,0,3.6,0
S04286,70.6,133.5,6.27,28.3,1,1,0,0,2.8,1
S04287,40.1,133.0,6.52,24.5,0,0,0,0,7.0,0
S04288,54.3,122.3,6.98,28.5,0,0,0,0,3.3,0
S04289,67.3,124.0,7.29,27.7,0,0,0,0,5.9,0
S04290,54.8,150.6,6.02,32.9,1,0,1,0,5.3,0
S04291,74.9,156.8,5.52,30.3,0,0,0,0,2.0,0
S04292,57.1,146.5,7.85,25.4,1,0,0,0,2.6,0
S04293,55.8,131.4,6.32,27.8,0,0,1,0,3.1,0
S04294,57.6,136.0,4.07,33.2,1,0,0,0,0.7,0
S04295,64.6,151.5,7.49,23.7,0,0,1,0,4.7,0
S04296,52.6,152.4,7.65,23.4,0,0,0,0,5.4,0
S04297,47.0,143.9,5.21,30.0,0,0,0,0,3.1,0
S04298,48.9,138.5,6.06,23.1,0,0,0,0,4.7,0
S04299,58.2,168.6,6.06,25.4,0,0,0,0,2.0,0
S04300,47.0,160.9,7.2,29.8,0,0,0,1,2.0,0
S04301,37.5,138.3,7.58,26.6,0,0,1,0,0.2,0
S04302,62.2,105.1,4.31,26.9,1,0,1,0,6.7,0
S04303,68.1,143.4,5.24,24.9,1,0,0,0,2.4,0
S04304,53.1,111.6,7.05,24.1,1,0,0,0,5.3,0
S04305,60.8,100.0,5.42,19.1,1,0,0,0,4.9,0
S04306,56.9,131.3,7.26,26.7,0,0,0,0,3.3,0
S04307,56.3,144.1,4.36,30.9,0,0,0,0,1.0,0
S04308,45.9,162.8,8.3,22.2,0,0,0,0,0.8,0
S04309,52.1,135.5,7.21,29.1,1,1,1,0,7.0,0
S04310,55.7,112.3,3.66,27.3,1,0,0,1,4.7,0
S04311,61.3,152.2,6.72,31.2,1,0,0,0,4.2,0
S04312,57.9,100.6,3.93,25.8,0,0,0,0,0.5,0
S04313,87.6,154.8,5.73,34.1,1,0,0,0,2.2,0
S04314,59.5,123.0,5.87,28.7,1,0,0,1,0.9,0
S04315,77.3,124.2,8.33,21.0,0,0,0,0,2.6,0
S04316,74.4,167.2,7.13,21.1,0,0,1,0,5.5,1
S04317,50.8,130.6,3.0,26.3,1,0,0,0,6.2,0
S04318,47.0,165.3,6.25,31.3,1,0,1,0,1.5,0
S04319,79.9,154.9,5.7,24.1,1,0,0,0,4.3,0
S04320,44.0,165.1,8.72,31.3,1,0,0,0,2.0,0
S04321,43.1,162.8,6.79,27.7,0,1,1,0,5.4,0
S04322,71.9,193.4,6.39,20.8,0,0,1,1,12.7,0
S04323,60.0,131.5,4.46,30.3,0,0,0,0,3.0,0
S04324,63.4,121.0,4.64,23.8,0,0,0,0,6.3,0
S04325,60.2,142.5,7.13,17.6,0,0,0,0,2.7,0
S04326,52.0,144.2,4.35,27.4,1,0,1,1,2.8,1
S04327,47.2,159.8,7.19,21.2,0,0,0,0,7.1,0
S04328,75.1,120.7,6.68,30.4,0,0,0,0,5.7,0
S04329,67.3,142.5,7.94,26.6,0,0,0,0,1.6,0
S04330,68.1,101.1,5.64,29.5,1,0,0,0,2.6,0
S04331,41.2,150.1,7.83,22.2,1,0,0,0,2.7,0
S04332,59.9,149.0,6.71,34.0,1,0,1,0,6.7,0
S04333,61.1,100.0,5.07,30.2,0,0,1,1,3.3,0
S04334,69.8,175.0,3.03,28.8,1,0,1,0,5.9,1
S04335,71.7,146.9,11.12,29.6,0,0,0,0,7.1,0
S04336,54.2,127.0,5.17,24.5,1,0,0,0,4.1,0
S04337,60.2,145.1,6.05,27.5,0,0,0,0,4.6,0
S04338,63.8,146.1,4.65,20.2,1,0,0,0,9.3,0
S04339,70.5,163.7,9.95,27.0,1,0,1,1,3.3,1
S04340,57.4,136.1,3.79,29.2,1,0,1,0,5.1,0
S04341,35.3,119.4,5.68,24.8,0,0,1,0,4.6,0
S04342,71.4,154.0,5.47,29.0,0,0,1,1,2.7,0
S04343,43.1,132.6,3.13,28.1,0,0,0,0,5.1,0
S04344,49.4,134.5,5.97,21.9,0,0,0,0,2.8,0
S04345,64.8,141.3,4.08,25.6,0,0,1,0,4.5,0
S04346,64.4,121.6,5.56,29.3,0,0,0,0,1.5,0
S04347,95.0,109.0,7.42,27.6,1,0,0,0,1.9,0
S04348,63.3,130.9,5.67,21.1,0,0,0,0,1.6,0
S04349,81.1,128.7,8.81,24.8,1,0,0,0,0.7,0
S04350,53.8,119.0,6.32,28.1,0,0,1,0,9.7,0
S04351,74.3,138.9,4.08,22.6,0,0,1,0,2.9,0
S04352,50.2,145.8,9.54,19.6,0,0,0,0,3.5,0
S04353,68.5,140.0,5.07,26.9,1,0,0,0,2.1,0
S04354,44.3,155.9,8.94,29.5,1,1,1,0,2.3,0
S04355,48.6,119.6,6.06,25.2,0,0,0,0,2.7,0
S04356,53.0,122.2,8.65,25.0,1,0,0,0,3.8,0
S04357,55.7,141.2,5.58,26.0,0,0,1,0,1.9,0
S04358,40.7,147.0,5.8,23.0,0,0,0,0,2.8,0
S04359,44.5,133.5,5.97,26.1,0,0,0,1,2.9,0
S04360,61.4,179.7,6.0,27.3,0,0,0,0,4.0,0
S04361,68.4,173.6,8.74,28.5,0,0,0,0,3.0,1
S04362,47.3,108.0,3.0,25.1,0,0,0,0,5.4,0
S04363,79.2,88.5,9.14,21.5,0,0,0,0,2.8,0
S04364,64.3,149.8,7.11,38.8,0,0,0,0,6.2,0
S04365,63.2,168.6,5.86,29.9,0,0,0,0,2.0,0
S04366,54.9,171.5,5.12,23.6,0,0,0,0,1.5,0
S04367,73.0,134.6,6.42,22.4,1,0,0,0,0.5,0
S04368,59.2,162.2,6.69,24.6,0,0,0,0,4.2,0
S04369,42.2,124.8,6.66,22.8,0,1,0,0,3.5,0
S04370,83.7,133.1,5.18,19.1,0,1,1,0,2.5,0
S04371,68.7,142.2,8.11,30.6,1,0,0,0,2.1,0
S04372,64.9,136.5,7.03,25.0,0,0,0,0,1.8,0
S04373,27.7,119.8,6.62,22.7,0,0,0,0,6.1,0
S04374,52.3,131.2,4.36,21.1,0,0,0,1,3.2,0
S04375,57.6,99.7,3.79,32.8,0,0,0,0,8.4,0
S04376,68.6,121.0,6.58,32.2,1,0,0,0,1.6,0
S04377,67.2,168.6,8.12,30.2,0,0,1,0,2.8,0
S04378,52.8,126.6,8.73,35.0,0,1,1,1,0.5,0
S04379,58.0,145.0,7.54,26.4,1,0,0,0,1.7,0
S04380,36.0,120.7,7.91,23.6,0,0,0,0,1.9,0
S04381,58.0,170.7,5.97,37.3,1,0,0,0,3.3,0
S04382,52.2,116.0,5.71,32.0,0,0,1,0,0.8,0
S04383,59.7,126.5,6.86,17.9,0,0,1,1,3.8,0
S04384,92.3,125.8,7.27,26.3,0,0,0,0,0.3,0
S04385,75.1,117.6,4.77,28.1,0,0,1,0,5.8,0
S04386,74.0,122.8,6.83,23.3,1,0,0,0,1.2,0
S04387,67.3,104.0,4.05,32.8,0,0,1,0,9.1,0
S04388,57.5,149.5,5.47,20.3,0,0,0,0,2.4,0
S04389,60.6,149.9,6.82,29.9,1,0,0,0,4.9,0
S04390,76.6,109.0,7.78,25.4,0,0,0,0,5.7,0
S04391,41.5,134.1,5.0,30.1,0,0,0,0,2.8,0
S04392,59.8,126.8,9.59,27.9,0,0,1,0,0.7,0
S04393,57.9,123.2,3.18,31.7,0,0,0,0,4.2,0
S04394,77.2,136.3,5.52,29.3,0,0,0,0,3.1,0
S04395,73.3,137.2,7.44,21.9,0,0,0,0,1.9,0
S04396,51.1,125.0,6.98,24.2,1,0,1,0,9.7,0
S04397,69.4,124.4,5.39,27.8,0,0,0,0,10.8,0
S04398,60.1,130.4,4.26,24.6,0,1,0,0,4.7,0
S04399,52.9,115.9,4.29,30.0,1,0,0,0,0.6,0
S04400,59.1,137.9,6.48,29.5,1,0,0,1,9.7,0
S04401,52.2,123.2,6.06,19.0,1,0,0,0,6.7,0
S04402,44.3,143.9,7.93,30.8,0,0,1,0,3.0,0
S04403,37.4,149.3,7.72,21.4,0,0,0,0,1.1,0
S04404,47.4,147.3,6.87,27.4,0,0,0,0,1.0,0
S04405,49.6,141.7,7.59,26.1,1,0,0,0,3.7,0
S04406,63.9,161.5,5.75,18.7,0,0,1,0,1.5,0
S04407,63.1,151.0,9.86,30.3,1,1,0,0,5.3,0
S04408,49.9,134.6,7.58,24.6,1,0,1,0,5.8,0
S04409,57.7,127.0,9.23,29.3,0,0,0,0,1.4,0
S04410,61.2,128.0,4.94,19.6,1,0,0,1,1.6,0
S04411,69.6,140.9,3.0,15.8,0,0,0,0,1.7,0
S04412,58.5,137.8,6.16,19.2,0,0,1,0,0.7,0
S04413,59.0,105.3,6.83,34.9,0,0,0,0,5.6,0
S04414,42.6,129.2,6.84,30.4,0,0,0,0,5.9,0
S04415,53.2,130.4,3.44,23.7,0,0,0,0,7.8,0
S04416,31.6,154.6,4.83,23.6,0,0,0,0,5.9,0
S04417,87.4,130.1,5.28,28.6,0,0,0,0,4.3,0
S04418,61.8,134.3,4.17,27.2,0,0,0,0,1.4,0
S04419,75.7,122.9,7.49,23.5,1,0,0,0,4.3,0
S04420,58.5,154.3,8.07,23.5,0,0,1,0,2.6,0
S04421,75.6,134.6,3.59,32.3,0,0,0,0,1.9,0
S04422,62.4,155.4,6.21,22.9,0,0,0,1,2.7,0
S04423,72.6,172.2,6.05,34.0,0,0,0,0,4.9,0
S04424,62.0,155.6,8.2,25.6,1,0,0,0,7.5,0
S04425,71.6,124.0,4.19,27.6,1,0,1,0,2.5,0
S04426,59.1,151.0,9.3,28.5,0,0,0,0,5.5,0
S04427,54.0,155.2,7.57,27.6,0,0,0,0,5.8,0
S04428,40.5,138.5,11.47,23.3,0,0,0,1,2.9,0
S04429,72.4,132.8,3.0,30.9,1,0,1,0,8.4,0
S04430,62.2,99.7,10.88,32.4,1,0,0,0,9.9,0
S04431,57.7,140.5,7.73,26.8,0,0,0,0,6.4,0
S04432,70.3,153.0,6.27,20.7,0,0,1,0,4.8,0
S04433,57.7,152.7,5.37,23.8,0,0,0,0,5.4,0
S04434,56.1,115.3,8.54,20.3,0,1,0,0,1.4,0
S04435,73.8,157.8,5.1,24.1,0,0,1,0,7.7,0
S04436,53.9,162.1,8.68,34.8,0,0,0,0,4.3,0
S04437,56.5,107.3,6.84,30.5,0,0,0,0,1.1,0
S04438,61.6,130.1,5.63,26.0,0,1,0,0,6.2,0
S04439,41.1,119.9,10.11,26.3,0,1,0,0,2.2,0
S04440,58.7,138.1,4.17,17.4,0,1,0,0,2.4,0
S04441,40.7,197.8,8.53,26.0,1,0,0,0,0.9,0
S04442,66.9,123.2,3.0,26.6,0,0,0,0,5.8,0
S04443,54.5,134.5,9.01,27.8,0,0,0,0,3.3,0
S04444,51.4,128.8,6.72,29.6,0,0,0,0,6.5,0
S04445,41.9,117.4,3.0,18.7,1,0,0,0,3.4,0
S04446,62.7,148.0,6.03,32.4,0,0,0,0,5.1,0
S04447,67.1,128.1,4.31,19.6,0,0,0,0,4.5,0
S04448,74.5,124.1,5.55,21.4,1,0,0,1,2.6,0
S04449,52.5,127.8,6.34,25.5,0,0,0,0,1.7,0
S04450,54.3,104.0,5.81,27.0,0,0,0,0,2.6,0
S04451,58.8,157.0,4.16,32.9,1,1,0,0,0.4,0
S04452,75.5,132.8,8.57,24.4,0,0,0,0,1.1,0
S04453,51.3,137.2,3.7,37.2,0,0,0,0,4.1,0
S04454,81.9,122.9,6.31,23.8,0,0,0,1,5.2,0
S04455,77.5,126.4,4.06,31.0,0,0,1,0,0.6,0
S04456,85.0,123.6,4.84,22.2,0,0,0,0,1.0,0
S04457,77.0,85.0,7.63,30.0,1,0,0,0,4.5,0
S04458,76.6,104.8,9.41,23.7,0,0,1,0,8.0,0
S04459,61.8,134.6,4.19,28.5,0,0,0,0,7.6,0
S04460,68.7,104.7,6.66,26.8,0,0,0,0,5.9,0
S04461,75.6,118.6,6.57,24.4,0,0,0,0,5.0,0
S04462,83.4,152.2,8.58,27.1,1,0,0,0,3.2,0
S04463,56.3,136.5,5.69,24.7,1,0,0,0,3.6,0
S04464,47.5,142.7,6.23,22.4,0,0,0,0,3.4,0
S04465,71.7,148.7,6.55,15.0,0,0,1,0,4.5,0
S04466,66.2,152.5,4.87,29.3,0,0,0,0,23.0,0
S04467,45.0,166.1,6.36,22.5,0,0,0,0,2.9,0
S04468,60.6,129.5,4.98,30.6,0,0,0,0,3.0,0
S04469,61.8,102.1,5.1,16.2,1,0,0,1,3.0,0
S04470,78.9,144.7,6.51,24.9,0,0,0,0,0.7,0
S04471,54.5,127.1,6.1,30.1,0,0,1,0,6.7,0
S04472,68.2,183.9,10.11,20.5,0,0,0,0,2.4,0
S04473,51.8,129.1,5.51,20.0,0,0,0,1,1.4,0
S04474,60.2,133.6,3.76,24.4,0,0,0,0,1.2,0
S04475,66.9,164.5,8.62,29.1,1,0,1,0,2.6,0
S04476,64.0,119.8,7.44,26.1,1,0,0,0,3.7,0
S04477,66.5,164.5,4.89,21.0,0,0,0,0,2.9,0
S04478,67.2,174.4,8.88,28.5,0,0,0,0,6.2,0
S04479,66.9,125.4,5.02,24.5,0,0,1,0,5.2,0
S04480,66.5,113.0,6.42,29.2,0,0,1,0,2.3,0
S04481,67.3,127.9,6.4,28.5,0,0,0,0,1.6,0
S04482,80.5,105.2,7.44,25.9,0,0,0,0,10.2,0
S04483,42.7,132.1,5.9,28.6,1,0,0,1,8.8,0
S04484,62.2,119.3,7.42,22.2,0,0,0,0,3.3,1
S04485,66.5,169.4,8.18,33.2,1,0,0,0,1.8,0
S04486,65.7,150.4,4.01,22.3,1,0,0,0,2.0,0
S04487,68.8,122.1,5.64,29.2,0,0,0,0,1.8,0
S04488,78.0,128.3,9.96,32.0,0,0,1,0,2.6,0
S04489,40.1,136.5,9.4,36.0,0,0,0,0,1.9,0
S04490,57.1,153.9,7.78,29.2,0,0,1,0,3.2,0
S04491,67.7,163.0,9.79,23.8,0,0,0,0,3.1,0
S04492,86.5,103.3,8.05,24.7,1,0,1,0,2.8,0
S04493,57.6,131.5,10.62,30.1,1,0,1,0,0.8,0
S04494,62.7,120.1,7.84,30.4,1,0,0,0,5.5,0
S04495,58.4,146.8,7.87,31.0,0,0,0,0,4.4,0
S04496,72.9,106.7,7.01,28.5,0,0,1,0,4.6,0
S04497,39.7,158.2,4.28,25.3,1,0,1,0,4.5,0
S04498,68.9,136.1,5.68,25.4,0,0,0,0,4.2,0
S04499,63.1,135.5,4.83,30.4,0,0,0,0,1.3,0
S04500,53.1,135.1,5.75,21.9,0,1,1,0,3.2,0
S04501,78.0,101.3,3.58,28.1,0,0,0,0,5.0,0
S04502,68.1,156.9,5.9,31.3,0,0,0,0,17.0,0
S04503,23.6,153.1,8.83,15.6,1,0,0,0,0.5,0
S04504,64.8,102.3,6.06,25.2,0,0,0,0,11.7,0
S04505,74.6,107.3,5.93,33.7,1,0,0,0,2.1,0
S04506,65.5,126.1,9.95,28.2,0,0,1,1,1.2,0
S04507,47.9,145.8,4.65,28.4,0,0,0,0,3.6,0
S04508,64.8,113.1,8.34,26.9,0,0,1,0,2.0,0
S04509,71.1,156.1,7.72,25.1,0,1,1,0,2.4,0
S04510,61.9,146.1,5.66,22.0,0,0,0,0,3.5,0
S04511,54.0,117.9,6.3,26.9,1,0,0,0,1.4,0
S04512,59.7,129.3,6.86,25.2,0,0,0,0,11.0,0
S04513,64.1,133.4,6.33,20.7,0,0,0,0,9.5,0
S04514,75.3,117.7,5.28,27.6,0,0,0,0,11.5,0
S04515,62.9,132.8,5.29,27.8,0,0,0,0,9.5,0
S04516,50.8,178.6,6.48,27.0,0,0,1,0,5.8,0
S04517,43.2,140.7,5.25,31.5,1,0,0,0,0.7,0
S04518,51.7,125.7,5.67,28.2,1,0,0,0,2.6,0
S04519,68.6,122.1,6.16,24.5,1,0,1,0,1.1,0
S04520,67.1,103.5,6.26,26.3,0,0,1,0,2.8,0
S04521,52.1,172.9,6.38,31.0,0,0,0,0,5.3,0
S04522,42.8,130.5,8.11,25.0,0,0,0,0,2.6,0
S04523,77.3,131.0,7.22,24.4,0,0,0,0,12.4,0
S04524,46.3,167.4,6.87,18.5,0,0,0,0,3.6,0
S04525,55.0,137.8,7.34,29.1,0,0,1,1,1.4,0
S04526,56.7,144.9,3.72,21.8,0,0,0,0,6.4,0
S04527,64.1,145.7,5.82,21.9,1,0,1,0,2.3,0
S04528,76.0,117.2,4.81,33.5,1,1,0,0,9.1,0
S04529,75.4,108.1,3.0,25.3,1,0,0,0,6.3,0
S04530,45.4,88.1,4.95,28.1,1,0,0,0,3.0,0
S04531,64.8,111.3,7.94,26.1,0,0,1,0,2.7,0
S04532,65.4,129.7,7.17,30.7,1,0,1,0,3.4,0
S04533,58.8,159.0,8.39,24.8,1,1,0,0,0.4,0
S04534,50.5,136.1,3.26,30.3,0,0,0,0,5.4,0
S04535,52.0,122.1,7.95,22.7,0,0,0,0,2.8,0
S04536,66.6,163.3,6.78,30.0,0,0,0,0,4.4,0
S04537,62.1,163.8,7.51,21.2,0,0,0,0,3.0,0
S04538,46.6,162.0,11.57,24.2,1,1,1,0,3.0,0
S04539,74.7,131.5,8.38,19.5,0,0,1,0,3.3,0
S04540,54.7,109.5,4.0,26.3,0,0,0,0,0.5,0
S04541,72.6,114.4,6.16,21.2,0,0,1,0,2.3,0
S04542,54.7,150.0,7.65,25.5,0,0,0,0,2.2,0
S04543,53.3,173.4,6.26,29.3,0,0,0,0,2.1,0
S04544,33.0,95.6,4.51,27.3,1,0,1,0,4.1,0
S04545,46.8,131.8,7.87,17.5,1,1,1,0,2.8,0
S04546,88.9,106.0,10.51,24.4,0,0,0,0,5.3,0
S04547,74.0,136.7,8.73,28.1,1,0,0,1,3.3,0
S04548,71.3,142.8,7.79,20.3,0,0,0,0,4.8,0
S04549,57.2,120.6,5.22,26.1,0,1,1,0,1.2,0
S04550,51.7,181.1,7.05,22.5,0,0,0,0,2.8,0
S04551,73.4,134.6,6.18,31.6,1,0,0,0,3.6,0
S04552,65.9,147.0,8.6,29.3,1,0,0,1,5.4,0
S04553,59.4,146.3,7.07,25.2,0,0,0,0,5.7,0
S04554,52.3,138.7,6.03,30.5,0,0,0,0,5.3,0
S04555,38.5,103.7,5.68,27.0,1,0,0,0,3.3,0
S04556,59.3,143.9,4.11,26.9,1,1,1,0,8.2,0
S04557,55.2,137.9,4.37,27.7,1,0,0,0,0.5,0
S04558,50.6,150.9,7.2,27.1,0,0,1,1,3.3,0
S04559,38.6,119.6,8.29,23.4,1,0,0,0,1.5,0
S04560,73.7,147.5,7.1,30.9,0,0,0,0,1.0,1
S04561,64.8,119.4,5.74,27.0,0,0,0,0,4.4,0
S04562,51.4,131.1,7.59,18.1,0,1,0,0,2.1,0
S04563,43.8,146.5,8.9,26.2,0,0,0,1,12.5,0
S04564,68.7,119.5,6.77,27.9,0,0,1,0,9.7,0
S04565,48.0,173.1,5.56,28.9,0,0,0,0,4.2,0
S04566,33.8,104.8,6.11,28.6,0,1,0,0,4.1,0
S04567,62.8,145.5,3.0,28.6,1,0,0,0,4.3,0
S04568,53.8,149.1,5.72,30.0,0,0,1,0,4.9,0
S04569,46.5,144.8,8.93,34.5,0,0,0,0,2.1,0
S04570,55.2,138.6,9.46,36.7,1,0,1,0,1.6,0
S04571,60.1,144.4,5.49,25.6,0,0,0,0,9.0,0
S04572,48.7,137.2,7.14,33.0,0,0,0,0,3.9,0
S04573,44.2,147.4,6.21,26.2,0,0,0,0,3.5,0
S04574,53.6,114.1,3.07,22.9,0,0,0,0,13.6,0
S04575,60.2,122.8,8.16,28.2,1,0,0,0,1.9,0
S04576,69.0,147.0,6.51,24.7,0,0,1,0,8.8,0
S04577,53.4,138.4,7.68,28.5,0,0,0,0,6.3,0
S04578,53.4,96.5,5.88,30.3,0,0,0,0,6.9,0
S04579,30.4,175.0,7.4,28.8,0,0,0,0,2.6,0
S04580,74.5,161.5,4.87,26.8,1,1,0,0,2.2,0
S04581,60.4,126.8,6.41,31.6,1,0,0,0,2.6,0
S04582,61.7,126.7,6.56,22.8,0,0,0,0,0.3,0
S04583,68.5,127.4,7.98,22.3,0,0,0,0,1.6,0
S04584,63.1,130.5,5.45,30.2,0,0,0,1,9.6,0
S04585,60.1,139.8,8.77,35.7,0,0,0,0,2.3,0
S04586,35.3,131.9,7.22,25.5,0,0,0,0,1.8,0
S04587,53.1,128.6,5.81,26.0,0,0,0,0,20.6,0
S04588,61.8,136.1,4.82,20.4,1,0,1,0,3.9,0
S04589,68.3,118.5,6.73,26.4,1,0,1,0,7.7,0
S04590,54.8,112.2,4.37,28.5,1,0,0,0,1.6,0
S04591,42.8,125.9,6.13,24.8,0,0,0,0,4.7,0
S04592,56.8,159.2,4.09,27.0,0,0,0,0,5.3,0
S04593,58.5,133.3,4.38,25.1,1,0,0,0,4.0,0
S04594,68.7,151.7,8.44,30.5,1,0,1,0,4.4,0
S04595,69.5,119.9,5.88,27.7,0,0,0,1,6.5,0
S04596,54.8,127.7,4.01,25.9,1,0,1,0,1.5,0
S04597,83.3,160.1,6.45,28.6,0,0,0,0,4.3,0
S04598,74.0,158.5,6.83,21.6,1,1,0,0,1.5,0
S04599,54.6,106.0,8.2,32.9,0,0,0,0,1.2,0
S04600,48.8,149.0,6.32,30.0,1,0,0,0,3.2,0
S04601,52.4,112.7,5.24,28.3,1,0,0,0,2.7,0
S04602,68.5,137.6,7.52,24.5,0,0,0,0,4.5,0
S04603,53.6,136.0,6.39,29.9,1,0,0,0,10.3,0
S04604,62.3,131.3,4.65,34.8,0,0,1,0,9.5,0
S04605,58.7,149.2,10.71,32.5,0,0,0,1,2.4,0
S04606,54.4,137.7,6.65,25.4,0,0,0,0,3.5,0
S04607,69.5,148.3,3.95,19.3,0,0,0,0,4.8,0
S04608,66.1,139.7,7.56,20.8,0,0,0,0,5.2,0
S04609,57.2,139.0,3.8,28.6,1,0,0,0,0.6,0
S04610,71.2,149.9,4.59,25.3,1,0,0,0,7.3,0
S04611,84.4,145.6,7.35,23.1,0,0,0,1,3.9,0
S04612,55.6,108.5,5.46,28.7,0,0,0,0,2.5,0
S04613,52.9,131.5,10.07,16.8,0,0,0,0,9.4,0
S04614,58.2,131.0,7.88,29.7,0,0,0,0,5.7,0
S04615,44.4,157.3,7.48,21.7,1,0,0,0,0.6,0
S04616,65.6,143.3,4.61,29.4,0,0,1,0,6.9,0
S04617,73.0,119.4,6.28,28.0,0,0,0,0,1.6,0
S04618,58.5,151.0,8.62,29.5,0,0,0,0,2.5,0
S04619,59.1,132.3,9.46,25.7,0,1,1,0,19.8,1
S04620,44.3,126.9,7.34,28.4,1,1,0,0,9.0,0
S04621,75.9,136.8,6.05,32.4,1,1,1,0,1.9,1
S04622,45.2,173.4,4.29,24.5,1,0,0,0,1.7,0
S04623,58.8,131.0,8.01,29.8,1,0,1,0,3.4,0
S04624,60.0,155.2,7.8,26.9,0,0,1,1,5.7,0
S04625,64.7,146.5,7.71,26.5,1,0,0,0,2.7,0
S04626,60.9,148.9,8.47,19.9,0,0,0,0,12.9,0
S04627,54.4,136.5,3.0,17.7,0,0,0,0,2.4,0
S04628,65.4,124.7,6.22,36.0,0,0,0,0,4.6,0
S04629,45.6,114.8,9.08,25.1,1,0,0,0,8.8,0
S04630,54.5,140.5,7.99,29.3,0,0,0,0,2.1,0
S04631,56.7,129.9,7.4,24.0,0,0,0,0,1.9,0
S04632,53.2,89.4,7.06,30.0,0,0,0,0,1.2,0
S04633,62.6,175.2,3.81,32.6,0,1,0,0,0.9,0
S04634,51.1,141.1,7.75,28.1,1,1,0,0,12.4,0
S04635,64.7,128.7,8.85,35.5,1,0,1,0,2.1,0
S04636,69.5,134.3,8.19,30.2,1,1,0,1,2.4,1
S04637,63.8,129.2,5.91,32.4,0,0,0,0,1.8,0
S04638,50.4,143.0,6.28,23.9,0,0,0,0,4.0,0
S04639,60.5,139.2,7.39,29.6,0,0,0,0,24.2,0
S04640,68.7,146.3,3.66,16.5,1,0,0,1,3.6,0
S04641,60.4,110.7,6.0,27.5,0,0,1,0,1.9,0
S04642,66.7,151.0,7.68,21.4,0,0,1,0,3.2,0
S04643,78.4,130.3,6.69,25.5,0,0,0,0,12.8,1
S04644,79.3,125.7,8.12,23.9,1,0,1,0,3.8,0
S04645,78.0,114.6,4.59,35.6,1,1,0,0,3.6,0
S04646,71.6,119.7,9.61,33.4,0,1,0,0,3.3,0
S04647,45.7,113.5,3.51,34.8,0,0,1,0,4.0,0
S04648,73.4,111.5,7.1,31.9,1,1,1,0,0.8,0
S04649,71.5,124.7,5.41,29.8,0,0,0,0,5.4,0
S04650,73.2,134.9,6.95,24.0,0,0,0,0,2.9,0
S04651,80.1,159.0,6.22,29.6,0,0,0,0,0.9,0
S04652,64.9,116.8,4.85,19.2,0,1,1,1,8.3,1
S04653,64.6,158.6,6.63,23.6,1,1,0,1,5.7,0
S04654,64.1,149.5,3.91,24.6,1,0,0,0,1.8,0
S04655,61.3,142.2,7.07,33.9,1,0,0,0,2.6,0
S04656,32.4,145.9,7.77,25.6,1,0,0,0,2.6,0
S04657,53.2,131.3,10.79,28.9,0,0,1,0,13.4,0
S04658,66.0,143.6,5.16,26.5,0,0,0,0,5.5,0
S04659,53.8,123.3,7.28,19.1,0,1,0,1,4.3,0
S04660,48.1,126.4,7.1,25.5,0,0,0,0,2.0,0
S04661,54.8,106.6,5.13,28.3,1,0,0,0,8.0,0
S04662,62.2,97.7,5.0,33.4,0,1,0,0,6.3,0
S04663,50.3,140.4,6.21,25.2,1,0,0,0,4.5,0
S04664,79.2,157.3,6.22,22.3,1,0,0,0,4.1,0
S04665,54.5,90.9,7.69,34.6,0,0,1,1,6.2,0
S04666,71.7,157.0,4.28,25.5,0,0,1,0,2.9,0
S04667,60.5,174.2,8.65,20.5,0,0,0,0,2.0,0
S04668,69.8,143.7,6.72,33.2,0,0,0,0,4.9,0
S04669,53.0,85.0,6.43,21.9,0,0,1,0,8.0,0
S04670,73.6,127.1,5.11,25.3,1,0,0,0,7.0,0
S04671,59.0,123.5,9.57,27.4,1,0,0,0,1.1,1
S04672,57.0,143.0,8.79,29.1,1,0,1,0,3.0,0
S04673,70.7,140.3,5.28,26.4,1,0,0,0,5.4,0
S04674,68.6,149.4,5.37,26.1,0,0,1,1,3.1,0
S04675,50.0,131.1,7.38,24.6,0,0,0,1,2.0,0
S04676,47.2,153.1,7.72,30.2,1,0,0,0,3.3,0
S04677,85.3,121.4,7.02,23.8,1,1,0,0,1.4,0
S04678,60.0,147.9,4.59,29.3,0,0,0,0,3.3,0
S04679,47.7,139.1,10.98,34.4,0,0,0,0,4.9,0
S04680,66.2,136.0,5.38,28.3,1,0,0,0,4.4,0
S04681,63.0,121.8,5.75,25.7,0,0,1,0,2.4,0
S04682,70.8,159.6,7.33,21.8,0,0,0,0,6.0,0
S04683,61.6,152.1,6.85,26.8,0,1,1,0,1.2,0
S04684,56.9,146.9,5.92,27.2,0,1,0,0,1.4,0
S04685,63.9,99.8,7.93,25.8,0,1,0,0,7.9,0
S04686,77.9,154.7,8.5,24.8,0,0,0,0,3.0,0
S04687,60.0,164.1,6.73,29.8,1,0,0,0,2.5,0
S04688,57.8,113.0,6.42,23.4,0,0,0,0,7.4,0
S04689,61.3,137.9,7.25,31.8,0,0,0,0,2.0,0
S04690,63.9,129.7,6.16,26.8,0,1,0,0,6.1,0
S04691,56.3,138.0,7.3,27.0,0,1,1,0,11.2,0
S04692,61.5,143.4,5.18,25.4,0,0,1,0,8.2,0
S04693,51.8,126.3,8.17,16.9,0,0,0,0,0.6,0
S04694,50.8,106.0,8.48,30.8,1,0,1,0,0.5,0
S04695,56.4,152.4,6.78,29.2,0,0,0,0,4.0,0
S04696,73.5,144.6,5.81,30.9,1,0,0,0,4.3,0
S04697,73.9,155.8,7.72,15.0,0,0,0,0,2.5,0
S04698,67.4,129.3,5.96,30.0,0,0,0,0,1.7,0
S04699,59.1,143.6,8.12,26.0,0,0,0,1,4.3,0
S04700,60.4,152.6,9.63,35.0,1,0,1,0,1.3,0
S04701,41.0,106.6,5.56,25.8,1,0,0,0,3.6,0
S04702,75.2,138.2,6.66,31.5,0,0,1,0,3.2,0
S04703,51.1,113.2,5.59,27.3,0,1,1,1,2.1,0
S04704,49.5,133.6,3.33,30.6,0,0,0,0,4.0,0
S04705,58.5,127.3,7.66,33.8,0,0,0,0,2.5,0
S04706,63.1,130.8,6.5,27.5,1,0,1,0,8.1,0
S04707,60.0,128.2,4.02,22.6,0,0,0,0,2.2,0
S04708,39.2,138.2,5.4,19.4,1,0,1,0,2.9,0
S04709,75.1,131.5,4.72,21.4,0,0,0,1,3.7,0
S04710,56.1,109.0,8.37,34.6,1,1,0,1,1.6,0
S04711,50.6,139.2,5.08,26.4,1,0,0,1,0.9,0
S04712,60.3,168.9,7.17,24.4,1,0,1,0,1.6,0
S04713,73.8,151.4,6.82,24.5,1,0,0,0,5.2,0
S04714,74.8,124.7,8.45,21.3,0,0,1,0,14.7,1
S04715,66.5,136.2,3.0,24.9,1,0,1,0,1.7,0
S04716,60.8,134.7,6.97,25.0,0,0,0,0,3.5,0
S04717,68.8,114.2,4.44,36.7,1,0,0,0,15.0,0
S04718,58.2,132.8,8.5,27.0,0,0,0,0,8.8,0
S04719,62.7,113.5,8.37,32.6,1,0,0,0,5.1,0
S04720,49.6,162.3,4.83,23.4,0,0,0,0,7.5,0
S04721,82.9,168.5,6.52,29.5,1,0,0,0,4.9,1
S04722,53.5,160.9,6.23,25.0,0,0,1,1,2.3,0
S04723,60.4,151.4,8.88,28.6,0,0,0,1,8.7,0
S04724,56.5,161.5,5.39,22.5,0,0,0,1,0.3,1
S04725,67.3,127.6,5.87,17.8,1,0,0,0,4.4,0
S04726,61.4,128.2,5.38,24.3,0,0,0,0,3.1,0
S04727,48.2,164.5,6.28,26.0,0,0,0,0,1.0,0
S04728,48.7,153.1,8.95,25.8,0,0,0,0,6.3,0
S04729,56.8,172.7,5.75,27.5,0,0,0,0,3.9,0
S04730,85.2,153.5,6.98,25.6,1,1,1,0,0.7,0
S04731,87.9,122.9,8.3,27.0,1,0,0,0,4.6,0
S04732,65.0,125.6,3.84,29.8,0,0,0,0,3.6,0
S04733,59.3,148.5,9.03,31.4,1,0,1,0,3.4,0
S04734,50.8,163.8,7.59,35.6,0,0,0,1,5.6,0
S04735,60.9,130.2,7.78,25.1,0,0,1,0,1.5,0
S04736,40.6,153.3,4.7,24.5,1,0,0,0,12.1,0
S04737,46.3,152.7,10.95,25.8,1,0,0,0,4.8,0
S04738,60.8,152.6,10.7,28.3,1,0,0,0,1.3,0
S04739,70.7,110.9,4.77,30.1,0,0,0,0,1.0,0
S04740,64.9,130.2,13.44,32.5,1,0,0,0,4.7,0
S04741,50.8,130.8,3.79,25.6,1,0,0,0,4.7,0
S04742,61.2,115.2,4.26,34.1,1,1,0,0,7.0,0
S04743,55.0,139.6,8.44,27.3,0,1,0,0,10.9,0
S04744,54.0,128.3,5.67,22.9,1,0,0,0,15.0,0
S04745,62.8,102.4,6.74,23.8,0,0,0,0,0.5,0
S04746,47.8,136.0,4.73,31.7,0,0,0,0,3.4,0
S04747,62.0,124.4,8.57,29.4,0,0,0,0,4.5,0
S04748,55.0,138.6,6.22,34.2,0,0,0,0,6.9,0
S04749,57.7,105.8,3.48,27.2,0,0,0,0,1.2,0
S04750,48.7,150.8,7.68,24.4,0,0,0,0,2.0,0
S04751,68.9,139.5,6.98,34.1,0,0,0,0,2.6,0
S04752,59.1,156.6,4.03,25.9,1,0,0,0,0.6,0
S04753,72.9,141.9,6.29,19.8,0,0,0,0,2.4,0
S04754,58.6,144.8,5.7,26.1,0,0,0,0,3.3,0
S04755,52.0,146.4,7.63,25.8,0,0,0,0,0.2,0
S04756,74.6,136.2,5.56,22.8,0,0,1,0,0.8,0
S04757,45.5,135.0,7.55,30.7,0,0,1,0,16.6,0
S04758,61.3,139.0,3.68,30.7,0,0,1,0,4.8,0
S04759,51.2,149.9,8.27,27.1,0,0,0,0,4.0,0
S04760,50.0,136.3,6.74,28.6,0,0,0,0,3.0,0
S04761,72.4,148.9,7.41,27.4,1,0,0,0,2.4,0
S04762,71.2,140.9,6.78,25.7,0,0,1,1,3.6,1
S04763,61.6,143.8,6.8,18.3,0,1,1,0,2.5,0
S04764,60.7,186.9,7.12,18.2,0,0,1,1,1.8,0
S04765,46.9,163.0,5.48,21.9,1,0,0,0,1.5,0
S04766,35.7,162.2,5.87,21.5,0,0,0,0,5.4,0
S04767,52.9,133.7,6.16,26.2,0,1,0,0,3.5,0
S04768,70.1,136.5,4.53,30.4,0,0,0,0,0.6,1
S04769,69.9,129.6,9.84,29.6,0,0,0,0,3.3,0
S04770,87.7,117.8,8.2,33.7,0,0,0,0,3.3,0
S04771,56.5,119.4,6.17,20.2,1,0,1,1,16.7,0
S04772,58.1,113.2,5.51,26.6,1,0,0,0,1.5,0
S04773,59.0,135.7,6.09,21.7,0,0,1,0,8.4,0
S04774,52.5,124.0,6.39,34.5,0,0,0,0,4.6,0
S04775,74.0,127.1,6.99,26.4,0,0,1,0,7.3,0
S04776,60.5,136.7,4.45,29.2,0,0,0,0,8.0,0
S04777,55.5,136.5,6.38,25.3,1,0,0,0,2.0,0
S04778,58.8,90.5,5.95,28.4,1,0,0,0,5.2,0
S04779,69.2,153.0,4.37,23.3,1,0,0,1,4.9,0
S04780,44.2,130.4,4.6,24.4,0,0,1,0,0.8,0
S04781,60.5,127.9,6.94,19.3,0,0,0,0,3.2,0
S04782,55.7,128.1,6.99,30.6,0,0,0,0,4.2,0
S04783,77.4,144.8,4.99,20.1,0,0,1,0,4.9,0
S04784,64.7,154.8,5.75,24.1,0,0,1,0,1.1,0
S04785,54.1,131.2,5.32,21.5,1,0,0,0,5.4,0
S04786,37.4,129.3,7.54,26.5,1,0,0,1,4.5,0
S04787,73.3,143.9,7.15,27.8,0,1,1,0,1.9,1
S04788,46.8,144.4,6.36,23.3,1,0,0,0,2.7,0
S04789,65.2,161.6,5.39,23.1,0,0,1,0,1.9,0
S04790,80.1,115.3,6.67,19.9,0,1,0,0,8.4,0
S04791,50.1,128.9,3.72,22.4,1,0,0,0,3.8,0
S04792,73.8,160.0,5.37,23.7,0,0,0,0,2.9,0
S04793,37.7,156.6,3.52,25.9,0,0,0,0,3.6,0
S04794,57.8,109.4,6.45,25.9,0,0,1,0,3.8,0
S04795,60.1,126.3,6.58,26.9,0,0,0,0,0.6,0
S04796,75.5,100.9,4.11,27.2,0,0,1,0,2.7,0
S04797,77.1,125.2,6.61,29.1,1,1,0,0,3.1,0
S04798,62.5,125.9,6.54,33.7,0,0,0,0,2.2,0
S04799,57.9,163.5,8.58,30.8,0,0,0,0,6.2,0
S04800,75.7,145.2,4.12,23.2,0,0,0,0,0.6,0
S04801,60.6,141.8,8.29,30.3,0,0,1,0,4.8,0
S04802,71.0,128.1,7.31,25.4,0,0,0,0,9.1,0
S04803,87.7,150.8,6.53,27.7,1,0,0,0,8.2,0
S04804,56.8,124.6,6.55,30.7,1,0,0,0,1.8,0
S04805,56.9,161.6,7.0,21.2,1,0,0,0,1.8,0
S04806,53.9,147.0,6.3,24.6,0,0,1,0,1.7,0
S04807,54.6,130.9,8.36,17.7,0,0,0,0,0.8,0
S04808,75.9,115.4,6.41,26.4,0,0,0,0,3.7,0
S04809,54.0,135.2,7.22,28.5,0,0,0,0,2.7,0
S04810,62.9,145.8,6.33,31.6,0,1,0,0,3.3,1
S04811,69.2,133.7,4.77,28.0,0,0,0,0,4.4,0
S04812,38.8,147.4,5.57,30.5,0,0,0,0,8.5,0
S04813,88.0,166.9,6.4,25.4,0,0,0,0,0.5,0
S04814,76.4,177.1,6.04,22.1,0,0,0,0,1.4,0
S04815,66.3,123.3,6.91,23.4,0,0,1,0,2.9,0
S04816,73.4,147.5,3.0,29.2,0,0,0,1,8.4,0
S04817,62.6,167.7,6.55,27.8,0,0,0,0,1.5,0
S04818,55.7,129.9,7.06,34.7,0,0,0,0,3.3,0
S04819,65.5,149.2,7.48,26.7,0,0,0,0,7.8,0
S04820,50.5,129.7,11.66,28.3,0,0,0,0,1.8,0
S04821,54.3,122.4,7.75,20.0,0,1,1,0,1.4,0
S04822,67.8,130.3,5.65,34.9,0,0,1,1,3.6,0
S04823,74.0,152.2,9.06,21.4,0,0,0,0,5.1,0
S04824,51.9,136.6,5.06,28.0,0,0,0,1,1.9,0
S04825,63.2,134.0,4.26,29.6,0,0,0,0,2.1,0
S04826,44.1,115.4,7.38,22.6,1,0,0,0,6.0,0
S04827,72.6,132.3,6.16,24.6,0,0,1,0,8.6,0
S04828,48.6,116.4,7.9,22.0,0,0,0,0,2.0,0
S04829,62.3,113.9,8.36,22.2,0,0,0,0,5.9,0
S04830,61.4,134.8,8.07,27.9,0,0,0,0,1.7,0
S04831,62.8,131.7,3.84,33.5,0,0,1,0,10.8,0
S04832,44.9,123.0,6.15,31.8,0,0,0,0,3.0,0
S04833,52.5,154.0,5.11,19.6,0,0,0,0,4.7,0
S04834,61.5,150.5,5.67,27.2,0,0,0,0,1.0,0
S04835,60.5,168.2,4.95,34.5,0,0,0,0,4.7,0
S04836,47.1,121.4,5.95,28.4,0,0,0,0,2.5,0
S04837,50.6,92.7,4.24,38.1,0,0,0,1,1.8,0
S04838,51.8,144.3,7.3,27.2,0,0,1,0,4.3,0
S04839,72.2,134.6,5.4,30.6,1,0,1,0,3.1,1
S04840,78.5,140.0,5.41,23.3,1,0,0,0,9.6,0
S04841,41.1,168.3,5.96,28.3,0,0,0,0,4.5,0
S04842,52.5,142.1,7.71,28.4,1,0,0,1,1.8,0
S04843,47.3,128.4,3.37,20.0,0,0,0,0,9.2,0
S04844,75.9,91.9,6.31,22.0,0,0,1,1,4.4,0
S04845,52.6,166.8,7.53,16.2,1,0,0,1,5.5,0
S04846,83.2,131.5,9.49,28.9,0,0,0,1,2.7,0
S04847,60.1,109.8,6.91,25.8,0,0,0,0,0.7,0
S04848,65.8,125.7,6.84,30.6,1,0,0,0,6.3,0
S04849,68.5,149.0,5.3,20.8,0,0,1,0,5.4,0
S04850,68.8,110.4,6.23,22.1,0,0,0,0,3.0,0
S04851,56.8,143.2,6.21,31.0,0,0,1,0,8.4,0
S04852,92.2,154.1,6.55,23.6,0,0,0,0,4.8,1
S04853,61.7,144.1,8.1,35.9,0,0,0,0,2.9,0
S04854,54.4,92.9,3.54,22.3,0,0,1,0,2.6,0
S04855,64.7,132.9,6.49,24.4,0,0,0,0,2.4,0
S04856,69.4,137.4,5.62,32.7,1,0,0,0,2.5,0
S04857,72.3,143.5,4.53,16.6,0,0,0,0,5.8,0
S04858,40.5,143.9,8.14,30.1,1,0,0,0,3.6,0
S04859,54.3,120.0,8.91,29.9,1,0,0,0,13.8,0
S04860,46.0,111.6,7.61,24.5,0,0,0,0,1.7,0
S04861,73.8,149.3,7.19,28.7,1,0,0,0,6.4,0
S04862,73.9,135.1,7.84,25.6,0,0,0,0,9.1,0
S04863,68.8,136.4,5.87,26.8,0,0,0,0,14.0,0
S04864,47.5,160.7,7.78,24.7,0,0,1,1,3.7,0
S04865,61.6,143.4,8.9,25.7,1,0,0,1,2.8,0
S04866,53.6,155.8,7.7,31.9,0,0,0,0,2.2,0
S04867,43.9,163.0,5.97,31.7,0,0,0,0,6.6,0
S04868,50.5,126.8,10.64,34.6,1,0,0,1,2.6,0
S04869,71.5,142.2,7.59,33.0,0,0,0,0,1.0,0
S04870,63.9,147.5,3.96,27.6,0,0,0,0,6.3,0
S04871,77.3,132.4,4.22,23.8,0,1,0,0,8.0,0
S04872,67.3,133.5,8.04,22.3,0,0,0,1,0.9,0
S04873,77.9,111.6,8.3,27.4,0,0,0,0,2.3,0
S04874,72.1,92.4,7.96,22.2,1,0,1,0,1.9,0
S04875,60.7,149.9,4.49,30.7,1,0,0,1,6.7,1
S04876,71.8,155.0,6.75,31.3,1,0,0,0,0.1,1
S04877,64.4,145.6,8.15,35.1,0,0,0,0,7.5,0
S04878,55.8,126.3,7.32,31.2,1,0,0,0,2.1,0
S04879,69.5,136.0,8.72,25.5,0,0,1,0,3.6,0
S04880,74.3,123.0,7.87,23.3,1,0,0,0,7.6,0
S04881,42.6,159.9,5.97,19.5,0,0,1,0,0.6,0
S04882,77.5,140.7,6.78,17.5,0,0,0,0,4.8,0
S04883,67.4,140.4,7.14,26.1,0,0,0,0,2.6,0
S04884,95.0,154.2,7.89,28.4,0,1,0,0,2.1,0
S04885,53.8,154.6,4.82,26.2,1,0,0,1,0.4,0
S04886,69.6,155.9,8.43,26.1,0,0,0,0,2.6,0
S04887,61.9,150.2,5.82,24.7,0,0,0,0,2.6,0
S04888,39.5,123.4,4.4,20.6,1,1,0,0,3.6,0
S04889,65.9,134.5,5.91,29.5,1,0,0,0,0.7,0
S04890,75.1,141.8,6.63,26.9,0,0,1,0,1.7,0
S04891,53.2,160.4,5.14,22.9,1,0,0,1,1.6,0
S04892,52.3,154.1,7.09,26.1,0,0,1,0,3.4,0
S04893,50.6,163.2,5.76,26.1,1,1,0,0,4.2,0
S04894,56.9,144.0,7.33,19.1,0,0,0,0,0.4,0
S04895,53.3,131.1,3.0,27.0,1,0,1,0,9.5,0
S04896,55.3,127.2,6.06,21.3,0,0,0,0,0.6,0
S04897,73.5,125.8,5.01,20.0,0,0,0,0,0.5,0
S04898,95.0,169.2,3.27,27.6,1,0,0,0,2.5,0
S04899,51.8,132.8,5.89,22.7,1,1,0,0,2.9,0
S04900,73.3,160.4,6.15,27.1,1,0,0,0,6.8,0
S04901,65.8,115.3,5.11,28.1,0,0,0,0,1.1,0
S04902,73.3,153.1,8.03,34.2,0,0,1,0,4.1,1
S04903,69.2,156.3,5.21,24.3,0,0,0,0,5.5,0
S04904,85.1,148.5,6.49,29.6,1,1,1,0,0.7,1
S04905,72.2,88.1,4.43,29.4,0,0,0,0,1.3,0
S04906,85.2,123.9,7.72,18.4,1,0,0,0,1.0,0
S04907,59.5,127.3,7.38,25.7,0,0,1,0,0.8,0
S04908,38.4,106.8,7.12,22.4,0,0,0,0,4.5,0
S04909,60.9,123.7,6.97,28.8,0,0,0,0,5.0,0
S04910,51.1,118.9,8.31,33.4,0,0,1,0,1.6,0
S04911,65.5,137.6,6.37,30.5,1,0,1,1,1.3,0
S04912,51.4,139.9,5.22,38.1,1,0,1,0,3.4,0
S04913,50.5,141.5,5.0,30.0,1,0,1,0,3.0,0
S04914,51.9,166.4,7.41,27.0,0,0,0,1,4.0,0
S04915,57.2,132.1,6.26,23.9,0,1,1,0,5.9,0
S04916,53.2,153.3,7.64,25.7,1,0,0,0,6.6,0
S04917,72.8,136.4,8.93,27.9,0,0,0,0,8.2,0
S04918,38.8,137.6,6.95,23.8,1,0,0,0,3.9,0
S04919,86.0,144.7,5.12,21.9,0,0,0,0,5.2,0
S04920,61.7,144.5,4.07,25.4,0,0,0,0,0.4,0
S04921,75.7,137.2,8.67,22.6,1,0,0,0,11.5,0
S04922,62.9,143.4,8.65,30.9,0,0,0,0,6.6,0
S04923,23.8,140.7,3.46,32.7,1,0,1,0,2.0,0
S04924,60.4,114.2,5.96,28.8,1,0,1,0,3.4,0
S04925,80.6,153.4,8.73,31.1,1,0,0,1,2.3,0
S04926,46.7,154.0,6.94,33.6,0,0,1,0,4.4,0
S04927,55.3,115.7,7.78,25.3,0,0,0,0,8.1,0
S04928,73.6,134.4,5.59,24.8,0,1,0,0,3.2,0
S04929,53.8,113.2,9.62,24.0,1,0,0,0,1.9,0
S04930,52.6,126.2,5.88,30.5,0,1,0,1,10.6,0
S04931,46.5,152.5,9.18,34.2,0,0,0,0,5.4,0
S04932,64.2,140.9,5.24,18.8,1,0,0,0,3.1,0
S04933,64.3,154.8,4.42,25.5,1,0,0,1,2.6,0
S04934,77.3,122.1,9.17,22.4,1,0,1,0,3.8,0
S04935,69.2,164.1,8.65,25.5,1,0,1,0,8.4,0
S04936,87.0,110.2,9.36,23.0,1,0,0,0,2.1,0
S04937,61.3,131.0,6.57,29.5,0,0,0,0,3.0,0
S04938,49.5,131.4,8.05,33.9,1,0,0,0,8.2,0
S04939,50.8,128.4,5.34,28.8,1,0,0,0,4.2,0
S04940,50.2,147.7,7.94,24.9,0,0,0,0,2.0,0
S04941,54.8,122.6,7.77,36.9,0,0,0,0,1.4,0
S04942,47.1,111.8,5.61,27.4,0,0,0,0,4.3,0
S04943,72.8,135.3,4.94,24.1,0,1,0,0,1.9,0
S04944,79.6,138.8,4.86,26.0,1,0,0,1,3.0,0
S04945,75.4,172.7,8.64,23.5,1,0,0,0,1.8,0
S04946,91.5,130.8,5.4,27.6,0,0,1,0,1.8,0
S04947,74.2,131.8,5.36,23.1,1,0,0,0,4.3,0
S04948,59.2,147.6,3.0,25.8,0,1,0,0,2.5,0
S04949,68.0,149.3,3.0,26.2,0,0,1,1,5.9,0
S04950,53.3,141.1,7.5,27.6,1,0,0,0,3.3,0
S04951,73.7,129.8,3.54,29.8,0,0,0,0,3.0,0
S04952,46.9,113.2,7.35,24.1,0,0,0,0,1.6,0
S04953,82.3,127.8,7.5,24.0,0,0,0,0,3.3,0
S04954,85.3,141.5,4.76,23.0,0,0,0,0,2.6,0
S04955,41.2,142.9,7.43,25.1,1,0,0,0,5.8,0
S04956,61.6,133.8,7.48,28.8,0,0,0,0,2.5,0
S04957,56.8,108.4,8.52,21.6,0,0,0,0,3.9,0
S04958,72.3,147.0,7.86,28.8,1,0,0,0,4.1,0
S04959,56.9,123.8,8.21,27.0,0,0,0,0,4.1,0
S04960,58.4,111.4,6.96,19.8,1,0,0,0,7.9,0
S04961,52.7,165.6,3.97,21.5,1,0,0,0,6.4,0
S04962,63.8,128.6,8.68,26.6,0,0,0,0,6.6,0
S04963,38.8,117.6,6.7,21.4,1,0,1,0,3.7,0
S04964,55.3,171.0,5.04,26.1,0,0,0,0,3.4,0
S04965,70.4,154.3,5.22,25.6,0,1,0,0,1.7,0
S04966,85.0,125.6,8.24,31.8,0,0,1,0,2.1,0
S04967,42.0,136.2,6.0,15.0,0,0,0,0,1.6,0
S04968,51.8,145.5,3.59,25.8,1,0,0,0,2.8,1
S04969,59.8,173.2,5.08,32.8,0,1,1,0,3.0,0
S04970,71.7,133.8,6.23,18.3,1,0,0,0,9.4,0
S04971,65.7,143.8,8.35,24.2,0,0,0,0,3.0,0
S04972,71.2,175.3,6.01,30.5,1,1,1,0,1.9,0
S04973,54.7,140.6,5.27,23.9,0,0,0,0,1.9,0
S04974,69.8,145.5,8.15,26.9,0,0,0,0,9.4,0
S04975,57.7,122.2,7.03,34.5,0,0,1,0,3.8,0
S04976,72.6,161.5,7.56,23.7,0,0,1,0,6.2,0
S04977,72.9,135.9,9.45,21.5,1,0,1,0,7.0,0
S04978,56.3,92.4,7.33,30.1,0,0,0,0,7.3,0
S04979,63.9,139.7,5.03,32.6,1,0,0,0,12.9,1
S04980,71.1,134.9,3.93,30.6,1,0,0,0,5.5,0
S04981,60.8,131.4,8.99,23.5,0,0,1,0,1.8,1
S04982,59.5,127.1,7.14,23.2,0,0,1,0,2.4,0
S04983,63.1,134.4,7.26,24.9,0,0,0,0,1.6,0
S04984,69.6,127.1,6.18,24.6,0,0,0,0,2.3,0
S04985,71.8,143.6,7.17,23.3,0,0,0,0,12.3,0
S04986,48.3,160.8,5.86,23.6,1,0,0,0,6.2,0
S04987,68.0,114.7,8.74,24.7,1,0,0,1,2.1,0
S04988,66.1,136.8,3.75,26.1,1,0,1,1,0.9,0
S04989,56.3,188.0,7.27,27.7,0,0,0,0,5.4,0
S04990,47.6,134.0,10.22,25.4,1,0,0,0,4.7,0
S04991,72.2,175.1,6.44,23.2,0,0,0,0,4.0,0
S04992,58.8,127.7,10.17,25.4,1,0,0,0,6.2,0
S04993,73.5,155.3,5.45,28.8,0,0,0,1,5.2,0
S04994,72.2,152.2,6.9,21.1,0,0,0,0,5.1,0
S04995,56.2,154.9,6.24,31.1,0,0,1,0,1.2,0
S04996,52.8,161.1,5.32,29.0,1,0,0,0,0.7,0
S04997,77.3,131.4,9.48,22.9,0,0,1,0,0.5,0
S04998,51.4,143.7,6.88,30.1,1,0,0,0,1.1,0
S04999,64.7,150.5,3.0,29.3,1,0,1,0,4.0,0
S05000,61.8,139.8,8.19,33.9,0,0,0,0,2.0,0
S05001,65.6,128.5,8.63,22.6,1,1,0,0,6.0,1
S05002,73.0,112.1,3.0,28.2,1,0,0,0,3.1,0
S05003,73.5,125.8,8.72,25.0,0,0,0,0,1.3,0
S05004,60.5,131.8,5.4,29.6,0,0,1,0,6.2,0
S05005,77.3,117.5,4.16,23.1,0,0,0,0,3.2,0
S05006,47.3,111.6,8.49,20.3,0,0,0,1,1.4,0
S05007,70.8,125.6,5.92,31.4,0,0,1,0,1.6,0
S05008,46.5,127.1,4.22,35.6,0,0,0,0,1.9,0
S05009,46.9,102.1,7.59,25.4,1,0,1,0,1.9,0
S05010,61.4,140.8,8.2,23.2,1,0,0,0,2.2,0
S05011,63.0,132.5,6.98,39.0,0,1,1,0,3.6,0
S05012,39.7,135.8,4.56,25.6,1,0,1,0,8.9,0
S05013,69.3,143.0,4.16,26.7,0,0,0,0,5.7,0
S05014,83.4,143.4,11.15,27.7,0,0,1,0,0.4,0
S05015,77.1,131.0,7.65,29.4,0,0,0,0,2.9,0
S05016,49.9,101.5,4.56,26.2,0,0,0,0,7.3,0
S05017,47.6,149.9,7.42,26.2,0,0,0,0,2.3,0
S05018,40.2,145.0,4.97,28.9,0,0,1,0,4.4,0
S05019,54.3,119.9,6.2,18.3,1,0,0,0,5.2,0
S05020,45.0,129.5,5.3,28.8,0,0,0,0,2.5,0
S05021,81.6,115.1,3.67,24.7,0,0,0,0,5.1,0
S05022,45.4,171.1,4.93,32.2,0,0,0,0,2.2,0
S05023,75.4,175.1,8.27,23.0,0,0,0,0,9.6,0
S05024,66.7,165.3,3.41,29.8,0,0,1,0,1.5,0
S05025,72.8,138.1,5.29,19.4,1,0,1,0,3.0,0
S05026,60.3,128.5,5.54,21.0,0,0,0,0,0.9,0
S05027,58.3,147.9,6.82,21.1,0,0,0,0,4.1,0
S05028,50.7,142.7,7.61,29.0,0,0,0,0,3.3,0
S05029,30.6,111.2,8.14,29.1,1,0,1,1,5.3,0
S05030,53.1,135.0,6.28,33.0,0,0,0,0,0.7,0
S05031,53.9,144.3,5.64,20.1,0,1,0,0,8.2,0
S05032,56.6,124.3,5.64,28.2,0,0,0,0,0.7,0
S05033,57.2,132.0,7.08,27.9,0,0,0,0,4.7,0
S05034,50.3,144.9,4.61,22.5,0,0,0,0,3.1,1
S05035,65.8,140.3,6.75,20.1,0,0,1,0,9.2,0
S05036,51.1,130.5,8.43,20.1,1,0,0,0,6.3,0
S05037,64.8,138.8,6.91,32.0,0,0,0,0,7.9,1
S05038,54.9,115.2,5.44,22.0,1,0,0,0,6.5,1
S05039,50.4,118.8,9.4,24.5,0,0,0,0,4.2,0
S05040,66.3,135.0,5.54,30.4,0,0,0,0,4.4,0
S05041,58.7,132.6,6.99,22.8,1,0,0,0,1.7,0
S05042,55.5,157.9,4.64,26.8,0,0,0,0,2.1,0
S05043,58.3,150.7,7.34,32.7,0,0,0,0,3.9,0
S05044,66.9,138.7,6.38,27.9,1,0,0,0,2.0,0
S05045,68.9,171.1,3.56,26.9,1,0,0,0,2.9,0
S05046,57.0,169.9,4.53,20.4,1,0,0,0,12.1,0
S05047,45.1,120.2,3.61,22.5,0,0,0,0,5.6,0
S05048,65.5,99.8,7.85,25.3,0,1,0,0,3.4,0
S05049,58.6,141.5,4.44,26.2,1,0,1,0,3.4,0
S05050,49.4,137.0,8.69,22.6,1,0,1,0,1.2,0
S05051,56.9,116.5,9.62,19.7,0,0,0,0,7.6,0
S05052,66.1,152.1,11.22,26.6,0,0,0,0,2.1,0
S05053,62.5,161.4,8.29,37.7,0,0,0,0,2.7,0
S05054,83.5,101.3,6.2,27.7,1,0,0,1,1.9,0
S05055,68.8,138.7,4.45,34.9,1,0,0,0,3.2,0
S05056,47.5,129.1,7.97,17.5,0,0,0,0,2.8,0
S05057,30.2,137.3,6.97,22.2,1,0,0,0,1.6,0
S05058,71.4,99.7,5.29,22.2,1,0,0,0,5.2,0
S05059,84.4,151.4,7.22,25.2,1,0,0,0,10.3,0
S05060,48.2,146.2,3.93,22.2,0,0,1,0,2.8,0
S05061,55.4,126.1,7.04,30.4,0,0,0,0,8.3,0
S05062,49.3,94.5,9.76,18.4,1,1,0,0,3.3,0
S05063,67.7,144.2,8.11,29.4,0,0,0,0,5.4,0
S05064,35.1,120.1,6.54,28.7,0,0,0,0,13.1,0
S05065,61.7,111.9,8.14,20.2,0,0,0,0,5.0,0
S05066,49.6,135.2,7.48,28.0,0,0,1,0,3.8,0
S05067,51.8,168.1,6.41,18.7,1,0,0,0,2.6,0
S05068,57.9,90.2,4.78,33.2,1,0,0,0,3.2,0
S05069,48.6,115.9,6.38,20.0,0,0,0,0,1.6,0
S05070,63.0,120.3,6.49,30.6,0,0,0,0,0.8,0
S05071,69.5,107.2,5.67,24.8,1,0,0,0,5.3,0
S05072,58.7,136.3,7.23,19.3,1,0,0,0,1.9,0
S05073,43.2,135.5,4.87,41.9,0,0,0,0,2.0,0
S05074,73.4,134.9,6.0,24.5,1,0,0,0,2.9,0
S05075,52.3,118.7,8.56,26.9,1,0,0,0,3.9,0
S05076,77.1,148.0,8.18,31.1,0,0,0,0,3.7,0
S05077,46.7,133.4,3.01,27.0,0,0,1,0,5.8,0
S05078,74.1,130.0,7.61,27.1,0,0,0,0,2.6,0
S05079,64.1,118.6,4.17,36.7,0,0,0,0,5.4,0
S05080,34.2,104.0,9.07,23.7,0,0,0,0,6.0,0
S05081,46.7,155.8,6.38,28.3,0,0,0,0,0.6,0
S05082,80.1,125.1,5.32,28.6,0,0,0,0,2.1,0
S05083,92.7,145.6,4.72,34.2,0,0,0,0,14.9,1
S05084,65.1,126.1,5.47,20.4,0,0,0,0,2.7,0
S05085,55.8,115.0,5.71,36.0,1,0,1,0,7.6,0
S05086,40.8,117.2,5.55,24.9,1,0,1,0,8.4,0
S05087,45.7,152.4,4.69,21.8,0,0,1,0,0.5,0
S05088,53.0,107.0,7.67,35.9,0,0,0,0,6.8,0
S05089,53.7,135.0,3.27,33.2,0,1,0,0,1.7,0
S05090,45.7,143.3,5.24,27.8,0,0,0,0,9.6,0
S05091,59.8,157.5,8.18,17.4,1,0,0,0,0.9,0
S05092,62.7,166.2,5.82,26.7,0,0,1,1,5.5,0
S05093,36.5,119.5,5.87,19.8,1,1,0,0,1.8,0
S05094,57.5,130.1,8.77,24.7,0,1,0,0,3.1,0
S05095,51.0,114.9,6.66,28.9,0,0,1,0,5.6,0
S05096,51.9,109.2,6.24,19.7,0,0,0,0,3.1,0
S05097,51.9,134.3,6.1,21.7,1,0,0,0,11.5,0
S05098,64.9,158.3,6.57,25.0,1,0,0,0,3.0,0
S05099,59.6,140.5,8.58,31.3,0,0,0,0,2.0,0
S05100,66.8,117.7,7.55,20.8,1,0,0,0,6.2,0
S05101,73.4,150.1,5.82,22.9,1,0,0,0,4.2,0
S05102,45.6,141.0,6.21,29.4,1,0,1,0,4.6,0
S05103,60.8,155.0,4.94,23.8,0,0,0,0,5.4,0
S05104,46.4,143.8,5.36,30.4,0,0,0,0,6.5,0
S05105,43.0,146.5,6.77,17.0,0,0,0,0,1.3,0
S05106,52.3,140.8,8.33,26.5,0,0,0,0,1.8,0
S05107,51.6,128.5,8.54,23.4,0,0,0,1,1.4,0
S05108,43.7,147.4,5.42,21.2,0,0,1,0,2.7,0
S05109,60.2,145.2,5.07,21.0,1,0,1,0,5.1,0
S05110,66.6,139.3,7.29,31.6,0,0,0,0,6.1,0
S05111,56.4,127.5,7.76,26.6,0,0,0,0,8.0,0
S05112,61.7,144.7,6.32,19.8,0,0,0,0,4.7,0
S05113,62.3,140.7,6.39,22.5,0,1,0,0,7.1,0
S05114,67.7,133.1,5.92,22.0,0,0,1,0,3.4,0
S05115,60.7,129.3,13.11,23.5,0,0,1,0,3.8,0
S05116,42.8,116.4,8.9,31.3,1,0,0,0,7.8,0
S05117,56.7,145.2,8.96,26.6,1,0,1,0,3.0,0
S05118,73.9,156.6,5.97,19.2,1,0,1,0,7.3,0
S05119,63.6,86.3,5.07,23.0,0,0,0,1,3.4,0
S05120,51.9,134.7,8.24,15.0,0,0,0,0,1.1,0
S05121,82.7,149.2,7.89,20.8,0,0,1,0,0.8,0
S05122,70.1,117.7,6.26,21.5,1,0,0,0,3.5,0
S05123,65.9,118.6,7.77,25.5,0,0,0,0,4.5,0
S05124,73.3,154.2,9.26,19.3,0,0,1,0,6.8,0
S05125,62.5,155.0,6.55,24.0,0,0,0,0,13.5,0
S05126,74.1,159.9,3.26,35.2,0,1,0,0,5.1,0
S05127,60.3,143.5,6.51,31.4,1,0,1,0,2.7,0
S05128,79.0,149.7,6.69,32.0,1,0,0,0,1.3,0
S05129,62.3,94.0,8.76,28.5,1,0,0,0,4.2,0
S05130,41.9,159.1,8.42,20.9,1,0,0,0,7.0,0
S05131,51.6,128.6,8.01,21.4,0,0,1,1,5.8,0
S05132,70.3,117.3,6.46,26.5,0,1,0,0,3.4,0
S05133,67.1,117.1,7.89,27.5,0,0,1,0,3.0,0
S05134,76.8,148.8,4.7,31.8,0,0,0,0,7.8,0
S05135,28.9,121.5,6.83,22.2,1,0,0,0,8.0,0
S05136,67.8,153.0,8.24,25.7,1,0,0,1,0.6,0
S05137,49.7,111.6,3.75,22.6,0,0,0,0,0.1,0
S05138,52.4,156.9,5.58,24.0,0,0,0,0,7.7,0
S05139,56.8,135.5,6.07,20.9,0,0,0,0,11.0,0
S05140,61.0,126.4,5.69,27.0,0,0,0,0,2.3,0
S05141,46.7,155.1,5.96,22.2,0,1,1,0,2.0,0
S05142,57.9,167.5,5.79,27.7,1,0,0,0,1.9,0
S05143,58.1,128.7,7.6,28.0,0,0,0,0,3.6,0
S05144,69.8,137.1,3.9,26.9,0,0,0,0,3.5,0
S05145,53.1,137.8,3.0,29.8,0,0,0,0,9.6,0
S05146,67.6,96.3,7.53,31.0,1,0,1,1,4.3,0
S05147,51.0,127.5,6.28,27.8,0,0,1,0,1.9,0
S05148,48.8,173.7,5.25,23.1,0,0,1,0,0.8,0
S05149,55.9,105.6,3.92,35.5,0,0,0,0,3.6,0
S05150,32.2,130.5,5.23,21.0,0,0,0,0,8.9,0
S05151,67.1,140.6,8.6,32.4,0,0,1,0,5.0,0
S05152,56.5,110.0,5.72,24.9,1,0,0,0,7.1,0
S05153,57.2,159.5,6.76,26.9,1,0,0,0,3.1,0
S05154,36.3,125.7,6.77,21.7,1,0,0,0,1.9,0
S05155,49.7,116.7,4.59,33.2,0,0,1,0,3.6,0
S05156,81.5,122.1,6.61,26.5,1,0,0,0,3.3,1
S05157,69.2,139.0,5.15,17.8,0,0,0,0,5.0,0
S05158,52.6,139.3,8.63,26.4,0,1,0,0,6.2,0
S05159,62.6,111.7,4.89,27.8,0,0,1,0,13.2,0
S05160,51.2,113.9,3.0,19.6,0,0,0,0,3.5,0
S05161,53.2,117.7,7.04,28.5,0,0,0,0,5.5,0
S05162,52.4,156.5,6.64,25.2,0,0,0,0,3.2,0
S05163,67.5,131.3,9.84,19.6,0,1,0,0,8.7,0
S05164,69.9,88.0,3.46,23.4,0,0,0,0,9.4,0
S05165,69.2,114.1,9.49,21.9,1,0,1,0,1.1,0
S05166,73.9,111.6,4.53,27.8,1,0,0,0,11.3,0
S05167,59.2,112.5,5.73,24.6,0,0,0,0,4.6,0
S05168,67.1,148.6,8.56,35.5,0,0,1,0,11.8,0
S05169,46.0,126.4,8.7,30.4,0,0,0,0,2.3,0
S05170,52.8,134.8,4.01,22.9,0,0,0,0,3.9,0
S05171,69.3,107.3,9.76,24.3,0,0,0,0,0.5,0
S05172,35.0,140.8,6.93,22.7,0,1,1,0,3.0,0
S05173,79.4,143.8,7.62,27.4,1,0,0,0,4.5,0
S05174,63.5,153.4,7.55,26.8,0,0,1,0,0.5,0
S05175,73.9,112.7,9.43,38.4,1,0,0,0,5.1,1
S05176,61.9,111.5,9.09,22.0,0,0,0,0,5.2,0
S05177,62.5,135.7,6.92,26.0,0,1,1,1,7.6,0
S05178,61.7,158.6,6.57,21.5,1,1,0,0,1.0,0
S05179,62.3,133.6,6.96,21.8,1,0,1,0,1.0,0
S05180,64.0,117.0,8.7,27.2,1,0,0,0,5.4,0
S05181,55.5,189.9,6.11,31.3,1,0,0,0,3.7,0
S05182,59.4,107.6,6.62,35.9,0,1,0,0,5.1,0
S05183,72.5,123.2,3.75,28.0,0,0,1,0,9.3,0
S05184,65.2,140.3,9.19,15.0,0,0,0,0,2.0,0
S05185,66.4,142.5,10.21,31.1,0,1,1,0,10.9,0
S05186,78.1,103.2,4.59,29.6,1,0,0,0,2.3,1
S05187,69.6,110.9,4.8,22.3,0,0,1,0,2.4,0
S05188,78.8,118.7,5.54,27.2,1,0,0,0,4.6,0
S05189,48.6,135.1,6.21,25.5,0,0,1,0,0.9,0
S05190,36.0,142.3,8.2,27.8,1,0,0,0,1.9,0
S05191,49.6,152.4,4.97,24.9,0,0,0,0,5.6,0
S05192,43.8,146.4,6.48,19.5,0,0,1,0,0.4,0
S05193,54.6,132.6,5.46,29.6,0,0,1,0,8.3,0
S05194,68.9,112.8,4.69,31.2,1,0,1,0,1.4,0
S05195,68.8,112.3,7.94,31.3,1,0,0,0,8.0,0
S05196,51.8,136.0,5.08,29.7,0,0,1,0,3.4,0
S05197,63.4,115.9,8.03,31.1,0,0,0,1,3.4,0
S05198,63.7,139.9,9.66,27.7,1,0,0,1,7.6,0
S05199,58.3,159.9,7.69,24.9,0,1,0,0,2.9,0
S05200,44.8,136.8,4.24,32.0,0,0,0,0,6.3,0
S05201,69.0,101.9,5.79,26.9,0,1,0,0,6.8,0
S05202,60.2,161.8,5.29,29.8,0,0,1,0,7.1,0
S05203,75.8,126.2,4.63,36.7,1,1,0,0,9.7,0
S05204,53.2,105.3,5.22,34.5,0,1,0,0,1.6,0
S05205,56.0,144.1,9.02,30.7,1,0,1,0,12.3,1
S05206,62.5,113.5,6.0,22.6,1,0,0,0,1.8,0
S05207,65.7,157.3,6.8,17.3,1,0,0,0,7.8,0
S05208,83.3,140.9,7.33,33.1,1,0,0,0,7.7,0
S05209,57.8,117.6,5.96,32.0,0,0,0,0,1.9,0
S05210,78.8,144.1,7.43,28.0,1,0,1,0,5.7,0
S05211,67.6,143.2,5.12,27.6,0,0,0,0,14.9,1
S05212,56.9,133.4,9.34,32.7,0,0,0,0,2.6,0
S05213,45.3,145.9,6.81,36.2,0,1,0,0,4.6,0
S05214,71.6,135.4,6.4,29.3,1,0,0,0,1.1,0
S05215,64.7,140.3,4.33,23.0,0,0,0,1,1.2,0
S05216,65.9,144.3,6.31,26.8,1,0,0,0,4.2,1
S05217,59.9,125.7,7.7,31.1,0,0,0,1,3.9,0
S05218,64.2,146.8,4.89,23.9,0,0,0,0,2.1,0
S05219,55.0,125.2,8.23,23.0,0,0,0,1,3.1,0
S05220,59.5,163.3,3.97,22.6,0,0,1,0,9.0,0
S05221,56.0,122.7,7.36,30.1,0,0,0,0,2.6,0
S05222,70.7,142.1,6.08,23.3,0,0,0,0,3.2,0
S05223,42.0,181.6,8.3,25.3,1,0,1,1,3.5,0
S05224,66.6,155.6,4.46,26.8,0,0,0,0,3.1,0
S05225,59.7,123.9,6.31,22.4,0,0,1,0,2.8,0
S05226,69.9,132.9,5.51,27.4,0,0,1,1,3.6,0
S05227,49.8,147.1,7.99,29.4,1,1,0,0,0.6,0
S05228,53.8,150.7,5.22,25.9,0,0,1,0,2.1,0
S05229,76.2,171.2,4.19,32.1,0,0,0,0,5.3,1
S05230,47.1,136.6,5.27,22.3,0,0,0,1,5.0,0
S05231,80.9,137.8,4.56,19.0,1,0,0,1,4.3,0
S05232,92.2,152.7,5.75,28.1,1,0,0,0,4.9,0
S05233,65.8,156.9,4.62,27.8,0,0,0,0,3.3,0
S05234,51.4,129.2,6.66,21.9,0,0,0,0,5.7,0
S05235,60.8,118.8,7.76,23.2,0,0,0,0,5.6,0
S05236,64.6,146.7,9.64,21.8,0,0,0,1,2.9,0
S05237,42.6,162.2,5.89,20.3,1,0,0,0,3.6,0
S05238,65.6,137.0,7.35,31.9,0,1,0,1,2.6,0
S05239,65.4,131.9,6.13,28.3,1,0,1,0,2.5,0
S05240,56.5,157.2,6.82,25.9,0,0,1,0,4.3,0
S05241,65.3,146.4,9.29,20.8,1,0,0,0,0.7,0
S05242,58.1,148.9,8.61,26.1,0,0,0,0,11.7,0
S05243,66.6,148.2,6.82,20.9,0,0,0,0,1.1,0
S05244,61.8,135.3,7.52,24.4,0,0,0,0,5.5,0
S05245,51.7,159.9,6.24,33.4,0,0,1,0,5.1,1
S05246,38.0,136.0,7.33,21.2,0,0,0,0,0.4,0
S05247,54.9,121.2,5.32,26.5,1,0,0,1,5.4,0
S05248,64.5,129.1,4.15,28.5,0,0,0,0,2.4,0
S05249,47.2,143.2,5.51,28.0,0,1,1,0,8.2,0
S05250,53.5,135.8,6.9,32.7,1,1,1,0,2.2,0
S05251,58.1,139.8,5.9,22.5,1,0,0,0,0.7,1
S05252,67.4,99.4,7.8,36.2,0,0,0,0,10.5,0
S05253,47.4,116.3,6.2,21.2,0,0,0,0,0.8,0
S05254,68.4,140.5,8.0,22.3,0,0,0,0,20.3,0
S05255,63.6,169.5,6.55,29.3,0,0,1,0,1.5,0
S05256,55.9,111.0,6.53,24.8,1,0,0,0,10.2,0
S05257,63.9,111.0,3.27,23.0,0,1,1,0,4.4,0
S05258,47.5,141.2,8.76,27.9,1,0,0,0,6.3,0
S05259,62.9,121.4,4.31,32.5,0,0,1,0,2.5,0
S05260,51.8,114.8,6.2,15.0,1,0,1,0,1.4,0
S05261,61.9,134.0,8.31,23.3,0,0,0,0,6.7,0
S05262,53.4,122.7,7.27,24.0,0,0,0,0,2.3,0
S05263,59.5,145.6,8.19,20.9,0,0,0,0,12.3,0
S05264,68.3,147.7,4.22,34.1,0,0,0,0,2.6,0
S05265,77.6,152.0,6.24,24.4,0,0,0,0,0.9,0
S05266,42.7,98.5,4.27,31.0,0,0,0,0,2.3,0
S05267,69.0,145.6,8.59,26.7,0,0,0,0,2.1,0
S05268,74.8,145.0,7.53,26.7,0,0,0,0,6.4,0
S05269,52.4,135.6,4.01,26.4,0,0,0,0,9.2,0
S05270,65.8,158.0,10.15,29.1,0,0,0,0,4.2,0
S05271,55.9,149.6,6.17,24.8,0,0,0,0,3.0,0
S05272,80.5,145.5,4.46,21.2,0,0,0,0,0.8,0
S05273,64.3,124.6,7.74,29.4,1,0,0,0,1.5,0
S05274,88.1,117.4,6.34,24.6,1,0,0,0,2.4,0
S05275,62.2,133.3,6.22,22.5,0,0,0,0,0.8,0
S05276,39.1,106.7,7.59,26.5,0,0,0,0,3.3,0
S05277,61.4,157.2,8.41,20.3,0,0,0,0,6.8,0
S05278,44.5,134.5,6.79,30.2,0,0,0,0,18.2,0
S05279,41.0,119.1,5.47,34.5,0,0,0,0,3.4,0
S05280,77.9,120.7,9.04,25.6,0,0,1,0,2.8,0
S05281,54.8,123.4,7.04,27.9,0,0,0,0,12.7,0
S05282,50.4,147.5,5.99,31.1,0,0,0,0,4.1,0
S05283,71.3,148.0,7.28,21.8,1,0,1,0,3.5,0
S05284,66.2,141.1,5.14,29.5,1,0,1,0,1.0,0
S05285,78.1,180.2,7.24,23.3,1,0,1,1,2.8,0
S05286,59.3,141.0,6.32,27.0,0,0,0,1,1.3,0
S05287,66.2,85.0,7.78,15.0,1,0,0,0,6.0,0
S05288,65.0,137.6,4.91,21.1,1,0,0,0,1.9,0
S05289,47.8,141.8,7.71,24.4,0,0,1,0,0.8,0
S05290,46.2,140.9,5.72,26.2,1,0,1,0,1.7,0
S05291,65.8,136.5,3.93,26.9,1,1,0,0,2.4,0
S05292,38.3,111.0,7.33,27.1,1,0,0,0,3.5,0
S05293,52.4,148.4,8.24,28.6,0,0,1,0,4.0,0
S05294,57.8,144.4,6.26,34.7,1,0,0,0,2.3,0
S05295,73.1,123.4,3.0,29.6,0,0,0,0,1.4,0
S05296,46.4,140.1,7.2,23.9,1,1,0,1,5.5,0
S05297,53.6,161.7,7.86,28.0,1,0,0,0,5.1,0
S05298,86.9,104.1,5.02,24.0,0,0,1,0,3.7,1
S05299,53.3,121.2,6.93,26.3,0,0,1,0,3.4,0
S05300,41.1,153.0,5.09,23.0,1,0,0,0,8.2,0
S05301,58.8,148.2,4.05,19.5,0,0,1,0,7.1,0
S05302,61.7,147.3,6.51,24.1,1,0,1,0,11.8,0
S05303,65.0,139.3,6.84,29.6,0,0,0,0,6.2,0
S05304,54.7,162.9,5.72,34.3,0,0,0,0,4.9,0
S05305,77.2,185.7,4.24,33.2,1,0,0,1,4.9,0
S05306,69.2,129.8,9.44,23.9,0,0,0,0,4.5,0
S05307,60.2,108.1,6.13,25.0,1,0,0,0,3.4,0
S05308,47.8,118.4,4.74,29.8,0,0,0,0,6.7,0
S05309,58.4,161.7,4.68,26.2,0,0,0,0,4.7,0
S05310,46.0,144.8,5.84,23.9,1,0,0,0,2.1,0
S05311,65.2,156.3,5.06,36.8,1,0,1,1,5.8,0
S05312,75.7,129.9,4.38,26.3,0,0,0,0,2.6,0
S05313,68.7,163.2,4.28,21.5,0,0,0,0,6.3,0
S05314,56.2,138.8,6.95,25.0,0,1,1,0,1.7,1
S05315,57.6,146.4,7.77,31.6,0,0,0,1,0.3,0
S05316,47.2,153.1,9.8,27.5,0,1,0,0,3.3,0
S05317,53.9,182.9,4.73,20.9,1,0,0,0,3.0,0
S05318,72.2,161.5,4.96,19.3,0,0,0,0,0.7,0
S05319,68.2,151.3,8.12,21.2,1,1,1,0,1.5,0
S05320,55.6,118.6,4.68,20.4,1,1,0,0,3.8,0
S05321,49.1,156.9,6.15,24.5,1,0,0,0,2.0,0
S05322,49.8,126.2,7.28,28.5,1,0,0,0,2.6,0
S05323,86.8,168.6,4.13,23.7,0,0,0,0,1.9,0
S05324,81.1,132.0,8.38,25.1,0,0,1,0,6.4,0
S05325,60.2,144.2,6.48,23.3,0,0,1,0,4.3,0
S05326,61.6,117.7,6.9,29.5,1,0,0,0,10.8,0
S05327,33.8,156.7,6.52,25.8,1,0,0,0,4.1,0
S05328,77.2,141.3,9.23,33.3,0,0,0,0,6.1,0
S05329,51.3,119.7,5.41,27.6,0,0,0,0,5.5,0
S05330,71.4,141.7,6.06,24.8,1,0,1,0,5.6,0
S05331,66.1,146.0,5.35,20.3,0,0,1,0,7.1,0
S05332,67.0,107.8,8.23,35.1,1,0,0,0,4.3,0
S05333,62.5,161.7,7.3,31.2,0,0,1,0,3.6,0
S05334,54.9,129.8,7.82,26.8,1,0,0,0,5.4,0
S05335,62.1,140.1,7.14,18.5,0,0,0,0,1.2,0
S05336,78.8,119.5,5.64,23.7,0,1,1,0,0.6,0
S05337,49.5,136.3,7.2,23.5,0,0,0,0,0.8,0
S05338,65.7,147.2,5.31,30.0,1,0,1,0,6.5,1
S05339,51.8,123.0,5.93,30.2,0,0,0,0,1.6,0
S05340,44.4,128.2,6.39,29.0,0,0,0,0,1.7,0
S05341,68.0,150.6,3.57,22.6,1,0,0,0,0.8,0
S05342,65.1,135.0,5.67,30.2,1,0,1,0,2.0,0
S05343,65.2,145.8,5.84,21.2,1,0,0,0,1.0,0
S05344,82.7,118.9,8.73,24.3,1,0,0,0,4.9,0
S05345,54.7,132.7,8.01,21.8,1,0,0,0,6.8,0
S05346,60.3,132.1,8.26,22.6,0,1,0,0,4.4,0
S05347,66.4,133.0,4.85,21.4,1,0,0,1,2.1,0
S05348,67.3,121.9,4.16,26.3,0,0,0,0,3.1,0
S05349,70.7,105.8,5.75,26.8,0,1,1,0,0.9,0
S05350,82.1,160.0,8.82,26.2,0,0,0,0,4.6,0
S05351,43.5,149.9,6.1,24.7,0,0,0,0,4.8,0
S05352,73.5,115.5,6.19,21.7,1,0,0,0,1.1,0
S05353,80.9,148.5,7.45,28.4,0,0,0,1,4.6,0
S05354,88.2,161.3,5.53,25.9,0,1,0,0,2.2,0
S05355,60.3,144.0,9.3,24.5,0,0,1,0,2.4,0
S05356,34.3,107.4,8.1,30.2,0,0,1,0,5.9,0
S05357,40.4,87.8,4.32,19.1,0,0,0,0,7.3,0
S05358,67.9,144.3,4.47,33.3,0,0,1,0,4.2,0
S05359,47.2,177.2,7.72,22.4,0,1,0,0,6.0,0
S05360,38.8,149.5,3.5,26.1,0,0,0,0,1.8,0
S05361,56.5,97.1,4.01,20.5,0,0,0,0,2.7,0
S05362,67.8,146.5,4.92,22.9,0,0,0,0,6.1,0
S05363,66.9,147.1,6.69,25.9,0,0,0,0,9.0,0
S05364,69.8,124.8,5.12,24.5,1,0,0,0,3.7,0
S05365,48.5,149.2,5.34,22.4,0,1,0,0,3.6,0
S05366,56.1,142.4,8.82,24.0,0,0,0,0,3.9,0
S05367,69.9,154.0,6.76,27.9,0,0,1,0,0.5,0
S05368,53.6,126.7,3.0,26.0,0,0,0,0,4.8,0
S05369,69.4,144.6,3.0,29.7,0,0,1,0,2.1,0
S05370,53.5,127.3,4.39,26.5,1,0,0,0,3.9,0
S05371,53.8,129.5,6.98,26.5,0,0,0,0,7.0,0
S05372,66.5,135.2,8.9,27.9,1,0,0,0,1.3,0
S05373,60.2,131.5,8.84,34.6,1,1,1,0,4.5,0
S05374,37.1,135.5,6.79,22.9,1,1,0,0,3.6,0
S05375,80.4,159.4,5.18,36.2,0,0,1,0,1.0,0
S05376,77.4,114.4,8.3,27.8,0,0,0,0,3.9,0
S05377,63.3,106.8,6.94,24.8,0,0,0,0,3.4,0
S05378,62.2,147.8,5.32,25.9,1,0,0,0,2.1,0
S05379,67.7,146.4,6.32,24.7,1,0,1,0,4.9,0
S05380,67.7,152.6,5.48,32.2,0,0,0,0,2.4,0
S05381,74.4,141.8,5.96,25.7,0,1,0,0,1.8,1
S05382,57.5,152.5,8.1,26.5,0,0,0,0,2.8,0
S05383,70.3,98.2,7.01,30.0,0,0,0,0,0.6,0
S05384,72.5,148.5,6.42,20.3,1,0,1,0,5.6,0
S05385,55.6,134.3,6.33,25.7,0,0,1,0,1.5,0
S05386,51.1,131.8,6.43,27.3,0,0,1,0,1.6,0
S05387,89.4,111.7,8.9,26.9,1,0,0,0,3.7,0
S05388,48.0,131.2,5.11,24.5,0,0,0,0,10.4,0
S05389,83.4,153.6,9.11,33.1,1,0,0,0,14.9,0
S05390,74.0,105.7,6.94,24.4,1,0,0,0,1.7,1
S05391,79.2,152.0,11.14,30.0,0,0,0,0,5.8,0
S05392,63.7,99.4,5.75,34.4,0,0,0,0,5.1,0
S05393,61.5,152.9,6.74,26.0,0,0,0,0,4.4,0
S05394,71.2,152.2,3.0,26.7,0,0,1,1,4.0,0
S05395,51.6,122.1,3.99,20.9,0,0,0,0,1.6,0
S05396,56.8,129.5,5.9,26.2,0,0,0,0,1.8,0
S05397,71.2,123.0,5.54,28.4,0,0,0,0,1.7,0
S05398,88.5,108.2,6.29,24.0,0,0,0,0,1.0,0
S05399,67.9,143.5,6.2,32.4,1,0,0,0,10.4,0
S05400,66.9,135.5,8.6,27.3,0,0,0,0,0.5,0
S05401,69.5,136.5,4.89,30.6,0,1,1,0,9.9,0
S05402,85.7,116.4,8.02,25.7,0,0,0,0,6.5,0
S05403,51.9,140.8,7.47,21.6,1,0,0,0,3.7,0
S05404,50.3,139.2,6.68,29.6,0,0,0,0,5.0,0
S05405,63.5,146.1,4.88,18.4,0,0,0,0,3.9,0
S05406,44.9,125.0,4.81,22.3,1,1,0,0,15.8,0
S05407,95.0,150.3,6.41,22.2,1,0,0,0,4.0,1
S05408,74.1,137.2,4.19,28.2,1,0,1,0,4.3,1
S05409,73.1,146.2,7.17,27.7,0,0,0,1,4.0,0
S05410,65.7,167.6,5.84,27.5,1,0,0,0,1.7,0
S05411,65.0,146.5,8.64,24.4,0,0,0,0,1.3,0
S05412,54.6,116.9,4.57,19.6,0,0,1,0,5.8,0
S05413,74.4,134.0,4.4,26.2,1,1,0,0,6.5,0
S05414,56.8,172.7,5.11,19.2,0,0,0,0,7.4,0
S05415,57.0,156.5,7.8,23.6,0,0,0,0,1.4,0
S05416,66.2,143.8,7.16,31.9,1,0,0,0,8.2,0
S05417,65.5,133.4,7.86,31.5,1,0,0,0,3.3,0
S05418,77.9,127.8,4.64,25.2,0,0,1,0,2.7,0
S05419,68.3,145.6,6.09,21.5,1,0,0,0,4.1,0
S05420,58.6,128.6,7.41,37.8,0,1,0,1,12.5,0
S05421,34.7,154.3,5.8,18.1,1,0,0,0,3.1,0
S05422,76.5,108.7,6.62,29.5,0,0,0,0,6.0,0
S05423,51.9,87.3,4.28,25.9,1,0,0,0,3.2,0
S05424,70.3,135.8,6.61,26.8,0,0,0,0,2.7,0
S05425,77.2,124.2,5.34,26.1,0,0,0,0,4.7,0
S05426,50.8,141.1,8.88,24.7,0,0,0,0,0.5,0
S05427,65.5,113.0,5.56,27.4,1,0,1,0,6.8,0
S05428,34.2,108.3,8.87,28.2,1,0,0,0,5.8,0
S05429,61.3,156.3,6.77,27.2,0,0,1,1,1.5,1
S05430,69.7,147.4,5.14,35.7,1,0,0,1,8.9,1
S05431,82.3,138.6,6.02,29.5,0,0,0,0,4.5,0
S05432,69.1,148.3,5.0,30.6,1,0,1,1,4.9,0
S05433,67.0,148.5,7.64,26.3,1,0,0,0,2.4,0
S05434,52.6,110.2,4.88,32.9,0,0,0,0,5.9,0
S05435,63.3,144.0,4.05,17.9,0,0,0,0,0.7,0
S05436,57.4,126.3,3.52,27.7,0,0,0,1,2.3,0
S05437,67.5,119.0,5.89,31.0,0,0,0,0,1.2,0
S05438,54.8,121.1,6.65,31.1,0,0,0,0,0.9,0
S05439,78.2,157.7,5.96,22.5,0,0,0,0,9.5,0
S05440,54.5,113.9,7.28,26.8,1,0,0,0,1.9,0
S05441,54.7,142.5,6.21,31.0,0,0,0,0,5.9,0
S05442,53.1,129.1,6.19,29.0,1,0,0,0,1.8,0
S05443,63.8,94.3,3.0,25.5,0,0,0,0,1.1,0
S05444,68.7,135.7,7.32,21.9,0,0,0,0,1.9,0
S05445,55.1,133.7,7.36,26.9,0,0,0,0,5.7,0
S05446,55.2,138.3,7.23,23.8,1,0,0,0,5.9,0
S05447,68.7,135.7,6.23,26.6,0,0,0,0,2.6,0
S05448,64.3,128.1,6.22,30.5,1,0,1,1,0.9,1
S05449,43.2,134.4,6.28,29.8,1,0,1,0,5.4,0
S05450,38.7,111.5,8.46,28.1,0,0,0,0,0.7,0
S05451,46.5,125.6,8.24,24.6,0,0,0,0,7.3,0
S05452,54.3,104.0,8.35,31.5,0,0,0,0,1.7,0
S05453,77.7,126.1,7.32,26.4,1,0,0,0,2.5,0
S05454,69.0,140.5,6.98,26.9,0,0,0,0,4.2,0
S05455,78.6,130.6,5.72,31.7,0,1,1,0,0.5,0
S05456,54.4,143.8,4.74,25.0,0,0,0,0,7.8,0
S05457,64.9,107.9,8.35,22.7,1,0,0,0,1.4,0
S05458,42.8,116.2,7.02,17.1,1,1,0,0,5.4,0
S05459,72.5,142.2,4.71,28.0,0,0,1,0,4.1,0
S05460,60.4,101.5,3.0,25.1,1,0,0,0,2.7,0
S05461,71.6,154.1,9.92,29.0,0,0,0,0,2.6,0
S05462,62.6,103.2,6.98,17.4,1,0,1,0,3.3,0
S05463,72.2,127.4,3.0,27.8,0,0,0,0,6.3,0
S05464,81.5,87.6,3.67,31.9,1,0,0,0,2.6,0
S05465,66.8,128.7,7.35,31.2,0,1,0,0,7.0,0
S05466,79.6,163.3,5.92,30.6,1,1,0,0,8.2,1
S05467,40.0,146.5,10.19,23.5,1,0,0,0,0.5,0
S05468,60.9,174.8,7.18,21.5,1,0,0,0,8.1,0
S05469,72.9,130.4,6.16,33.6,0,0,0,0,4.6,0
S05470,67.1,139.6,4.16,25.8,0,1,0,0,2.7,0
S05471,54.3,149.3,7.54,29.8,1,0,1,0,5.2,0
S05472,47.3,135.0,5.11,30.3,0,0,0,0,4.2,0
S05473,52.5,141.7,4.69,34.0,0,0,1,0,3.5,0
S05474,56.8,118.7,8.09,33.6,0,0,1,0,8.1,0
S05475,50.7,148.8,4.34,24.2,0,0,0,1,1.8,0
S05476,50.8,137.7,6.61,24.2,0,0,0,0,7.9,0
S05477,63.9,88.3,8.57,28.0,1,0,0,0,5.3,0
S05478,41.4,139.5,5.31,29.4,0,0,0,0,0.8,0
S05479,50.9,120.0,5.54,24.8,1,0,0,0,1.6,1
S05480,54.4,151.4,3.0,33.7,1,0,0,0,3.0,0
S05481,73.5,138.3,6.95,34.8,1,0,0,1,7.5,0
S05482,85.6,132.1,6.88,19.2,0,0,0,1,4.3,0
S05483,44.7,111.6,7.13,25.9,0,0,0,0,13.6,0
S05484,94.5,147.4,6.27,27.6,0,0,0,0,4.5,0
S05485,71.3,135.2,8.0,28.9,1,0,0,0,2.9,0
S05486,52.6,148.7,5.58,28.8,0,0,1,1,1.3,0
S05487,68.4,185.0,4.34,32.4,0,0,0,0,9.2,0
S05488,69.9,124.3,6.53,32.7,0,0,0,1,3.8,0
S05489,60.6,154.3,7.5,24.2,1,0,0,0,12.2,0
S05490,47.6,144.9,8.79,30.6,0,0,0,0,8.5,0
S05491,55.3,155.7,7.23,28.1,0,0,0,0,5.9,0
S05492,53.2,165.1,4.89,15.0,0,0,0,0,4.2,0
S05493,70.6,138.6,5.16,28.1,0,0,0,0,3.1,0
S05494,70.5,129.9,5.48,29.1,1,1,0,0,10.2,0
S05495,68.2,123.7,6.27,20.7,1,0,0,0,0.6,0
S05496,35.1,138.2,5.52,27.6,1,0,0,0,4.8,0
S05497,67.7,161.1,6.49,20.6,1,0,1,0,3.8,0
S05498,46.8,97.5,6.47,26.9,0,0,1,0,2.0,0
S05499,80.3,124.3,6.38,23.2,1,0,0,0,2.8,0
S05500,53.3,126.1,4.62,35.0,0,0,0,0,8.9,0
S05501,30.3,151.1,5.96,28.0,0,0,0,0,3.2,0
S05502,66.2,132.3,5.5,18.5,0,0,0,0,2.6,0
S05503,85.6,122.4,10.81,18.1,0,0,0,0,4.0,0
S05504,63.4,118.2,5.58,36.2,0,0,0,0,4.9,0
S05505,51.3,156.5,6.22,29.9,0,0,1,0,4.0,0
S05506,67.6,118.4,7.46,33.1,0,0,0,0,6.7,0
S05507,71.4,145.3,8.83,21.1,0,1,0,1,2.0,0
S05508,66.0,116.3,6.08,24.4,1,0,0,0,6.8,0
S05509,71.5,114.0,5.7,30.0,0,0,0,0,3.0,0
S05510,68.6,136.2,5.57,25.3,1,0,0,0,6.3,0
S05511,76.7,131.8,5.77,29.5,0,0,1,0,3.5,1
S05512,65.8,167.7,3.0,20.6,0,1,1,0,1.3,0
S05513,38.1,149.9,8.95,15.0,0,0,0,0,1.0,0
S05514,79.7,127.6,8.1,23.3,0,0,1,0,3.0,0
S05515,57.6,92.7,5.09,31.3,0,0,1,1,5.2,0
S05516,69.9,146.7,7.69,30.7,0,0,0,0,1.1,0
S05517,68.2,116.2,9.24,33.1,0,0,0,0,2.9,0
S05518,57.7,148.5,6.12,29.0,0,0,0,0,1.2,0
S05519,73.2,133.4,5.32,25.8,0,0,0,0,2.5,0
S05520,40.4,110.7,4.0,27.1,0,0,0,0,3.4,0
S05521,65.6,150.2,7.84,26.1,1,0,0,0,1.3,0
S05522,50.4,153.4,5.23,30.3,0,0,0,0,4.8,0
S05523,62.0,101.5,5.64,29.9,0,0,1,1,6.5,0
S05524,79.8,147.5,5.43,32.0,0,0,0,0,5.0,0
S05525,69.2,158.8,5.54,29.7,0,1,0,0,13.5,0
S05526,63.6,136.6,5.82,31.7,0,0,0,0,1.4,0
S05527,46.5,149.4,7.75,22.7,0,0,0,0,8.6,0
S05528,64.7,132.8,8.2,26.0,0,0,0,0,4.7,0
S05529,45.7,127.9,6.9,28.9,0,0,0,0,3.2,0
S05530,50.2,136.2,7.19,28.5,0,0,0,0,2.0,0
S05531,58.7,109.8,5.18,21.8,0,0,0,1,8.1,0
S05532,55.5,157.6,8.09,23.0,1,1,0,0,3.2,0
S05533,61.5,146.4,7.82,33.7,0,0,0,0,1.8,0
S05534,43.6,119.8,4.82,15.8,0,0,0,0,3.7,0
S05535,50.7,131.7,7.95,32.7,1,0,0,0,8.8,0
S05536,43.2,159.0,6.34,25.8,0,0,0,0,1.0,0
S05537,69.4,135.0,7.74,26.6,0,0,0,0,3.2,0
S05538,68.0,147.4,5.57,29.7,1,0,0,0,4.2,0
S05539,71.7,138.0,6.35,21.8,0,0,1,0,0.9,0
S05540,48.0,166.8,6.5,26.7,0,0,0,1,3.2,0
S05541,73.9,142.4,3.0,21.9,0,0,0,0,1.9,0
S05542,56.6,109.6,6.24,31.1,1,0,0,0,6.9,0
S05543,44.0,126.6,8.64,25.4,1,0,0,0,4.0,0
S05544,66.2,152.6,6.87,29.3,1,0,1,0,4.1,0
S05545,54.1,117.5,7.34,34.2,0,0,1,0,5.8,0
S05546,79.7,137.3,4.43,34.9,0,0,0,0,2.9,1
S05547,70.4,130.6,8.34,29.5,0,0,0,0,0.6,0
S05548,50.7,131.3,7.22,24.5,1,0,0,0,0.9,0
S05549,65.5,160.9,10.5,22.5,0,0,0,0,2.7,0
S05550,44.4,125.7,6.85,21.7,0,0,1,0,3.0,0
S05551,54.9,115.7,7.94,26.7,1,0,1,0,1.0,0
S05552,53.7,148.7,10.35,27.2,0,1,1,0,5.9,0
S05553,82.2,136.1,4.27,34.9,0,0,0,0,1.9,0
S05554,69.4,157.2,4.95,29.0,0,0,1,0,1.4,0
S05555,56.5,128.7,6.47,26.2,0,0,1,0,8.4,0
S05556,58.6,115.5,6.31,34.3,0,0,0,0,4.0,0
S05557,69.1,148.1,6.46,27.8,0,0,0,0,1.6,0
S05558,55.4,126.3,5.53,18.0,0,0,1,0,1.5,0
S05559,71.0,148.4,5.4,19.7,0,0,0,0,8.2,0
S05560,70.1,144.4,7.73,25.9,0,0,0,0,3.1,0
S05561,59.4,128.7,4.53,19.2,1,0,1,0,8.5,0
S05562,66.3,151.7,6.55,22.8,0,0,0,0,3.8,0
S05563,61.0,135.2,4.4,33.7,0,0,0,0,1.3,0
S05564,82.7,106.4,5.57,27.4,1,0,0,0,2.4,0
S05565,62.3,151.8,7.02,30.6,0,1,1,0,2.3,0
S05566,36.0,166.0,5.27,27.5,0,0,0,0,9.8,0
S05567,78.9,164.0,5.46,25.3,1,0,0,0,0.8,0
S05568,67.0,139.2,9.11,27.6,0,0,0,0,10.5,0
S05569,82.9,148.6,8.62,22.7,1,0,1,0,1.8,0
S05570,72.9,158.2,7.0,28.5,0,0,1,0,1.7,1
S05571,54.8,125.5,6.5,27.3,0,0,1,0,13.3,0
S05572,70.2,149.9,5.16,23.4,0,0,0,0,8.4,0
S05573,53.9,155.4,10.24,27.4,0,0,0,0,4.5,0
S05574,56.8,187.1,8.46,29.0,1,0,0,0,8.5,0
S05575,64.2,123.9,9.69,24.4,0,1,0,0,2.4,0
S05576,73.4,148.4,8.93,30.9,1,0,0,0,4.9,0
S05577,68.0,159.7,5.83,15.0,1,0,1,0,2.9,0
S05578,84.6,186.1,5.05,21.5,0,0,0,1,4.8,0
S05579,72.5,94.4,8.17,27.6,0,0,1,1,2.1,0
S05580,66.2,139.1,6.46,24.6,1,0,0,0,2.3,0
S05581,83.4,140.2,6.03,24.7,1,0,0,0,4.0,0
S05582,40.2,137.2,5.01,22.6,1,0,0,0,2.0,0
S05583,64.2,113.5,6.14,27.6,0,1,1,0,6.0,0
S05584,46.5,131.5,5.81,26.8,0,0,1,0,6.2,0
S05585,72.4,150.9,8.36,25.5,0,0,0,0,1.1,0
S05586,54.7,152.3,5.36,25.7,0,0,0,0,3.2,0
S05587,69.5,149.8,8.18,23.7,1,0,0,0,1.7,0
S05588,54.7,150.5,8.49,23.6,0,0,1,0,3.9,0
S05589,48.5,145.3,7.69,25.2,0,0,0,0,1.4,0
S05590,95.0,139.1,3.22,22.0,0,0,0,0,1.7,0
S05591,95.0,144.2,6.18,25.1,0,0,0,0,5.1,0
S05592,67.1,157.0,5.91,23.1,1,0,0,0,3.1,0
S05593,57.8,109.1,3.59,31.4,1,0,1,0,7.9,0
S05594,50.1,148.6,7.58,30.8,1,0,0,0,3.1,0
S05595,77.0,139.8,3.82,23.8,0,0,0,0,5.3,0
S05596,53.3,129.5,7.38,24.9,0,0,1,0,0.6,0
S05597,73.4,156.7,7.16,33.6,0,1,1,0,5.6,0
S05598,50.3,141.4,5.35,27.8,1,1,0,0,0.9,0
S05599,60.4,134.4,3.53,27.2,1,0,1,0,5.1,0
S05600,38.3,142.3,4.6,21.9,1,0,0,0,4.7,0
S05601,73.0,136.5,8.12,29.7,1,1,1,0,1.1,1
S05602,38.5,134.0,3.18,22.3,0,1,0,0,2.3,0
S05603,61.8,136.2,6.34,24.9,0,0,0,0,2.2,0
S05604,53.3,148.9,6.29,29.7,1,0,0,1,4.6,0
S05605,79.7,163.2,4.51,25.9,1,0,0,0,1.6,0
S05606,61.1,117.2,7.4,20.9,1,0,0,0,8.4,0
S05607,48.4,110.3,5.63,19.1,0,1,0,0,5.0,0
S05608,82.7,143.3,8.21,32.6,0,0,0,0,4.6,0
S05609,72.5,159.2,5.27,30.6,1,1,0,0,1.3,0
S05610,69.6,142.4,6.93,26.2,1,0,1,0,4.7,0
S05611,44.3,150.4,5.31,23.8,0,1,0,0,8.6,0
S05612,76.9,151.7,6.62,19.7,1,0,1,0,4.2,0
S05613,39.8,165.5,6.57,28.2,1,0,0,0,6.1,0
S05614,60.6,149.2,8.38,27.4,0,0,1,0,2.2,0
S05615,42.5,137.9,5.72,31.1,0,0,0,0,8.3,0
S05616,75.3,101.7,3.7,30.2,0,0,0,0,2.0,0
S05617,54.3,112.9,4.54,23.8,0,0,0,0,2.1,0
S05618,38.4,110.3,9.25,17.7,1,0,1,0,3.8,0
S05619,57.8,123.6,6.29,33.7,0,0,0,0,1.7,0
S05620,79.4,125.9,5.39,27.5,1,0,1,0,3.1,0
S05621,63.7,89.2,6.46,26.8,0,0,0,1,10.1,0
S05622,40.5,121.7,8.28,23.0,0,0,0,0,1.3,0
S05623,53.6,127.0,7.37,24.5,0,0,0,0,1.4,0
S05624,77.1,137.4,4.7,31.7,0,0,0,0,2.9,0
S05625,49.8,160.5,7.38,22.3,1,0,0,0,7.2,0
S05626,52.8,131.9,3.0,22.8,0,0,0,0,0.7,0
S05627,45.9,127.8,7.83,36.2,0,0,0,0,8.4,0
S05628,61.2,139.1,3.0,23.3,1,0,0,0,1.7,0
S05629,56.3,99.2,4.63,30.8,0,0,0,0,3.8,0
S05630,52.1,119.1,6.33,34.2,1,0,0,0,2.7,0
S05631,71.9,114.1,4.8,35.9,0,0,0,0,3.5,0
S05632,58.7,146.6,5.67,23.5,0,1,0,0,4.2,0
S05633,62.3,131.4,4.97,28.9,0,0,1,0,3.3,0
S05634,61.2,137.8,6.14,30.7,1,0,0,0,3.5,0
S05635,61.3,123.4,5.81,30.7,1,0,1,1,11.5,0
S05636,68.4,140.4,6.03,25.7,0,0,0,0,2.9,0
S05637,50.6,136.0,7.35,17.7,0,0,1,0,3.9,0
S05638,52.2,110.7,6.65,27.8,0,0,0,0,5.5,0
S05639,76.0,131.6,4.69,27.9,0,0,0,0,0.9,0
S05640,49.4,124.6,6.16,27.6,0,0,0,0,1.6,0
S05641,71.7,126.5,3.77,28.7,0,1,0,0,1.7,0
S05642,63.0,148.1,8.84,27.1,1,0,1,0,1.0,0
S05643,59.5,129.9,6.52,22.8,0,0,0,1,4.2,0
S05644,72.0,144.3,4.3,31.3,1,0,1,0,2.5,0
S05645,73.3,131.8,4.75,30.6,0,0,1,0,2.8,0
S05646,59.4,157.2,7.29,26.6,0,0,0,0,4.8,0
S05647,50.0,146.6,5.89,25.5,0,0,0,0,1.1,0
S05648,68.6,134.2,7.12,27.3,0,0,0,0,3.0,0
S05649,58.3,140.6,6.69,18.2,0,0,0,0,2.3,0
S05650,41.8,135.3,5.96,27.6,1,0,0,0,6.4,0
S05651,61.5,132.3,6.86,23.5,1,0,1,0,1.0,0
S05652,58.7,136.8,5.81,23.8,0,0,0,0,5.4,0
S05653,62.4,153.0,8.23,25.9,1,0,1,0,5.6,0
S05654,67.2,142.7,3.94,32.5,0,0,0,0,7.0,0
S05655,80.7,159.8,4.2,29.6,1,0,0,0,0.1,0
S05656,53.3,141.3,6.12,31.0,0,0,1,0,6.5,0
S05657,87.1,137.5,9.73,24.1,0,0,0,0,3.1,0
S05658,40.1,115.8,6.5,32.0,0,0,0,1,2.0,0
S05659,85.3,149.1,5.98,24.4,0,1,0,0,0.6,0
S05660,74.1,132.4,5.87,29.8,0,1,1,0,3.9,0
S05661,69.7,152.6,8.36,30.0,0,0,0,0,1.2,0
S05662,59.6,128.3,3.58,32.0,1,0,1,0,5.1,0
S05663,47.3,141.1,4.71,30.3,0,0,0,0,4.4,0
S05664,52.3,139.9,8.34,29.8,0,0,0,0,4.2,0
S05665,36.7,134.0,9.04,24.8,1,0,0,0,3.4,0
S05666,78.3,91.5,5.64,22.3,0,0,0,0,3.6,0
S05667,69.3,117.1,5.52,21.7,0,0,0,0,2.5,0
S05668,52.7,137.7,8.05,28.8,1,1,0,0,2.3,0
S05669,68.4,117.9,9.14,25.8,1,0,0,0,8.6,0
S05670,56.7,134.1,5.6,22.9,0,0,1,0,3.9,0
S05671,53.2,126.9,6.84,25.5,0,0,1,0,1.2,0
S05672,64.0,89.4,3.63,23.5,0,0,0,0,16.9,0
S05673,40.9,129.6,5.11,17.6,0,0,1,0,3.1,0
S05674,59.0,146.3,6.78,31.0,1,0,0,1,3.8,0
S05675,78.9,138.7,7.16,24.2,0,1,1,0,0.5,0
S05676,50.5,163.7,3.0,24.1,0,0,0,0,3.5,0
S05677,44.9,106.6,4.63,29.0,1,0,1,0,4.0,0
S05678,56.5,156.3,6.56,26.7,1,0,1,0,1.9,0
S05679,66.8,141.9,3.53,20.8,1,0,1,0,2.5,0
S05680,60.5,147.5,7.67,23.8,0,0,0,0,4.3,0
S05681,69.6,123.6,4.63,25.9,0,0,0,0,8.0,1
S05682,56.1,122.9,4.78,22.4,0,0,1,0,2.4,0
S05683,71.2,164.2,8.2,22.1,0,0,0,0,6.0,0
S05684,57.4,117.5,6.07,24.2,1,0,1,0,2.9,0
S05685,55.0,134.4,8.02,30.0,1,0,0,0,2.0,0
S05686,58.3,116.2,6.03,34.7,1,0,0,0,14.7,0
S05687,85.5,133.7,6.27,29.3,0,0,0,0,8.2,0
S05688,61.5,150.3,8.99,24.8,0,0,0,1,5.3,0
S05689,67.1,144.6,6.29,27.6,1,0,0,0,12.5,0
S05690,65.6,155.4,5.45,26.0,1,0,0,1,2.3,0
S05691,50.6,145.5,8.02,21.8,1,0,0,0,12.3,0
S05692,38.0,148.9,7.86,20.3,0,0,1,0,4.1,0
S05693,51.3,118.2,3.26,25.9,1,0,0,1,2.7,0
S05694,59.9,117.3,6.17,31.7,0,0,0,0,0.8,0
S05695,54.6,155.9,9.31,24.9,0,0,0,0,2.3,0
S05696,75.6,147.2,4.93,28.6,0,0,1,0,0.8,0
S05697,59.2,169.5,7.15,23.1,0,0,0,0,4.2,0
S05698,74.0,141.9,7.34,22.1,0,0,0,0,12.5,1
S05699,62.8,134.6,5.22,23.5,0,0,0,0,3.0,0
S05700,63.4,174.7,6.26,31.4,1,0,0,0,3.5,0
S05701,47.7,162.2,4.87,26.9,1,0,0,0,4.8,0
S05702,71.4,132.0,7.3,23.6,0,0,0,1,4.8,0
S05703,69.1,119.5,6.93,28.8,1,0,1,1,9.2,0
S05704,52.9,106.2,8.43,27.1,0,0,0,0,3.1,0
S05705,95.0,134.9,7.35,24.6,0,0,0,0,3.0,0
S05706,65.0,141.0,6.97,24.7,0,0,0,0,5.4,1
S05707,87.4,169.7,8.9,25.0,1,0,0,0,8.0,0
S05708,57.9,143.2,4.56,25.2,1,1,0,0,0.7,1
S05709,45.6,140.8,6.63,26.5,0,0,0,0,1.6,0
S05710,59.5,108.1,7.69,22.4,1,0,0,0,3.8,0
S05711,63.3,157.6,6.48,25.5,1,0,1,0,6.8,0
S05712,80.8,139.8,6.25,27.6,0,0,1,0,4.0,0
S05713,59.7,170.3,6.66,34.1,0,0,0,0,2.7,0
S05714,56.2,149.4,7.92,30.6,0,0,0,1,4.7,0
S05715,65.4,149.5,5.69,26.9,0,0,1,0,3.2,0
S05716,79.0,121.1,6.61,26.8,0,0,0,0,5.5,0
S05717,59.0,157.9,10.26,30.3,0,0,1,0,6.3,0
S05718,58.1,112.3,4.28,16.5,1,0,0,0,6.3,0
S05719,51.2,134.0,7.81,24.8,0,0,0,0,3.8,0
S05720,52.5,129.0,4.79,21.1,1,0,1,0,3.9,0
S05721,49.1,113.2,6.68,31.5,0,0,1,0,3.7,0
S05722,27.1,165.0,5.59,35.7,1,0,0,0,5.8,0
S05723,87.2,159.8,6.66,19.8,0,0,0,0,11.4,0
S05724,48.7,155.7,3.9,24.9,1,0,0,0,4.4,0
S05725,41.9,150.9,5.99,28.8,1,0,0,1,7.5,0
S05726,59.5,119.9,3.84,24.0,0,0,0,0,0.7,0
S05727,39.2,136.5,5.74,21.0,0,0,1,0,1.3,0
S05728,58.7,158.5,8.26,30.0,1,0,0,0,1.6,0
S05729,62.1,119.2,6.12,20.5,0,0,0,0,2.1,0
S05730,68.9,153.4,8.61,24.7,0,0,0,0,1.9,0
S05731,55.6,154.1,7.35,19.8,0,0,0,0,3.8,0
S05732,51.7,140.1,5.49,23.6,1,0,0,0,2.8,0
S05733,55.7,144.3,5.87,27.0,0,0,1,0,1.8,0
S05734,66.6,115.8,7.85,19.8,1,0,0,0,1.6,0
S05735,63.7,145.2,7.1,28.0,0,1,0,0,7.1,0
S05736,58.6,128.3,3.74,30.6,1,0,0,0,1.8,0
S05737,62.9,166.1,6.66,26.3,0,0,0,0,3.2,0
S05738,58.1,116.9,5.76,20.9,0,0,0,0,2.4,0
S05739,73.5,154.8,7.68,17.5,0,0,0,0,1.6,0
S05740,64.4,141.9,7.79,34.1,0,1,1,0,1.5,0
S05741,38.2,130.1,6.18,19.4,0,0,0,0,8.7,0
S05742,55.9,125.6,8.7,33.0,0,1,1,0,3.9,0
S05743,32.8,125.4,6.86,19.5,1,0,0,0,4.5,0
S05744,63.7,148.0,4.97,28.4,0,0,0,0,2.2,0
S05745,37.9,153.7,5.41,26.6,0,1,0,0,0.5,0
S05746,59.6,157.9,3.5,30.2,0,0,1,0,3.6,0
S05747,49.7,143.4,5.61,25.2,0,0,1,0,4.5,0
S05748,84.9,125.8,7.04,19.4,1,0,0,0,6.5,1
S05749,74.5,153.6,6.55,24.2,1,0,1,0,1.9,0
S05750,59.0,143.0,6.55,27.6,0,0,0,0,1.0,0
S05751,44.5,123.6,6.5,28.4,0,0,1,1,5.9,0
S05752,79.5,171.5,7.02,24.2,1,0,0,0,0.9,0
S05753,69.4,142.7,6.68,30.5,1,0,0,0,0.2,0
S05754,68.2,120.6,4.71,27.8,0,0,0,0,2.0,0
S05755,47.8,158.4,5.88,25.0,0,0,0,0,8.4,0
S05756,59.3,195.9,6.96,30.7,0,0,0,0,7.2,0
S05757,62.4,141.3,8.04,27.1,0,1,0,0,7.6,0
S05758,48.0,121.5,8.43,31.8,0,0,1,0,8.2,0
S05759,61.1,122.0,7.41,27.9,0,0,1,0,0.9,0
S05760,55.5,103.8,6.73,27.3,0,0,1,0,4.8,0
S05761,70.3,141.1,6.02,29.4,0,0,0,0,1.5,0
S05762,55.1,181.5,7.13,30.0,1,0,0,0,7.1,0
S05763,54.4,155.1,7.39,24.4,0,0,0,0,11.3,0
S05764,44.2,135.9,5.23,26.7,1,0,1,1,2.3,0
S05765,55.9,124.3,5.93,31.6,1,0,1,0,4.5,0
S05766,64.6,151.2,5.97,21.3,0,0,0,0,3.7,0
S05767,79.2,163.3,5.78,25.2,1,0,0,0,1.4,0
S05768,43.4,124.0,4.94,23.2,0,0,1,1,0.8,0
S05769,67.7,116.2,5.85,30.8,0,1,0,0,2.9,0
S05770,64.2,135.7,6.55,22.0,0,1,0,0,3.5,0
S05771,38.9,160.0,5.91,27.4,1,0,0,0,10.8,0
S05772,67.6,111.0,6.75,26.6,0,0,0,1,3.4,0
S05773,67.8,131.7,5.78,23.8,0,0,0,0,2.9,0
S05774,73.7,116.3,6.63,27.7,1,0,0,0,2.9,0
S05775,65.3,118.1,10.7,31.0,0,0,1,0,1.3,0
S05776,49.6,144.8,5.93,30.6,1,0,0,0,2.2,0
S05777,61.8,139.6,5.97,37.9,0,0,0,0,5.0,0
S05778,62.4,93.7,7.16,26.4,0,1,0,1,1.8,0
S05779,72.5,127.0,7.87,32.5,0,0,0,0,1.7,0
S05780,61.3,148.0,6.73,26.1,1,0,0,0,6.6,0
S05781,47.2,136.8,6.52,29.8,0,0,0,0,2.2,0
S05782,57.1,129.7,4.94,31.7,1,0,0,0,3.4,0
S05783,60.0,141.3,3.75,42.8,0,0,1,0,4.9,0
S05784,59.7,131.5,5.95,24.7,1,0,0,0,5.4,0
S05785,52.6,161.5,8.23,25.8,0,0,0,0,1.6,0
S05786,68.0,140.5,5.44,27.8,1,0,0,0,3.1,0
S05787,51.1,150.4,7.3,35.8,0,0,0,0,5.2,0
S05788,63.9,137.7,4.9,25.6,0,0,0,0,4.1,0
S05789,65.6,116.1,6.8,22.8,1,0,1,0,6.3,0
S05790,78.8,121.5,7.55,25.6,0,0,0,1,3.1,0
S05791,56.7,132.1,9.28,30.7,0,1,1,0,3.3,0
S05792,69.3,140.8,6.22,27.2,0,0,1,0,2.0,1
S05793,75.3,85.0,7.81,26.8,0,0,0,0,2.4,0
S05794,79.8,165.5,9.59,30.2,0,0,0,0,0.4,0
S05795,69.0,109.5,7.91,25.6,0,0,0,0,4.5,0
S05796,53.6,141.5,6.14,24.6,1,0,0,1,2.3,0
S05797,65.0,125.8,4.41,28.7,0,0,0,0,9.0,0
S05798,45.6,151.5,6.28,18.5,0,0,1,1,6.8,0
S05799,69.4,119.6,6.92,34.4,0,0,0,1,8.2,0
S05800,60.0,120.9,6.36,22.5,1,0,0,0,0.7,0
S05801,51.0,134.1,6.89,29.3,0,0,0,0,0.9,0
S05802,60.3,123.1,7.84,25.5,0,0,0,1,1.2,0
S05803,72.7,130.2,7.23,15.6,0,1,1,0,1.4,0
S05804,55.5,109.7,8.9,19.7,1,0,0,0,6.1,0
S05805,72.4,139.2,5.22,26.9,1,0,0,0,1.0,0
S05806,60.6,142.1,7.41,24.2,1,0,1,0,4.7,0
S05807,47.0,99.7,5.19,19.6,0,1,0,0,4.7,0
S05808,65.6,151.8,10.69,30.0,0,0,0,0,3.7,0
S05809,67.2,145.0,4.09,24.1,0,1,0,0,11.7,0
S05810,37.2,129.6,8.88,29.1,1,0,0,0,2.1,0
S05811,54.5,147.5,6.57,31.2,0,0,0,0,2.1,0
S05812,66.9,156.1,4.55,23.7,1,0,0,0,6.1,0
S05813,53.9,129.7,5.67,27.3,0,0,0,0,1.3,0
S05814,60.2,141.4,4.8,34.2,1,0,0,0,5.5,0
S05815,53.8,141.7,5.64,20.8,1,0,0,0,0.4,0
S05816,59.0,140.6,8.1,27.3,0,0,0,0,3.8,0
S05817,45.9,168.8,8.62,34.9,1,0,0,0,4.5,0
S05818,82.9,138.6,7.36,32.5,0,0,0,0,5.3,1
S05819,36.2,169.4,3.0,30.2,0,1,1,0,4.2,0
S05820,77.0,145.2,6.12,26.8,0,0,1,0,0.4,0
S05821,59.4,109.3,4.72,19.1,1,0,0,0,1.9,0
S05822,51.7,130.0,7.39,26.5,0,0,0,0,0.4,0
S05823,62.0,149.3,6.18,21.2,0,0,0,0,1.6,0
S05824,65.8,161.7,6.71,22.3,1,0,0,0,1.2,0
S05825,57.4,154.5,7.14,34.4,1,0,0,0,9.2,0
S05826,69.3,114.5,9.25,24.8,1,0,0,0,6.4,0
S05827,66.5,145.7,5.83,25.2,1,0,0,0,5.7,0
S05828,53.3,130.7,6.92,24.8,1,0,1,0,6.5,0
S05829,43.0,133.7,5.47,23.3,0,0,0,0,0.5,0
S05830,51.8,133.5,6.38,24.0,0,0,0,0,5.5,0
S05831,67.4,157.1,6.71,21.9,1,0,0,0,11.0,0
S05832,42.8,129.9,6.5,33.9,0,0,0,0,2.2,0
S05833,77.7,134.3,3.93,33.8,1,0,1,0,1.8,0
S05834,72.2,156.5,5.64,29.1,0,0,0,1,4.8,0
S05835,64.6,134.4,9.34,33.7,1,0,0,1,2.6,0
S05836,69.8,174.6,5.25,27.3,0,0,0,0,8.9,0
S05837,76.8,123.7,6.14,25.4,0,0,1,0,4.5,0
S05838,46.3,131.5,6.63,20.2,0,0,0,0,1.0,0
S05839,52.9,149.1,6.54,33.2,0,0,0,0,3.1,0
S05840,91.4,114.2,6.31,29.5,0,0,0,0,2.6,0
S05841,72.2,119.1,5.21,22.1,1,0,0,1,3.1,0
S05842,50.8,145.7,6.59,28.4,0,0,0,0,2.0,0
S05843,79.9,123.1,9.41,25.7,0,0,0,1,1.5,0
S05844,72.7,149.2,4.79,22.9,0,0,0,0,2.4,0
S05845,61.3,119.7,5.6,26.1,0,0,0,0,12.5,0
S05846,71.6,144.6,7.31,27.3,0,1,0,0,2.5,0
S05847,56.8,149.9,7.43,29.9,0,0,0,0,3.1,0
S05848,76.0,142.0,8.01,17.6,1,0,0,0,7.3,0
S05849,61.5,123.8,5.07,26.7,0,0,0,0,3.4,0
S05850,48.4,130.4,5.7,23.6,0,1,0,0,0.8,0
S05851,42.3,138.5,6.3,21.4,1,0,0,0,1.8,0
S05852,39.6,156.0,9.4,36.5,0,1,0,0,1.0,0
S05853,73.2,126.3,9.59,26.5,0,0,0,1,0.7,0
S05854,72.5,126.1,7.4,21.4,0,0,0,0,3.7,0
S05855,63.6,106.6,7.91,22.9,0,0,0,0,1.7,0
S05856,75.3,141.3,5.79,33.7,0,1,0,0,1.1,0
S05857,57.1,130.5,8.38,20.2,1,1,1,0,4.3,0
S05858,80.2,113.3,6.19,26.7,1,0,0,0,3.6,0
S05859,74.8,150.9,6.54,21.3,0,0,0,1,6.5,0
S05860,74.8,167.5,5.19,34.3,0,0,0,0,4.5,0
S05861,61.1,125.9,4.08,25.3,1,0,0,0,2.7,0
S05862,59.7,151.3,3.0,20.6,0,0,0,0,3.2,0
S05863,70.8,122.4,7.82,19.0,0,0,1,0,5.3,0
S05864,44.1,138.1,3.37,26.3,1,1,0,0,4.5,0
S05865,54.9,156.0,5.72,34.1,0,0,0,0,0.3,0
S05866,69.0,160.5,5.85,22.3,0,0,0,0,8.8,0
S05867,81.8,125.3,6.09,24.9,0,0,0,0,5.8,0
S05868,57.4,142.5,5.83,24.4,1,1,0,0,3.3,0
S05869,94.0,135.1,6.41,32.0,1,0,0,0,3.4,1
S05870,51.9,124.2,3.0,23.7,1,0,0,0,9.0,0
S05871,53.7,119.7,8.31,20.1,0,0,1,0,1.3,0
S05872,56.8,154.7,4.8,31.1,0,0,0,0,3.0,0
S05873,55.3,141.0,6.52,19.1,1,0,0,0,4.1,0
S05874,71.7,85.0,5.89,24.5,0,0,0,0,0.7,0
S05875,42.3,111.3,6.8,23.0,0,0,1,0,1.9,0
S05876,70.5,158.8,6.34,24.9,1,0,0,0,2.9,0
S05877,37.9,144.2,5.39,24.0,0,0,0,0,2.7,0
S05878,77.4,136.4,7.77,24.7,0,0,1,0,2.3,0
S05879,48.6,128.4,6.25,24.9,0,0,0,0,5.6,0
S05880,63.9,133.9,5.94,22.9,0,1,0,0,6.3,0
S05881,54.9,129.7,5.8,29.4,0,1,1,0,2.1,0
S05882,65.1,155.6,9.56,23.7,0,0,0,0,2.0,0
S05883,59.2,147.4,8.61,22.6,1,0,0,0,0.2,0
S05884,76.1,136.9,5.98,26.8,0,0,0,0,7.8,0
S05885,60.8,150.2,8.31,24.9,1,0,1,0,7.5,0
S05886,58.1,143.4,6.23,29.8,0,0,1,0,1.7,0
S05887,70.1,129.4,4.51,32.9,0,0,0,0,2.8,0
S05888,52.1,147.4,8.04,27.7,0,0,0,0,3.2,0
S05889,59.5,118.4,4.88,21.7,0,0,1,0,2.5,0
S05890,83.1,156.9,10.67,33.8,0,0,0,1,0.9,0
S05891,36.8,99.2,6.12,34.7,1,0,0,0,2.5,0
S05892,69.0,137.8,5.75,43.5,0,0,0,0,5.7,0
S05893,48.3,157.6,7.91,25.7,0,0,0,0,4.1,0
S05894,38.2,145.0,5.41,28.2,1,0,0,0,8.8,0
S05895,70.4,136.1,3.51,24.5,1,0,0,0,10.3,0
S05896,86.4,149.3,5.67,31.3,1,0,0,0,2.4,0
S05897,56.0,145.5,4.23,27.6,1,0,0,0,2.5,0
S05898,58.2,160.0,6.22,33.2,0,1,0,0,3.3,0
S05899,60.7,122.9,5.66,24.7,0,1,0,0,2.9,0
S05900,67.8,155.3,3.53,26.8,0,0,0,0,9.2,0
S05901,54.9,131.9,4.73,28.2,0,0,0,0,7.1,0
S05902,58.2,141.4,5.37,24.7,1,0,0,1,9.0,0
S05903,63.3,114.5,8.9,30.2,0,0,1,0,4.0,0
S05904,49.8,152.4,5.09,29.9,1,0,0,0,1.0,0
S05905,81.5,98.2,7.44,21.6,0,1,0,0,5.9,0
S05906,77.0,135.0,8.14,35.0,1,0,0,0,1.1,0
S05907,75.1,136.8,8.17,28.3,0,0,1,0,0.7,0
S05908,44.6,139.6,8.11,26.2,0,0,0,0,6.7,0
S05909,59.2,134.9,6.2,31.6,0,0,0,0,1.3,0
S05910,78.7,129.8,4.28,33.0,0,0,0,0,2.0,0
S05911,42.3,155.6,5.28,25.8,0,0,0,0,7.0,0
S05912,75.3,114.7,3.0,23.6,0,0,0,1,7.2,0
S05913,48.7,122.5,7.44,26.8,0,1,0,0,3.0,0
S05914,81.0,118.5,8.28,19.0,0,0,1,0,1.5,0
S05915,75.7,127.2,3.97,22.5,1,0,0,0,3.6,1
S05916,50.5,144.9,7.14,36.3,0,0,0,0,8.2,0
S05917,67.9,142.7,7.58,28.8,0,0,0,0,0.4,0
S05918,40.8,136.5,6.56,27.7,0,0,0,0,1.1,0
S05919,86.7,119.5,7.46,23.2,0,1,0,0,8.0,0
S05920,36.8,155.6,5.85,24.7,1,0,1,0,3.0,0
S05921,78.5,167.0,5.82,23.6,1,0,0,0,3.0,1
S05922,57.4,126.7,8.48,20.7,1,1,0,0,2.8,0
S05923,56.7,131.5,5.31,32.0,1,0,0,0,5.5,0
S05924,49.1,130.6,4.78,24.2,0,0,0,1,1.9,0
S05925,67.4,134.3,7.55,31.1,1,0,0,0,2.4,0
S05926,57.2,85.0,7.32,16.1,0,0,0,0,3.0,0
S05927,43.2,125.9,5.52,30.9,0,0,1,0,3.8,0
S05928,70.3,117.7,6.48,28.5,1,0,0,0,1.0,0
S05929,65.2,125.4,5.96,23.4,0,0,0,0,4.8,0
S05930,52.7,121.7,6.84,26.9,1,0,0,1,4.5,0
S05931,61.7,148.3,8.31,38.0,0,0,0,0,7.2,0
S05932,60.4,168.6,6.24,23.1,0,0,0,0,3.0,0
S05933,73.2,176.2,6.99,25.6,0,0,0,0,1.1,0
S05934,46.9,138.4,6.76,23.3,1,0,0,0,5.9,0
S05935,54.1,114.7,5.88,26.1,0,0,0,0,3.9,0
S05936,72.5,134.3,6.16,22.3,0,0,0,0,1.1,0
S05937,64.2,162.7,5.7,22.4,1,1,0,0,4.0,0
S05938,77.4,133.2,3.0,31.8,0,0,0,0,5.3,0
S05939,50.7,130.9,4.58,30.1,0,0,0,0,0.3,0
S05940,34.0,137.9,4.46,24.0,0,0,1,0,0.2,0
S05941,50.8,122.1,3.0,28.1,0,1,0,0,4.3,0
S05942,60.5,127.6,4.86,25.9,0,0,0,0,10.3,0
S05943,56.9,98.6,6.61,15.6,0,0,0,0,4.9,0
S05944,62.6,166.1,7.19,20.6,1,1,0,1,9.2,0
S05945,69.7,140.3,6.77,24.5,0,0,0,1,0.9,0
S05946,52.2,141.3,5.53,31.7,0,0,0,0,1.9,0
S05947,63.2,145.8,7.33,38.9,0,0,0,0,4.4,0
S05948,80.0,151.1,6.65,29.1,0,0,1,0,7.2,0
S05949,57.5,136.7,7.04,21.9,0,0,1,0,0.7,0
S05950,73.6,150.8,4.83,25.2,1,0,0,0,3.8,0
S05951,70.5,140.7,3.0,21.7,1,0,0,0,2.0,0
S05952,54.2,126.4,7.29,25.2,0,0,0,0,3.7,0
S05953,61.9,125.0,7.02,33.6,0,0,1,0,1.8,0
S05954,59.6,130.0,5.38,24.0,0,0,1,0,5.9,0
S05955,50.6,153.4,3.0,25.5,1,0,0,0,10.6,0
S05956,49.9,148.2,5.06,28.0,0,0,0,0,0.6,0
S05957,50.2,140.8,8.35,30.2,0,0,1,0,4.9,0
S05958,50.7,146.9,4.56,30.6,1,0,0,0,3.3,0
S05959,53.4,119.6,4.19,26.3,0,0,0,0,3.7,0
S05960,49.2,151.8,6.85,22.9,1,0,0,0,5.3,0
S05961,43.1,168.0,3.98,21.1,0,0,0,0,1.8,0
S05962,41.2,117.2,9.81,28.0,0,0,0,1,3.2,0
S05963,73.3,131.1,6.76,19.6,1,0,0,0,2.9,0
S05964,43.5,140.0,5.81,24.7,0,0,1,0,2.4,0
S05965,84.3,129.8,7.74,22.6,0,0,0,0,5.9,0
S05966,58.4,112.6,8.46,32.6,0,0,0,0,2.7,0
S05967,64.4,153.2,8.47,33.6,0,0,0,0,10.2,0
S05968,84.3,123.0,8.53,30.5,1,0,0,0,3.3,0
S05969,70.6,134.5,5.24,24.2,0,1,0,0,3.0,0
S05970,77.0,124.7,7.13,29.7,0,0,1,0,8.8,0
S05971,57.2,159.7,4.59,27.6,1,1,0,1,3.6,0
S05972,69.2,140.1,5.93,24.0,0,0,0,0,0.8,0
S05973,66.1,149.8,4.24,30.6,1,0,0,0,14.3,0
S05974,55.3,127.5,5.33,28.3,1,0,1,0,7.5,0
S05975,63.9,119.9,6.09,28.7,0,0,0,0,5.2,0
S05976,58.2,102.2,6.95,25.7,0,1,1,0,3.1,0
S05977,59.1,112.9,9.97,28.5,0,0,0,0,2.0,1
S05978,57.1,113.0,7.28,34.2,0,0,0,0,16.2,0
S05979,51.7,134.3,5.05,36.1,1,0,1,0,2.9,0
S05980,62.2,155.3,5.72,28.0,0,0,1,0,5.8,1
S05981,61.3,91.5,4.23,25.7,1,0,0,0,8.9,0
S05982,51.2,109.0,7.73,29.2,0,0,0,0,14.4,0
S05983,55.4,125.3,5.84,29.4,0,0,0,0,2.8,0
S05984,72.1,125.0,10.04,37.7,0,0,0,0,3.6,0
S05985,62.1,133.9,3.72,31.3,1,0,0,1,3.6,0
S05986,50.9,105.4,4.42,26.6,0,0,0,0,2.4,0
S05987,61.0,121.9,5.05,28.3,1,0,0,0,2.6,0
S05988,69.7,127.5,3.73,28.2,0,0,0,0,1.3,0
S05989,74.4,85.0,3.0,21.8,1,0,1,0,3.3,0
S05990,49.7,122.4,8.31,22.6,0,0,0,0,1.2,0
S05991,70.4,139.4,5.74,34.6,0,0,0,1,4.9,0
S05992,59.5,133.1,9.13,29.7,0,0,1,0,4.3,0
S05993,59.8,100.7,6.34,28.2,1,0,0,0,7.6,0
S05994,58.7,133.5,4.85,34.3,0,0,0,0,6.8,0
S05995,76.1,104.1,6.51,21.8,1,0,0,0,0.3,0
S05996,54.0,138.0,7.58,30.7,0,0,0,0,1.5,0
S05997,69.4,126.0,6.76,32.8,0,0,0,0,1.4,0
S05998,58.0,136.1,6.19,30.5,0,0,1,0,5.6,0
S05999,61.5,165.9,5.21,25.8,0,0,0,0,1.4,0
S06000,63.5,125.9,6.66,24.1,0,0,0,0,7.4,0
S06001,69.0,144.6,3.0,19.5,1,0,0,0,6.7,0
S06002,18.0,133.1,4.2,24.8,0,0,0,0,4.4,0
S06003,45.3,108.6,9.52,17.1,0,0,1,0,3.1,0
S06004,70.7,139.2,5.9,38.4,0,0,0,0,0.8,0
S06005,60.8,136.9,6.0,23.3,0,0,0,0,4.9,0
S06006,31.4,169.4,5.79,25.2,0,0,0,0,5.0,0
S06007,66.6,124.5,5.16,30.1,0,0,0,0,5.0,0
S06008,52.3,126.5,5.37,26.4,0,0,0,0,5.6,0
S06009,58.8,119.3,6.02,21.0,1,0,1,0,6.8,0
S06010,68.0,117.9,10.05,24.3,0,0,0,1,1.6,0
S06011,46.2,131.3,6.86,21.8,0,0,0,0,7.2,0
S06012,69.8,126.1,6.11,21.7,0,0,0,0,6.7,0
S06013,56.5,108.2,10.21,24.1,0,0,1,0,3.8,0
S06014,64.3,177.2,5.06,27.9,0,0,0,1,0.6,0
S06015,65.8,151.3,6.46,24.8,0,0,0,1,5.2,0
S06016,22.9,149.0,5.47,34.0,1,0,0,0,2.4,0
S06017,66.5,129.7,4.08,26.8,0,1,0,0,3.1,0
S06018,55.0,118.3,7.52,32.1,0,0,0,0,2.4,0
S06019,76.8,156.6,6.23,23.3,0,0,0,0,7.2,0
S06020,75.0,144.3,7.88,25.0,0,0,0,0,8.9,0
S06021,63.7,130.7,5.28,23.6,0,0,0,0,2.8,0
S06022,55.9,126.8,6.43,23.3,1,0,1,0,2.1,0
S06023,57.8,116.6,5.69,29.4,0,0,0,0,1.7,0
S06024,87.3,115.6,6.35,30.7,0,0,1,0,5.6,1
S06025,46.8,132.7,7.73,27.4,0,1,0,0,1.3,0
S06026,79.5,128.6,4.35,22.0,1,0,0,1,5.1,0
S06027,55.0,126.0,6.51,33.0,1,0,0,0,5.4,0
S06028,77.0,144.3,3.67,35.8,0,0,0,0,3.4,0
S06029,60.6,112.6,5.86,25.8,0,0,0,0,3.5,0
S06030,79.6,125.7,6.18,21.4,0,0,1,0,12.0,0
S06031,47.1,135.9,7.7,21.4,0,0,1,0,1.4,0
S06032,48.6,160.4,4.87,25.1,1,0,0,0,7.6,0
S06033,73.3,168.1,3.0,23.2,1,0,0,0,4.7,0
S06034,67.1,128.1,5.76,15.9,0,0,0,0,9.9,0
S06035,52.6,136.5,7.09,23.8,1,0,1,0,5.1,0
S06036,72.2,127.9,6.91,19.7,0,1,0,0,5.2,0
S06037,60.7,138.0,9.42,24.7,1,0,1,0,0.8,0
S06038,81.8,105.4,3.0,25.2,0,0,0,1,1.6,0
S06039,56.1,196.3,5.77,25.9,1,0,0,0,6.9,0
S06040,61.7,113.4,6.22,27.2,0,0,0,0,5.1,0
S06041,53.6,163.1,7.63,16.2,0,0,0,0,2.9,0
S06042,45.5,150.8,5.74,25.0,0,0,0,0,0.2,0
S06043,61.7,168.4,5.95,33.7,0,0,1,0,1.1,0
S06044,58.5,128.6,7.0,32.6,0,0,0,0,15.2,0
S06045,66.6,135.7,3.52,25.6,1,0,1,0,8.3,1
S06046,76.6,143.9,5.13,19.0,0,0,0,0,6.1,0
S06047,67.6,91.7,3.0,22.7,1,1,0,0,5.8,0
S06048,49.4,130.8,5.29,29.2,1,1,0,1,5.2,0
S06049,68.8,125.0,6.64,15.5,0,0,0,0,5.0,0
S06050,64.7,150.3,5.55,31.6,1,0,0,0,1.7,0
S06051,64.0,111.6,7.53,20.3,0,0,1,0,2.6,0
S06052,66.6,154.0,8.54,32.6,1,1,0,0,1.7,0
S06053,48.8,124.9,7.87,27.7,0,1,1,0,4.7,0
S06054,89.1,119.7,4.21,24.7,1,0,0,0,0.4,0
S06055,69.4,109.7,5.34,29.2,1,0,0,0,2.4,0
S06056,47.6,143.9,4.11,33.0,1,1,0,0,2.3,0
S06057,73.6,161.6,7.4,26.1,1,0,0,0,2.6,0
S06058,52.8,113.3,5.8,36.7,0,0,0,0,0.3,1
S06059,39.8,137.7,8.5,22.1,0,0,1,1,1.7,0
S06060,38.5,163.2,7.77,34.0,1,0,0,0,4.4,0
S06061,56.8,145.1,3.25,22.1,0,0,1,0,3.4,0
S06062,77.2,108.4,6.12,26.3,0,0,0,1,1.6,0
S06063,67.1,92.0,3.0,25.7,0,0,0,0,6.6,0
S06064,79.7,98.5,5.89,30.5,0,0,1,0,7.4,0
S06065,57.1,137.1,11.58,33.6,1,0,0,0,2.6,0
S06066,47.4,143.9,6.87,24.9,0,0,1,0,14.8,0
S06067,37.4,111.2,6.85,30.1,0,0,0,0,1.2,0
S06068,84.8,140.7,4.32,23.9,0,0,0,0,4.8,0
S06069,51.2,129.4,6.35,31.9,0,0,1,1,2.1,0
S06070,55.7,108.3,8.39,27.9,1,0,1,1,6.5,0
S06071,33.1,116.2,6.85,21.6,0,0,0,0,7.3,0
S06072,54.9,131.6,6.37,22.3,1,1,0,0,3.7,0
S06073,56.9,128.3,9.21,26.5,0,0,0,0,1.4,0
S06074,74.7,146.2,7.42,24.7,0,0,0,0,3.4,0
S06075,63.1,93.4,4.81,26.3,1,0,0,0,2.9,0
S06076,52.2,153.8,5.14,21.4,0,1,0,0,5.0,0
S06077,79.5,137.5,7.18,23.9,0,1,1,0,4.0,0
S06078,40.3,139.2,7.17,20.3,0,0,1,0,6.7,0
S06079,50.8,141.6,4.39,16.3,1,0,0,0,4.5,0
S06080,53.8,146.4,8.47,25.1,1,0,1,0,5.6,0
S06081,63.3,140.4,4.05,27.7,0,0,1,1,8.8,0
S06082,54.1,141.4,6.75,24.9,0,0,0,0,2.6,0
S06083,87.7,163.9,6.7,24.7,1,0,0,0,3.4,0
S06084,58.6,88.6,9.74,31.6,0,0,0,0,2.1,0
S06085,71.5,156.0,10.81,24.9,0,0,0,0,1.4,0
S06086,56.3,148.7,5.77,26.1,0,0,0,0,1.4,0
S06087,52.9,135.1,3.73,23.9,1,0,0,0,1.4,0
S06088,81.9,108.5,6.58,30.3,1,0,0,0,8.5,0
S06089,64.7,157.3,5.22,24.9,0,0,0,0,1.1,0
S06090,69.7,135.5,8.58,27.4,1,0,0,0,0.6,0
S06091,59.9,188.1,7.59,29.1,0,0,0,0,4.5,0
S06092,67.7,132.3,7.9,30.2,0,0,0,0,7.3,0
S06093,53.6,157.0,8.86,26.8,0,0,1,0,4.0,0
S06094,38.7,123.9,3.0,26.4,1,0,1,0,2.6,0
S06095,53.5,132.3,6.23,16.1,0,0,0,0,1.3,0
S06096,65.4,127.1,8.56,32.7,0,0,1,0,6.6,0
S06097,36.3,153.9,6.11,23.3,1,0,0,0,5.7,0
S06098,73.7,112.4,7.92,27.9,0,0,0,0,11.3,0
S06099,54.7,101.2,6.16,19.4,0,0,0,0,1.0,0
S06100,66.6,131.3,7.96,28.0,1,0,0,0,0.4,0
S06101,49.9,135.0,5.36,23.5,1,0,0,0,4.4,0
S06102,58.3,143.8,5.92,17.9,0,1,0,0,4.9,0
S06103,73.4,165.6,6.87,28.0,0,0,1,0,9.3,0
S06104,58.0,85.0,6.7,21.8,0,0,0,1,3.3,0
S06105,60.2,134.4,7.9,32.5,1,0,0,0,6.7,0
S06106,58.7,123.7,3.42,25.8,0,0,0,0,8.9,0
S06107,36.8,119.0,6.75,19.8,0,1,0,0,11.9,0
S06108,71.0,105.1,5.92,23.6,1,0,0,0,4.6,0
S06109,56.4,135.9,5.21,31.8,1,0,0,1,0.8,0
S06110,93.2,144.7,5.48,27.1,1,1,0,0,1.9,0
S06111,70.2,141.0,3.28,21.5,1,0,0,0,6.4,0
S06112,52.7,146.0,4.55,24.3,0,0,0,0,4.0,0
S06113,73.1,111.4,6.25,16.3,0,1,0,0,3.6,0
S06114,57.6,118.5,5.74,25.4,0,0,0,1,3.4,0
S06115,62.1,147.3,4.96,26.5,0,0,0,0,8.7,0
S06116,71.8,114.6,9.43,19.1,1,0,1,0,4.9,1
S06117,64.7,170.3,4.01,29.2,0,1,0,0,3.4,0
S06118,59.6,159.1,7.71,26.1,0,0,0,0,3.2,0
S06119,47.6,129.9,4.13,23.9,0,0,0,0,4.3,0
S06120,78.9,159.1,7.05,18.2,0,0,0,0,6.7,0
S06121,65.9,134.9,6.93,21.6,0,0,0,0,6.4,0
S06122,50.3,137.3,6.09,31.1,0,0,0,0,3.0,0
S06123,59.3,143.9,5.16,29.0,1,0,0,0,1.2,0
S06124,58.4,140.8,6.57,26.5,1,0,1,0,5.1,0
S06125,73.7,172.2,6.71,25.4,1,0,0,0,6.5,1
S06126,68.5,172.8,6.26,24.6,0,0,0,0,5.0,0
S06127,54.9,121.4,6.87,33.2,0,1,1,0,2.4,0
S06128,47.1,115.6,5.57,24.9,0,0,0,0,11.0,0
S06129,64.2,139.5,8.53,18.1,1,0,0,0,1.9,0
S06130,72.2,143.2,7.32,35.4,1,0,0,0,6.0,0
S06131,70.2,143.7,5.75,17.8,0,1,0,0,2.3,0
S06132,46.6,112.9,5.78,29.3,1,0,0,0,2.0,0
S06133,56.0,116.9,4.93,25.1,0,0,1,0,3.1,0
S06134,57.4,113.8,9.98,26.1,1,0,0,0,3.9,0
S06135,62.0,118.1,6.55,19.3,1,0,0,0,3.0,0
S06136,40.4,132.0,3.99,23.3,0,1,0,0,4.0,0
S06137,63.3,130.8,7.44,28.7,1,0,0,0,3.8,0
S06138,44.3,140.5,6.54,29.2,1,0,0,0,3.5,0
S06139,64.0,126.4,6.49,38.8,1,0,0,0,1.1,0
S06140,85.1,137.0,3.64,23.3,1,0,1,1,2.8,1
S06141,73.1,137.9,7.14,23.6,0,0,0,0,1.8,0
S06142,55.8,115.0,7.32,30.7,0,0,0,0,1.1,0
S06143,46.2,149.9,5.38,29.2,0,0,0,1,1.5,0
S06144,53.0,153.9,5.03,28.3,0,0,0,0,1.3,0
S06145,62.1,111.3,6.48,21.6,1,0,1,0,1.9,0
S06146,80.5,170.6,7.99,27.6,0,0,0,0,2.9,0
S06147,31.3,130.0,5.47,27.6,0,0,0,1,6.7,0
S06148,53.1,110.1,8.01,28.0,1,0,0,0,3.3,0
S06149,56.3,128.3,7.21,30.2,1,0,0,0,0.2,0
S06150,69.9,135.6,8.33,23.3,1,1,0,0,9.3,0
S06151,59.6,164.7,6.23,26.6,1,0,0,0,2.7,1
S06152,46.0,103.4,6.7,25.7,1,0,1,0,7.4,1
S06153,70.2,111.0,3.0,30.9,1,0,0,0,0.3,0
S06154,92.7,157.5,10.15,31.4,1,0,0,1,3.5,0
S06155,62.3,140.7,7.39,31.6,0,0,0,0,1.8,0
S06156,58.5,134.1,7.9,21.8,0,0,1,0,1.3,0
S06157,61.8,169.3,6.07,32.5,1,0,0,1,6.4,0
S06158,52.0,138.8,5.62,27.2,1,1,0,0,4.3,1
S06159,58.1,161.6,6.26,22.4,0,0,1,0,2.2,0
S06160,64.7,125.6,5.04,21.9,0,0,0,0,4.0,0
S06161,73.5,126.1,7.09,24.8,1,0,1,1,1.0,0
S06162,62.9,124.9,6.93,26.2,1,0,0,0,6.0,0
S06163,33.9,145.8,6.05,21.1,0,0,0,0,1.8,0
S06164,42.5,137.8,5.84,25.1,0,0,1,0,6.9,0
S06165,61.9,136.3,5.6,24.3,0,1,1,0,2.7,0
S06166,62.6,125.5,6.57,37.3,1,0,1,0,0.4,0
S06167,69.7,144.8,5.84,29.5,1,0,0,0,4.8,0
S06168,74.7,164.8,9.1,31.2,0,0,0,0,2.6,0
S06169,51.6,112.8,5.76,16.3,0,0,0,1,0.7,0
S06170,34.9,139.9,7.57,28.2,0,1,0,0,1.4,0
S06171,56.5,102.6,4.41,25.3,0,0,0,0,7.2,0
S06172,65.2,130.6,5.77,22.1,0,0,0,0,4.0,0
S06173,80.3,135.0,7.7,22.5,0,0,1,1,0.4,0
S06174,70.6,124.0,5.76,28.4,0,0,0,0,5.8,0
S06175,75.1,168.5,5.17,34.0,0,0,0,0,5.7,0
S06176,56.8,149.3,7.44,30.9,0,1,0,0,2.0,0
S06177,45.9,157.6,9.33,27.5,1,0,1,0,7.1,0
S06178,63.6,118.1,7.52,34.2,0,0,1,0,3.2,0
S06179,58.1,153.8,6.23,25.9,1,0,1,0,1.9,0
S06180,32.6,164.2,5.3,22.7,0,0,0,0,4.2,0
S06181,71.0,144.2,7.53,24.2,0,1,0,0,1.8,0
S06182,48.8,149.1,4.29,28.6,1,0,1,0,1.9,0
S06183,68.9,126.3,5.8,17.0,0,0,1,0,9.3,0
S06184,68.6,188.0,7.14,24.4,0,0,1,0,2.2,0
S06185,61.9,143.6,5.97,31.5,0,0,0,0,7.6,0
S06186,56.4,159.7,5.75,22.4,1,0,0,1,1.1,0
S06187,71.7,129.1,8.05,20.0,0,0,0,0,0.3,0
S06188,54.4,148.3,7.13,15.0,1,0,0,0,6.6,0
S06189,64.8,144.4,5.73,25.7,0,0,1,0,4.4,0
S06190,56.1,150.6,6.26,29.8,0,0,0,0,1.2,0
S06191,54.6,135.8,7.97,35.5,0,0,0,1,5.7,0
S06192,48.3,148.3,4.1,29.3,0,0,1,0,1.9,0
S06193,68.6,137.7,6.72,23.7,0,0,1,0,0.7,0
S06194,45.9,129.2,4.84,31.2,1,0,0,0,2.1,1
S06195,84.3,158.7,5.08,31.3,0,0,0,0,4.0,0
S06196,58.5,123.6,5.26,22.7,0,0,0,0,8.5,0
S06197,52.7,137.1,5.19,19.9,0,0,0,0,10.5,0
S06198,38.8,136.9,6.76,27.5,0,0,0,0,2.1,0
S06199,72.9,121.7,8.36,30.6,0,0,0,0,5.9,0
S06200,77.2,117.3,6.91,25.5,1,1,1,0,7.8,0
S06201,64.6,132.0,6.46,20.9,0,0,0,0,1.5,0
S06202,62.6,130.2,5.52,30.0,1,0,1,1,3.5,0
S06203,52.7,123.9,10.52,22.3,1,0,0,0,5.0,0
S06204,54.6,136.9,8.2,24.0,0,1,0,0,7.0,0
S06205,54.5,120.9,6.26,25.7,1,0,0,0,1.1,0
S06206,53.8,121.5,7.64,22.2,0,1,0,0,1.5,0
S06207,66.8,176.0,10.2,25.8,0,0,0,0,5.1,0
S06208,42.0,159.8,7.82,21.3,1,0,0,0,6.2,1
S06209,67.0,123.9,7.77,31.3,1,0,0,0,3.1,1
S06210,67.5,129.4,7.15,25.8,0,0,0,0,6.7,0
S06211,52.6,151.7,4.71,22.9,0,0,1,0,2.4,0
S06212,67.7,110.1,8.03,25.2,1,0,0,0,2.7,0
S06213,55.6,103.7,7.12,20.4,0,0,0,0,2.2,0
S06214,47.7,140.8,8.01,28.2,0,0,0,1,6.1,0
S06215,56.1,134.3,6.61,27.6,1,0,0,0,3.0,0
S06216,58.2,140.2,4.96,26.4,0,0,0,0,10.1,0
S06217,54.4,131.1,9.19,33.8,0,1,0,0,4.5,0
S06218,64.1,121.2,5.64,29.1,0,0,0,0,5.5,0
S06219,72.5,154.9,4.6,25.2,0,1,0,0,7.9,0
S06220,75.4,131.0,5.46,21.8,1,0,0,0,5.3,0
S06221,68.7,160.2,5.65,20.3,0,0,0,0,5.6,1
S06222,50.7,104.9,9.36,25.8,0,0,1,0,4.2,0
S06223,57.1,125.0,7.46,33.5,0,0,0,0,4.4,0
S06224,68.8,128.1,4.0,27.2,1,0,1,0,3.1,0
S06225,57.1,153.8,7.16,31.0,0,0,0,0,8.9,0
S06226,61.4,117.3,5.48,24.9,0,0,0,0,4.0,0
S06227,30.4,141.7,4.61,24.1,0,0,1,0,3.1,0
S06228,46.0,151.5,7.79,32.7,1,0,0,0,5.2,0
S06229,69.0,116.9,5.73,30.2,1,0,0,0,1.0,0
S06230,56.8,146.5,4.29,21.0,1,0,0,0,2.3,0
S06231,78.7,130.1,5.75,16.9,0,0,0,0,5.2,0
S06232,71.0,136.3,5.68,30.1,0,0,0,0,2.3,0
S06233,61.3,149.1,5.67,27.7,0,0,0,0,1.9,0
S06234,61.0,130.4,6.72,25.9,1,0,1,0,5.3,0
S06235,74.9,142.4,5.56,27.6,0,0,1,0,2.5,0
S06236,62.4,153.1,7.65,32.3,0,0,0,0,10.1,0
S06237,51.3,140.4,3.0,21.8,1,0,1,0,0.7,0
S06238,74.2,130.8,4.95,18.3,0,0,0,0,4.0,0
S06239,71.1,148.9,5.02,25.7,0,0,0,0,5.8,0
S06240,62.6,154.5,7.58,29.6,0,1,0,0,3.0,0
S06241,61.7,140.6,9.94,25.3,0,0,1,0,3.8,0
S06242,65.5,139.5,6.41,28.3,0,0,0,0,8.2,0
S06243,48.0,112.1,7.06,24.4,0,0,0,0,3.9,0
S06244,60.7,134.4,9.37,27.8,0,0,0,0,2.4,0
S06245,55.3,127.9,5.69,27.2,1,0,1,0,6.3,0
S06246,56.8,163.8,7.71,19.7,1,0,0,1,0.7,0
S06247,71.3,145.6,7.66,18.4,0,0,0,0,0.8,0
S06248,49.1,134.6,8.01,26.6,1,0,0,0,3.3,0
S06249,81.7,127.5,5.69,25.8,0,0,0,0,3.3,0
S06250,71.9,129.2,7.48,21.0,1,0,1,0,1.9,0
S06251,52.9,140.0,5.66,27.2,0,0,0,0,5.4,0
S06252,79.5,137.6,6.34,24.1,0,0,0,0,1.8,0
S06253,49.3,125.8,6.29,27.9,0,0,1,0,2.6,0
S06254,65.8,133.0,9.09,30.8,0,0,1,0,1.1,0
S06255,57.1,138.4,4.35,20.6,0,0,0,0,3.4,0
S06256,81.1,109.7,3.73,25.7,1,0,0,0,1.6,0
S06257,66.7,122.5,8.77,31.3,0,0,0,0,9.1,0
S06258,71.6,149.9,7.26,37.4,0,0,0,0,9.6,0
S06259,62.1,145.7,6.25,27.1,1,0,1,1,8.3,0
S06260,69.8,136.9,7.36,26.1,0,0,0,0,0.5,0
S06261,67.6,111.2,8.51,34.2,0,0,1,0,4.5,0
S06262,63.2,146.2,4.41,29.9,1,0,1,0,6.8,0
S06263,58.9,145.1,9.12,32.0,0,0,1,0,3.7,0
S06264,53.9,160.2,7.53,27.3,0,0,0,0,1.9,1
S06265,51.2,139.9,6.0,28.8,0,0,0,0,3.9,0
S06266,63.3,147.6,5.92,29.5,0,1,0,0,2.9,0
S06267,40.8,139.7,6.66,25.1,0,0,0,0,3.6,0
S06268,71.4,99.7,8.04,24.8,0,0,0,0,3.9,0
S06269,58.2,168.5,7.3,25.1,1,0,0,0,1.1,0
S06270,58.1,113.6,4.85,29.1,0,0,0,0,7.0,0
S06271,80.1,111.2,8.35,37.9,0,0,0,1,2.4,0
S06272,64.7,131.0,7.95,21.4,0,0,0,0,4.9,0
S06273,57.9,119.8,5.94,24.0,0,0,0,0,4.3,0
S06274,57.4,138.4,9.02,30.6,0,1,0,0,1.5,0
S06275,78.0,121.9,9.2,28.6,0,0,0,0,5.7,0
S06276,85.7,120.9,6.6,34.4,0,0,0,0,5.9,0
S06277,65.2,139.6,8.42,16.0,0,0,0,0,3.4,0
S06278,65.0,146.4,3.28,34.6,0,0,0,0,0.5,0
S06279,59.1,135.3,7.34,29.5,0,0,0,0,2.3,0
S06280,63.3,113.3,6.18,29.8,0,0,0,0,6.3,0
S06281,53.7,145.2,4.57,25.7,1,0,1,0,8.7,0
S06282,71.2,137.4,6.16,27.8,1,0,0,0,3.2,0
S06283,39.2,163.5,7.05,19.6,0,1,0,0,5.6,0
S06284,62.3,160.3,7.55,26.0,1,0,0,0,9.7,0
S06285,67.0,144.0,5.72,26.7,0,0,0,0,0.4,0
S06286,62.8,128.9,7.3,26.2,0,0,1,0,6.2,0
S06287,72.6,129.3,6.51,24.5,1,0,0,0,3.3,0
S06288,72.7,150.5,7.54,24.0,1,0,0,0,2.9,1
S06289,39.1,140.3,10.72,26.9,0,0,0,0,1.9,0
S06290,44.7,118.2,6.9,30.7,1,0,0,0,0.8,0
S06291,61.9,130.2,6.57,29.6,1,0,0,0,2.0,0
S06292,38.4,112.0,7.71,25.4,0,0,1,0,5.0,0
S06293,51.8,122.7,6.7,24.3,0,0,0,1,1.4,0
S06294,47.4,145.2,10.06,24.7,1,0,1,0,0.4,0
S06295,71.5,118.1,6.72,21.7,0,0,0,0,2.6,0
S06296,47.3,140.3,3.98,23.3,0,1,1,0,5.9,0
S06297,66.1,140.6,5.49,23.3,1,0,0,0,3.6,0
S06298,71.3,99.7,8.14,25.8,1,1,0,0,10.8,0
S06299,44.9,154.7,7.2,28.9,0,0,0,0,6.9,0
S06300,53.6,136.8,6.93,18.0,0,1,0,0,4.6,0
S06301,47.2,171.6,8.31,27.0,0,0,0,0,5.5,0
S06302,51.6,118.3,7.29,18.1,0,0,0,0,11.4,0
S06303,55.8,143.2,5.26,24.8,0,0,0,0,0.4,0
S06304,76.1,117.2,4.46,23.5,0,1,0,0,1.6,0
S06305,57.3,137.6,4.97,18.1,1,0,0,0,6.7,0
S06306,67.7,141.8,7.36,25.8,1,0,0,0,2.1,0
S06307,65.0,138.6,6.99,32.0,1,0,0,0,0.7,0
S06308,64.0,121.6,5.84,30.4,1,0,0,0,2.0,0
S06309,60.9,116.6,5.27,29.4,0,0,0,0,4.7,0
S06310,59.5,117.7,6.31,29.5,0,0,0,0,4.9,0
S06311,70.1,110.1,3.67,25.7,0,0,1,0,5.5,0
S06312,51.8,139.5,7.08,18.3,0,1,0,0,2.7,0
S06313,52.5,129.3,6.92,25.8,0,1,0,0,1.1,0
S06314,54.1,139.2,5.93,34.6,0,0,0,0,8.4,0
S06315,50.8,134.5,5.42,29.3,0,1,0,0,3.9,0
S06316,77.5,148.9,7.52,30.7,1,0,0,0,4.2,0
S06317,52.9,124.7,9.24,26.6,0,0,1,0,0.4,0
S06318,60.5,134.0,4.15,27.7,0,0,0,0,0.9,0
S06319,51.0,122.3,8.48,27.6,0,0,0,0,15.7,0
S06320,59.5,110.6,6.84,34.7,1,1,0,0,0.3,0
S06321,63.6,120.5,3.0,33.2,0,0,0,0,3.2,0
S06322,69.2,120.1,4.5,23.7,0,0,0,0,5.5,0
S06323,50.4,134.5,4.79,31.2,0,0,0,1,9.0,0
S06324,52.9,106.7,5.4,20.8,1,1,0,0,3.5,0
S06325,61.6,162.2,8.03,20.0,0,0,0,0,3.5,0
S06326,49.0,98.8,5.76,28.2,0,0,0,0,6.6,0
S06327,59.1,147.3,7.35,33.4,1,0,0,0,8.1,0
S06328,59.1,146.7,8.72,24.9,0,1,1,0,5.2,0
S06329,82.4,180.5,5.5,25.9,0,0,1,1,5.8,0
S06330,51.6,137.5,5.58,26.0,1,0,0,0,1.4,0
S06331,54.7,98.0,7.9,21.3,0,0,1,0,7.9,0
S06332,48.7,124.7,6.88,24.2,0,0,0,0,4.3,0
S06333,68.3,132.8,7.05,19.7,0,0,0,0,16.0,0
S06334,44.1,113.9,8.26,22.7,0,0,0,0,3.6,1
S06335,44.8,115.7,7.45,31.4,1,0,0,0,2.2,0
S06336,58.0,110.8,6.73,29.6,0,0,0,0,2.3,0
S06337,56.9,124.5,9.28,33.7,0,0,0,0,6.7,0
S06338,78.2,130.7,5.14,22.0,0,0,0,0,3.5,0
S06339,52.5,115.6,3.76,30.7,0,0,0,0,3.5,0
S06340,56.6,108.4,10.79,24.0,0,0,0,0,0.6,0
S06341,69.9,134.4,4.31,24.7,1,0,0,0,6.3,0
S06342,55.5,103.6,6.47,28.0,0,0,0,0,8.9,0
S06343,53.4,147.5,4.83,27.3,0,0,0,1,4.1,0
S06344,60.4,139.5,4.45,19.5,0,1,0,0,7.5,0
S06345,81.7,154.2,8.74,28.2,0,0,0,0,10.8,1
S06346,55.1,139.4,7.55,30.4,0,0,0,0,3.4,0
S06347,61.7,126.9,3.6,19.3,0,0,0,0,0.9,0
S06348,60.2,131.4,6.14,32.0,0,0,0,0,4.5,0
S06349,72.3,134.2,6.91,20.2,0,0,0,0,8.2,0
S06350,46.8,160.9,8.56,32.3,0,0,0,0,6.7,0
S06351,74.3,137.7,7.42,29.6,0,0,0,1,4.3,0
S06352,59.4,115.1,3.36,35.2,0,0,0,0,3.6,0
S06353,52.9,124.9,4.05,20.9,0,0,0,0,0.8,0
S06354,66.6,140.3,4.35,24.4,0,0,0,0,3.9,0
S06355,54.1,154.2,7.59,22.4,1,0,0,0,2.8,0
S06356,55.4,138.9,3.83,34.5,0,0,0,0,6.0,0
S06357,45.8,113.5,4.62,38.9,0,1,0,0,5.6,0
S06358,65.7,166.7,3.88,24.6,0,0,0,0,1.1,1
S06359,70.7,145.0,7.05,33.9,0,0,0,0,6.9,0
S06360,54.3,155.5,4.65,30.7,1,0,0,0,4.7,0
S06361,39.6,148.9,7.49,32.5,0,0,1,0,6.2,0
S06362,58.1,153.1,5.4,20.2,1,0,0,0,3.1,0
S06363,65.8,114.4,3.94,28.4,0,0,0,0,2.5,0
S06364,72.5,149.2,5.87,26.9,0,0,0,0,2.1,0
S06365,71.2,105.1,5.85,17.5,0,0,1,0,2.0,0
S06366,54.6,126.2,4.58,34.1,1,1,0,0,0.1,0
S06367,43.4,158.8,6.98,26.6,1,0,1,0,7.1,0
S06368,82.5,155.1,6.64,25.6,1,0,0,0,4.5,0
S06369,63.9,144.4,6.71,21.7,0,0,1,0,2.7,0
S06370,57.0,122.8,7.05,26.9,1,1,1,0,7.3,1
S06371,55.1,104.4,5.38,18.8,1,0,0,0,3.0,0
S06372,67.9,134.9,6.2,25.7,1,0,0,0,2.1,0
S06373,72.7,86.7,4.43,22.1,0,0,1,0,0.8,0
S06374,56.1,163.5,7.71,25.5,0,0,1,0,1.3,0
S06375,60.1,116.5,6.45,23.7,0,0,0,0,5.1,0
S06376,71.2,97.1,6.12,24.5,0,0,0,0,2.8,0
S06377,69.7,128.0,5.7,21.2,1,0,0,0,7.8,0
S06378,84.7,111.6,3.1,31.8,0,0,0,0,3.5,0
S06379,48.7,159.2,10.38,25.4,0,0,0,0,4.6,0
S06380,76.2,122.1,7.85,19.5,0,0,0,0,2.5,0
S06381,62.0,128.1,3.98,23.1,0,0,1,0,7.6,0
S06382,37.3,168.7,5.65,27.4,0,0,0,0,2.1,0
S06383,77.4,154.8,8.16,18.9,0,0,0,0,8.6,0
S06384,56.2,111.7,7.05,34.9,0,0,0,0,5.2,0
S06385,81.0,120.4,7.43,23.7,1,0,0,0,2.0,0
S06386,66.5,130.5,3.0,27.8,1,0,0,0,1.4,0
S06387,63.9,148.0,7.53,34.5,0,0,0,0,0.3,0
S06388,74.8,118.0,5.93,30.5,0,0,0,0,7.9,0
S06389,61.6,142.9,9.03,23.2,0,0,0,0,1.4,0
S06390,81.9,111.3,4.29,21.8,1,0,1,0,3.8,1
S06391,68.7,115.7,6.34,30.3,0,0,0,0,3.2,0
S06392,37.4,137.6,7.77,22.7,0,0,0,0,4.6,0
S06393,60.8,150.9,4.66,28.3,0,0,0,0,3.0,0
S06394,65.8,135.8,9.25,28.8,1,0,0,0,1.3,0
S06395,63.6,129.6,4.06,32.8,0,0,1,0,5.4,0
S06396,75.4,117.2,5.5,29.0,0,0,0,0,6.4,0
S06397,67.5,112.5,6.45,27.7,0,0,1,0,1.6,0
S06398,42.0,125.7,7.79,26.3,0,0,1,0,4.2,0
S06399,57.0,140.9,3.66,25.4,0,0,1,0,4.5,0
S06400,57.1,164.1,7.6,24.4,0,0,1,0,7.5,0
S06401,77.2,153.5,5.95,22.1,0,0,0,0,1.4,0
S06402,55.6,149.8,6.59,20.8,0,0,0,0,7.9,0
S06403,61.6,110.9,6.77,25.1,1,0,1,0,7.8,0
S06404,47.4,144.9,4.58,22.2,1,1,1,1,3.2,0
S06405,65.8,148.0,4.47,28.7,1,0,0,0,3.7,0
S06406,76.0,122.9,4.17,27.5,0,0,0,0,4.1,0
S06407,62.9,131.5,6.51,25.3,0,0,1,0,16.4,0
S06408,60.1,124.0,7.28,27.6,0,0,0,0,2.0,0
S06409,88.0,171.4,7.08,37.2,0,0,0,0,5.3,0
S06410,73.7,158.1,4.49,33.9,0,0,1,0,3.9,0
S06411,62.3,116.8,5.22,19.0,0,0,0,0,1.8,0
S06412,65.8,149.2,5.22,26.2,1,0,0,0,5.9,0
S06413,46.9,155.5,10.4,18.7,0,0,0,0,9.9,0
S06414,57.7,125.9,8.1,25.0,0,0,0,0,2.7,0
S06415,73.6,145.4,7.74,26.6,0,0,1,0,2.4,0
S06416,67.7,147.5,3.65,32.1,1,0,0,0,1.2,0
S06417,55.9,120.8,5.37,36.4,0,0,0,0,4.7,0
S06418,65.8,107.9,7.05,23.7,1,0,0,0,8.4,0
S06419,56.1,134.2,5.44,20.6,1,0,0,0,11.4,0
S06420,44.9,115.2,6.61,30.7,0,0,0,0,2.9,0
S06421,61.7,146.5,5.42,29.2,1,0,0,0,0.7,0
S06422,67.5,114.2,6.93,27.2,1,0,0,0,0.5,0
S06423,35.5,162.3,6.8,24.0,1,1,0,0,5.8,1
S06424,62.4,141.7,7.06,23.8,1,0,0,0,6.6,0
S06425,81.0,128.4,7.38,25.1,0,1,0,0,3.7,0
S06426,69.5,133.1,7.25,31.8,1,0,1,0,2.6,0
S06427,57.4,122.4,6.35,33.9,0,0,0,1,8.8,0
S06428,73.6,139.7,7.36,27.7,1,0,0,1,2.1,0
S06429,48.7,142.2,6.58,28.3,1,0,0,1,4.6,0
S06430,36.9,153.7,8.31,30.6,0,0,0,0,2.1,0
S06431,81.6,162.0,7.6,18.9,0,0,1,0,1.2,0
S06432,32.1,147.9,9.31,23.3,1,0,0,0,11.0,0
S06433,51.6,134.5,6.04,26.9,0,0,1,0,4.4,0
S06434,60.6,134.3,4.34,20.1,1,0,0,0,5.7,0
S06435,62.0,118.4,5.46,24.5,0,0,0,0,5.3,0
S06436,65.0,125.9,6.86,28.1,0,0,0,0,2.6,0
S06437,95.0,152.1,8.05,24.1,0,0,1,0,2.3,0
S06438,70.2,134.8,4.68,34.5,0,0,0,0,5.8,0
S06439,70.1,125.3,5.56,27.8,1,0,1,0,5.3,0
S06440,61.5,156.6,6.7,21.7,1,0,1,0,2.2,0
S06441,50.6,110.8,4.87,38.3,0,0,0,0,1.5,0
S06442,77.6,155.7,8.55,34.7,0,0,0,1,1.6,0
S06443,51.7,128.5,4.29,27.6,0,0,0,0,1.3,0
S06444,69.8,115.4,8.56,28.2,0,0,0,0,2.4,0
S06445,75.6,139.0,7.48,26.1,1,0,0,0,5.3,0
S06446,40.9,113.2,5.28,32.5,1,1,0,0,7.4,0
S06447,50.5,149.8,6.09,28.0,0,0,0,1,3.5,0
S06448,61.7,157.4,7.68,26.3,0,0,0,0,4.2,0
S06449,63.3,127.6,6.16,20.1,1,0,0,0,7.8,0
S06450,52.2,115.4,9.52,31.6,0,0,0,0,7.7,0
S06451,54.3,138.2,7.06,21.2,0,0,0,0,3.5,0
S06452,55.6,143.8,3.08,29.6,0,0,0,0,7.3,0
S06453,74.8,118.7,6.62,17.8,1,1,0,0,1.1,1
S06454,68.9,137.9,5.0,23.8,1,1,1,0,4.8,1
S06455,60.7,129.4,9.61,26.7,1,1,0,1,1.2,0
S06456,59.9,181.0,7.47,25.7,0,1,0,0,3.9,0
S06457,62.2,158.7,6.81,26.0,1,0,0,0,0.7,0
S06458,72.7,130.2,7.81,28.0,0,0,1,0,4.3,0
S06459,54.1,149.9,8.78,26.5,0,1,1,0,1.0,0
S06460,58.7,105.3,6.39,19.6,1,0,0,0,5.9,0
S06461,45.1,169.3,5.85,29.6,1,0,0,0,6.0,1
S06462,58.1,119.7,5.47,25.9,0,0,1,0,4.4,0
S06463,50.8,167.3,5.2,28.4,0,0,1,0,4.6,0
S06464,47.5,152.5,5.08,25.9,0,0,0,0,8.2,0
S06465,52.8,136.1,9.28,24.8,0,0,0,1,0.8,0
S06466,52.0,151.6,3.88,23.8,0,0,0,0,3.4,0
S06467,48.2,104.5,5.06,23.8,0,0,0,0,3.3,0
S06468,43.6,153.2,4.05,25.0,0,0,0,0,0.3,0
S06469,54.4,149.6,7.03,26.1,0,0,0,0,3.8,0
S06470,87.5,114.9,6.9,24.2,1,0,0,0,2.8,0
S06471,65.4,137.3,7.23,18.9,1,0,1,0,3.0,0
S06472,53.6,124.9,4.82,26.4,0,0,1,0,5.1,0
S06473,79.8,106.8,5.83,33.2,1,0,1,0,2.2,0
S06474,48.8,125.2,6.95,29.7,1,0,0,0,6.5,0
S06475,62.5,116.9,3.91,29.5,1,1,0,0,5.6,0
S06476,46.3,152.5,4.25,23.6,0,1,0,0,3.6,0
S06477,59.0,160.3,4.13,26.4,1,0,0,0,1.1,0
S06478,55.0,153.5,5.92,30.6,0,0,1,0,2.6,0
S06479,58.0,135.3,5.95,19.5,0,0,1,0,4.9,1
S06480,59.2,144.0,6.82,28.7,1,0,0,0,0.3,0
S06481,79.8,108.6,7.39,27.9,0,0,0,0,3.0,0
S06482,48.6,143.6,5.82,21.5,0,0,0,0,5.2,0
S06483,54.3,139.0,7.13,29.9,0,0,0,0,3.1,0
S06484,62.0,113.3,4.76,28.7,1,0,1,0,4.1,0
S06485,66.1,119.2,5.32,33.9,0,0,0,0,1.9,0
S06486,66.5,125.6,3.68,25.7,0,0,0,0,0.7,0
S06487,50.5,153.0,4.2,27.9,1,0,0,1,4.9,0
S06488,58.0,174.9,6.6,28.5,0,0,1,1,3.4,0
S06489,58.9,136.5,5.21,24.8,1,0,0,0,6.4,0
S06490,80.5,132.5,5.53,36.7,1,0,0,0,3.9,0
S06491,62.6,121.9,5.42,27.1,1,0,0,0,0.5,0
S06492,56.7,111.1,6.77,23.9,0,0,0,0,3.2,0
S06493,36.9,130.1,7.28,28.8,1,0,1,0,4.2,0
S06494,52.7,135.3,6.76,28.1,1,0,1,0,7.4,0
S06495,69.6,138.2,8.48,20.0,0,0,0,1,14.3,0
S06496,69.6,130.2,6.7,24.9,1,0,1,0,7.7,0
S06497,52.1,145.5,8.64,25.2,1,0,0,0,2.6,0
S06498,70.6,128.5,7.11,25.0,0,0,1,1,0.6,0
S06499,50.8,129.8,6.09,34.4,1,0,0,0,1.0,0
S06500,54.5,155.5,4.26,26.2,0,0,1,1,14.9,0
S06501,73.8,128.2,5.85,19.9,0,1,0,0,3.1,0
S06502,60.3,98.2,8.27,41.0,0,0,0,0,2.3,0
S06503,46.6,120.6,6.63,34.8,0,0,0,0,4.6,0
S06504,59.4,150.1,5.08,25.8,0,0,0,0,1.2,0
S06505,36.4,141.1,7.19,26.0,0,0,1,0,6.8,0
S06506,62.6,120.4,7.88,31.3,1,0,0,0,0.4,0
S06507,32.6,142.0,7.67,22.8,0,0,0,0,2.8,0
S06508,49.4,140.9,8.43,31.4,1,0,1,0,14.2,1
S06509,65.6,138.3,8.32,26.9,0,1,0,0,4.1,0
S06510,61.4,155.1,6.75,26.3,0,0,1,0,9.7,0
S06511,69.8,148.4,6.61,25.7,1,0,0,0,6.5,0
S06512,33.6,140.7,6.45,30.7,0,0,1,0,6.7,0
S06513,65.2,124.9,8.06,25.9,0,0,0,0,3.6,0
S06514,44.8,128.7,6.52,25.6,1,0,0,0,5.4,0
S06515,61.0,126.7,4.75,27.8,1,0,0,0,1.9,0
S06516,64.9,145.8,3.0,28.0,1,0,1,0,5.1,0
S06517,63.2,110.1,7.07,31.0,1,0,0,0,0.7,0
S06518,87.8,164.5,5.28,20.8,1,0,0,0,5.7,0
S06519,65.7,152.7,6.52,21.2,0,0,0,1,10.3,0
S06520,75.4,153.8,5.25,27.9,0,0,0,0,3.0,0
S06521,64.2,126.3,7.86,24.5,0,0,0,0,4.4,0
S06522,82.3,116.8,8.52,22.1,0,0,0,0,2.3,0
S06523,48.1,149.4,4.82,17.6,1,0,0,0,0.8,0
S06524,58.7,124.8,7.36,25.7,0,0,0,0,1.5,0
S06525,45.4,149.9,5.72,24.3,0,0,0,0,6.1,0
S06526,74.5,114.5,7.08,26.7,0,0,1,0,2.8,0
S06527,44.8,124.1,4.28,29.5,1,1,0,0,1.9,0
S06528,47.1,127.7,8.44,25.4,1,1,0,0,5.0,0
S06529,55.8,171.7,8.55,31.5,1,1,1,0,2.1,0
S06530,53.6,159.9,6.21,22.9,0,0,1,0,7.8,0
S06531,77.7,123.9,6.42,23.7,0,0,0,0,3.4,0
S06532,77.7,112.0,6.03,32.0,1,0,0,0,4.0,0
S06533,71.2,135.9,9.41,24.8,0,0,0,0,2.8,0
S06534,63.1,128.3,7.35,26.4,0,0,0,0,8.9,0
S06535,71.3,117.8,7.38,26.9,0,0,1,0,1.0,0
S06536,69.2,104.2,6.07,28.2,0,0,0,0,8.2,0
S06537,72.1,141.5,5.96,24.7,1,0,0,0,7.4,0
S06538,70.9,120.8,6.69,26.1,0,0,0,0,1.7,0
S06539,51.9,142.7,6.56,24.3,1,0,0,1,4.8,0
S06540,38.1,132.1,8.78,24.9,0,0,0,0,3.7,0
S06541,54.6,159.1,6.41,22.5,0,1,0,0,3.4,0
S06542,48.9,108.1,7.02,25.3,0,0,0,0,2.5,0
S06543,60.8,123.5,7.07,22.9,0,0,0,0,8.6,0
S06544,67.0,122.8,4.75,25.9,1,0,0,0,3.2,0
S06545,70.9,133.8,9.62,27.0,1,0,0,0,0.6,0
S06546,71.6,110.4,5.88,21.5,0,0,0,0,6.7,0
S06547,60.1,165.0,7.11,28.4,1,0,0,0,4.7,0
S06548,70.9,137.9,8.92,31.6,0,0,0,0,1.8,0
S06549,73.1,154.0,8.05,27.0,0,0,1,0,6.4,0
S06550,61.8,138.8,6.27,26.9,0,0,1,1,4.0,0
S06551,51.3,168.3,9.0,23.3,0,0,0,0,1.8,0
S06552,80.6,97.2,3.0,25.0,1,0,0,0,1.6,0
S06553,58.2,118.0,4.65,24.5,0,0,0,0,1.2,0
S06554,70.5,139.6,4.85,34.1,0,0,1,0,2.7,0
S06555,84.4,124.3,10.28,23.2,0,0,0,0,2.8,0
S06556,69.7,114.0,3.0,28.8,0,0,0,0,1.6,0
S06557,39.1,136.4,3.0,23.9,1,0,0,0,3.2,0
S06558,54.7,124.4,9.31,27.4,0,0,0,0,1.6,0
S06559,55.8,128.6,6.32,28.3,1,0,0,0,6.2,0
S06560,72.4,154.1,5.32,25.4,0,0,0,0,7.1,0
S06561,46.7,119.3,8.79,23.2,0,0,0,0,3.8,0
S06562,48.8,159.6,3.98,28.3,1,0,0,0,8.6,0
S06563,47.7,132.3,7.12,24.3,0,0,0,0,3.6,0
S06564,36.2,121.6,5.44,18.3,0,0,1,1,2.2,0
S06565,62.2,123.3,4.95,34.3,1,0,1,0,4.3,0
S06566,84.1,123.0,7.75,26.3,0,0,0,1,12.4,0
S06567,43.4,133.4,4.05,29.0,0,0,0,0,0.4,0
S06568,53.3,128.0,5.16,21.9,1,0,0,0,8.0,0
S06569,45.1,136.0,3.82,26.6,0,0,0,0,4.2,0
S06570,49.3,159.6,4.96,34.1,0,0,0,0,3.9,0
S06571,48.8,139.9,6.68,31.2,1,0,1,0,7.6,0
S06572,75.2,149.6,6.57,27.6,1,0,0,1,2.1,0
S06573,80.6,133.4,8.53,22.8,1,0,0,0,2.9,0
S06574,64.2,110.0,6.97,26.3,1,0,0,0,11.0,0
S06575,40.2,145.0,4.55,27.0,1,0,0,0,1.4,0
S06576,78.1,124.8,3.27,25.3,0,0,0,0,5.9,0
S06577,48.9,156.4,4.92,26.1,0,0,0,0,7.1,0
S06578,68.0,179.3,5.38,30.6,1,0,0,0,0.5,0
S06579,62.8,140.4,6.72,26.8,1,0,0,0,3.8,0
S06580,68.4,132.8,7.81,25.2,0,0,1,0,3.5,0
S06581,65.3,132.0,6.08,26.2,1,0,0,0,0.4,0
S06582,68.1,122.4,6.51,27.7,0,0,0,0,10.1,0
S06583,76.5,115.9,8.66,26.6,0,0,0,0,2.9,1
S06584,50.1,151.6,4.8,20.7,0,0,0,0,7.7,0
S06585,55.3,162.9,7.24,22.8,0,0,1,1,5.8,0
S06586,45.6,132.7,6.93,31.2,1,0,1,0,1.5,0
S06587,58.3,150.4,5.93,27.7,0,0,0,0,4.7,0
S06588,50.1,112.3,7.93,20.0,0,0,0,0,1.5,0
S06589,72.2,150.5,4.95,25.2,0,0,0,0,4.1,0
S06590,70.1,188.7,9.4,28.4,1,0,1,0,2.9,0
S06591,41.0,153.7,5.31,30.4,1,0,0,1,1.2,0
S06592,77.3,119.5,4.75,28.9,1,0,0,0,5.8,0
S06593,62.6,159.5,8.37,24.9,0,0,0,0,2.8,0
S06594,46.7,130.1,5.21,28.0,1,0,0,0,2.4,0
S06595,65.9,134.3,7.98,26.4,1,0,0,0,7.5,1
S06596,50.5,111.9,8.1,31.8,0,0,0,0,5.9,0
S06597,55.6,141.4,7.77,26.5,1,0,0,0,9.4,0
S06598,48.5,146.8,6.77,30.8,0,0,0,0,2.8,0
S06599,74.2,111.5,9.05,26.8,0,1,1,0,4.2,1
S06600,56.1,128.2,3.88,19.9,0,0,0,0,7.1,0
S06601,57.3,128.0,4.26,17.1,0,1,1,1,13.6,0
S06602,56.8,113.9,9.08,37.1,0,1,0,0,8.6,0
S06603,59.3,131.0,10.49,27.5,0,0,0,0,2.4,0
S06604,67.3,102.1,4.82,34.2,0,0,0,0,4.5,0
S06605,53.1,138.8,5.78,25.5,0,0,0,0,0.3,0
S06606,54.7,118.8,4.07,22.7,1,0,0,0,5.5,0
S06607,69.5,105.5,3.0,28.3,0,0,0,0,1.5,0
S06608,69.7,132.4,7.81,24.2,1,0,1,0,4.7,1
S06609,47.0,133.8,7.71,31.4,0,1,1,0,2.9,0
S06610,60.9,169.5,4.52,24.2,0,0,0,1,4.7,0
S06611,58.7,121.5,8.06,26.0,0,0,0,0,4.3,0
S06612,62.6,141.9,7.28,27.0,0,0,1,1,5.0,0
S06613,57.9,126.4,8.14,21.7,1,0,0,1,4.3,0
S06614,57.8,147.8,8.86,24.7,0,0,0,0,3.9,0
S06615,55.8,116.2,6.06,22.8,0,0,0,0,2.3,0
S06616,53.8,139.8,3.47,22.4,0,0,0,0,0.7,0
S06617,63.9,128.4,7.16,35.7,1,0,0,0,1.0,0
S06618,57.2,147.5,7.93,24.8,1,0,0,0,3.1,0
S06619,45.4,106.7,5.08,27.1,0,0,0,0,4.9,0
S06620,52.5,119.9,5.61,34.4,1,0,0,0,5.8,0
S06621,72.9,120.0,6.79,23.0,1,0,0,0,1.6,0
S06622,78.9,120.2,6.21,18.1,0,0,0,0,0.9,0
S06623,34.4,145.1,3.36,28.1,0,1,0,0,5.6,0
S06624,54.2,134.3,7.13,24.2,0,0,0,0,0.6,0
S06625,50.1,140.2,6.94,27.8,0,0,0,0,9.3,0
S06626,56.1,139.9,7.15,35.5,0,0,1,0,3.9,0
S06627,52.5,116.4,6.38,28.5,1,0,0,0,0.6,0
S06628,79.0,155.3,5.72,24.3,0,0,0,1,4.2,0
S06629,44.2,148.1,5.12,22.1,0,0,0,0,3.8,0
S06630,45.6,129.2,3.92,29.4,0,1,0,0,6.6,0
S06631,54.3,132.4,5.35,22.8,0,0,0,0,2.7,0
S06632,68.9,105.8,7.47,28.9,0,0,0,0,0.2,0
S06633,66.0,100.6,9.06,32.5,0,1,0,0,3.3,0
S06634,69.1,164.2,6.07,29.2,1,0,0,0,7.9,0
S06635,66.0,129.6,5.27,19.7,0,0,0,0,1.2,0
S06636,65.5,116.4,7.28,24.8,0,0,0,0,1.3,0
S06637,52.8,139.4,4.57,34.9,1,0,1,0,3.9,0
S06638,70.1,138.6,6.94,34.9,0,0,1,0,5.8,0
S06639,63.8,122.2,6.91,26.2,0,0,1,1,2.3,1
S06640,34.4,147.1,7.03,21.8,1,0,0,0,2.9,0
S06641,63.9,150.8,8.71,15.6,0,0,0,0,4.7,0
S06642,71.8,158.0,7.71,30.3,1,0,0,0,1.3,0
S06643,73.4,133.8,4.94,25.2,1,0,0,0,7.5,0
S06644,43.7,117.1,7.12,19.5,0,0,0,0,0.9,0
S06645,61.9,172.1,4.9,33.8,0,0,0,0,1.5,0
S06646,86.6,119.0,4.78,34.0,0,0,1,0,5.8,0
S06647,50.1,116.0,7.15,25.1,0,0,0,0,4.0,0
S06648,84.6,110.0,4.12,31.5,0,1,0,0,4.5,0
S06649,51.0,161.1,6.06,20.8,0,0,1,0,5.0,0
S06650,66.1,131.0,6.23,36.0,0,0,0,0,2.6,0
S06651,54.2,143.8,6.65,23.6,0,0,0,0,2.7,0
S06652,61.8,106.6,7.58,28.4,0,0,0,0,4.3,0
S06653,65.5,156.5,3.77,25.2,0,0,1,0,7.8,0
S06654,35.2,154.3,3.0,27.8,1,0,1,0,0.3,0
S06655,73.6,121.9,6.98,26.0,0,0,0,0,7.0,0
S06656,69.4,186.2,3.0,29.9,0,0,0,0,16.2,0
S06657,81.5,127.3,3.0,22.9,1,0,1,0,1.3,0
S06658,77.7,150.5,3.0,28.6,0,0,0,0,1.9,0
S06659,67.1,142.9,4.51,31.3,1,0,0,0,5.3,0
S06660,60.2,121.6,8.32,31.5,1,0,1,0,2.6,0
S06661,48.3,147.9,5.88,19.9,0,0,0,0,0.5,0
S06662,77.9,133.8,3.84,22.2,1,0,0,0,6.8,0
S06663,57.4,111.6,3.49,23.3,0,0,1,0,0.4,0
S06664,63.2,123.5,10.26,39.3,1,0,1,0,4.3,0
S06665,58.6,108.4,6.13,36.6,0,1,1,0,1.2,0
S06666,51.9,136.3,4.77,27.8,1,0,1,0,6.4,0
S06667,61.4,147.3,6.81,25.5,0,1,1,0,12.0,0
S06668,60.0,144.1,5.54,27.9,1,0,0,0,4.3,0
S06669,75.1,186.9,8.28,22.7,0,0,0,0,15.2,0
S06670,51.0,129.5,3.87,27.9,1,1,0,0,12.4,0
S06671,58.9,98.6,3.76,20.3,1,0,0,0,1.4,0
S06672,45.4,153.9,7.61,35.9,1,0,0,0,6.3,0
S06673,62.1,131.1,3.0,24.1,1,1,0,0,3.5,0
S06674,70.3,138.7,4.53,23.4,1,0,0,1,6.9,0
S06675,70.6,142.2,5.14,34.1,1,0,0,0,5.3,0
S06676,67.6,140.2,3.93,35.7,1,0,0,0,3.5,0
S06677,65.4,146.8,5.78,30.9,1,0,0,0,1.8,0
S06678,47.7,161.7,9.0,25.8,0,0,0,1,9.1,0
S06679,75.0,155.0,5.2,29.8,1,0,0,0,2.4,0
S06680,53.3,146.2,5.87,31.6,0,0,0,0,1.6,0
S06681,71.8,112.4,9.34,21.8,0,0,0,0,1.4,0
S06682,48.8,119.4,6.71,31.2,0,0,0,0,1.9,0
S06683,74.6,147.7,6.7,24.1,0,1,1,0,0.6,0
S06684,57.2,139.0,6.68,24.4,1,0,0,0,9.9,0
S06685,69.7,104.1,5.97,35.6,1,0,1,1,4.1,0
S06686,45.7,140.6,7.38,27.6,0,0,1,0,11.2,0
S06687,73.1,143.7,8.94,28.4,0,0,1,0,7.5,1
S06688,56.8,151.3,8.0,22.6,0,0,0,0,1.5,0
S06689,63.6,107.4,4.94,29.5,1,0,0,0,2.1,0
S06690,56.3,117.4,7.96,25.0,0,0,1,0,9.0,0
S06691,57.7,144.6,6.69,31.9,0,0,1,0,2.9,0
S06692,70.5,154.7,4.75,27.6,0,0,0,0,1.4,0
S06693,71.9,116.5,9.56,24.0,0,0,0,0,0.6,0
S06694,49.3,134.1,5.35,27.4,1,0,0,0,0.8,0
S06695,79.3,160.9,5.75,23.6,1,0,0,0,2.7,0
S06696,58.0,110.3,4.24,22.9,0,0,0,0,5.8,0
S06697,35.8,158.2,7.62,27.6,0,1,0,0,3.0,0
S06698,63.7,93.3,4.34,25.8,0,0,0,0,2.7,0
S06699,72.9,144.4,5.6,28.0,0,0,0,0,5.0,0
S06700,75.2,135.7,7.99,30.4,1,0,0,0,2.1,0
S06701,65.0,134.6,7.65,27.0,0,0,0,0,6.6,0
S06702,61.0,128.7,5.53,31.0,0,0,0,0,7.0,0
S06703,58.1,169.5,6.32,27.9,0,0,1,0,4.8,0
S06704,50.8,150.2,7.86,21.0,0,0,0,0,0.8,0
S06705,32.1,138.1,7.4,32.2,0,0,0,0,5.0,0
S06706,47.8,136.6,4.53,34.5,0,1,1,0,5.8,0
S06707,47.9,111.5,7.47,30.9,1,1,0,0,9.0,0
S06708,85.7,121.1,6.05,28.1,0,0,0,0,6.8,0
S06709,73.4,111.4,5.61,30.8,1,0,0,0,0.9,0
S06710,76.0,129.6,8.73,25.1,0,1,1,0,3.7,0
S06711,53.9,127.1,3.72,25.7,1,0,0,0,2.3,0
S06712,71.4,110.9,5.71,27.6,0,0,1,0,8.6,0
S06713,70.4,133.9,7.1,18.9,0,0,0,0,1.3,0
S06714,34.6,121.6,8.18,26.2,1,0,1,0,4.4,0
S06715,61.9,125.6,5.65,34.3,0,0,0,0,5.3,0
S06716,40.7,132.5,7.76,26.3,0,0,0,0,2.1,0
S06717,70.6,138.9,5.98,28.2,1,0,0,1,2.8,0
S06718,73.9,151.9,6.54,18.5,1,0,1,0,6.1,0
S06719,59.2,101.8,8.37,30.5,0,0,0,0,7.8,0
S06720,50.6,161.6,8.32,26.7,0,0,0,0,4.2,0
S06721,62.5,171.2,5.43,25.2,1,0,0,0,8.5,0
S06722,67.7,135.1,5.6,28.8,1,0,0,0,9.7,0
S06723,62.9,128.9,8.05,33.4,0,0,0,0,2.9,1
S06724,47.1,101.4,6.25,26.1,1,0,0,0,1.9,0
S06725,51.8,142.6,6.12,23.6,0,0,0,0,4.8,0
S06726,51.2,162.2,8.37,32.8,0,0,1,0,9.2,0
S06727,56.7,157.7,6.7,31.4,1,0,1,0,3.9,0
S06728,62.9,140.0,4.11,24.7,0,0,0,1,1.2,0
S06729,86.0,129.4,4.41,29.6,1,0,0,0,10.8,0
S06730,56.2,146.3,8.81,20.0,0,0,0,0,1.9,0
S06731,76.8,120.7,5.21,29.3,0,0,0,0,0.6,0
S06732,68.8,130.4,9.41,31.4,0,0,1,0,3.8,0
S06733,61.5,136.1,5.9,33.2,0,1,1,0,0.6,0
S06734,59.1,170.8,9.96,21.9,1,0,0,0,2.1,1
S06735,81.7,156.5,6.0,22.1,0,0,0,0,5.2,0
S06736,68.4,146.9,7.98,27.0,0,0,1,0,1.6,0
S06737,58.6,164.3,6.44,23.3,0,0,0,0,0.9,0
S06738,72.1,134.4,6.41,26.3,0,0,0,0,5.3,0
S06739,42.5,104.1,3.74,24.4,0,0,0,0,3.4,0
S06740,33.1,150.7,9.09,24.2,0,0,0,0,1.5,0
S06741,43.2,132.1,8.53,24.7,1,0,0,0,3.7,0
S06742,46.5,147.9,4.67,34.7,0,1,1,0,10.7,0
S06743,52.8,143.8,8.77,23.4,0,0,1,0,2.8,0
S06744,55.1,133.5,6.15,25.5,0,1,1,0,9.4,0
S06745,67.2,148.6,8.67,21.3,0,0,0,0,1.5,0
S06746,74.7,122.8,9.08,19.4,0,0,0,0,2.2,0
S06747,74.8,130.5,4.4,31.1,0,0,0,0,3.5,0
S06748,89.2,145.9,6.41,32.6,0,0,0,0,2.5,0
S06749,62.8,107.2,5.05,27.9,0,0,0,0,3.6,0
S06750,54.0,139.2,6.85,27.7,0,0,1,0,6.3,0
S06751,73.7,148.9,6.99,33.8,0,0,0,0,5.5,0
S06752,49.6,134.9,4.63,30.8,1,0,0,1,6.3,0
S06753,69.8,136.3,5.05,22.1,1,0,1,0,2.5,0
S06754,58.8,121.8,6.5,29.3,1,0,0,0,4.1,0
S06755,76.7,109.5,6.21,27.2,0,0,0,0,5.4,0
S06756,77.3,136.1,9.12,28.9,0,0,1,0,0.3,0
S06757,43.9,135.2,7.4,32.0,1,0,1,0,9.7,0
S06758,45.3,126.6,3.0,31.8,0,0,0,0,0.9,0
S06759,51.9,116.2,6.75,27.5,1,0,1,0,7.7,0
S06760,80.6,107.6,5.21,31.5,0,0,0,0,6.1,0
S06761,64.7,167.7,6.07,22.7,0,0,0,0,2.3,0
S06762,44.6,127.6,8.83,27.5,0,0,0,1,4.1,0
S06763,76.8,139.3,8.7,34.5,0,0,0,0,3.6,0
S06764,66.3,141.8,4.4,20.1,0,0,0,0,4.1,0
S06765,74.4,111.6,5.19,19.5,1,1,0,0,3.7,1
S06766,54.1,125.2,5.12,28.2,1,0,0,0,8.5,0
S06767,72.3,176.8,10.38,24.0,0,0,0,0,4.9,0
S06768,61.0,145.7,6.32,30.8,0,0,0,0,7.5,0
S06769,65.0,154.6,6.51,26.4,1,0,0,0,4.0,0
S06770,38.8,154.4,5.09,22.5,0,0,0,0,5.0,0
S06771,54.3,140.6,4.39,17.5,1,0,0,0,2.4,0
S06772,72.2,147.6,8.21,23.2,1,0,0,0,2.5,0
S06773,73.5,136.5,7.17,22.5,0,0,0,0,4.0,0
S06774,72.1,132.0,5.16,32.9,0,0,0,0,1.0,0
S06775,62.0,98.2,5.49,29.1,1,1,1,0,1.0,0
S06776,62.8,134.8,4.94,38.7,0,0,0,0,3.6,0
S06777,70.6,142.1,8.43,27.8,1,0,0,0,0.6,0
S06778,59.2,150.5,5.51,19.6,1,0,1,0,1.3,0
S06779,58.9,129.9,8.59,17.8,0,0,0,0,5.3,0
S06780,66.3,153.4,6.47,28.1,0,0,1,0,10.1,0
S06781,68.3,121.0,5.99,32.6,1,0,1,0,1.5,0
S06782,53.3,117.6,3.0,34.6,0,1,0,0,3.6,0
S06783,75.4,165.3,10.3,26.2,0,0,0,0,3.8,1
S06784,71.5,144.8,10.15,23.5,0,0,0,0,3.4,0
S06785,62.3,143.4,6.72,26.4,0,0,1,0,4.6,0
S06786,52.6,91.9,6.77,34.9,0,0,0,0,0.8,0
S06787,69.5,125.2,10.37,27.1,0,0,1,0,4.6,0
S06788,72.7,128.3,6.52,24.3,0,0,0,0,1.8,0
S06789,60.2,141.2,6.31,24.5,0,0,0,0,1.4,0
S06790,58.7,134.4,5.2,23.8,1,0,1,0,1.5,0
S06791,68.4,126.7,8.26,23.0,0,0,0,0,4.8,0
S06792,60.2,136.0,8.3,27.8,0,0,1,0,3.3,0
S06793,86.2,145.2,5.43,26.6,0,0,0,1,3.5,0
S06794,67.4,134.2,7.42,27.3,1,0,0,0,7.5,0
S06795,67.3,155.5,8.38,22.9,0,0,0,0,3.5,0
S06796,77.6,109.2,5.83,27.3,0,1,0,0,4.8,0
S06797,69.8,85.0,3.63,27.5,0,0,0,1,2.5,0
S06798,72.5,114.6,3.85,22.7,0,0,0,0,0.7,0
S06799,58.8,144.1,6.66,30.2,0,1,0,0,4.1,0
S06800,61.4,143.6,7.65,28.8,0,0,0,0,1.7,0
S06801,61.2,152.5,5.39,25.8,0,0,1,0,1.4,0
S06802,72.8,137.9,7.99,33.3,1,0,0,0,2.8,0
S06803,72.7,131.4,7.94,25.9,0,0,0,0,4.5,0
S06804,51.0,155.9,6.13,31.8,1,0,0,1,0.4,0
S06805,63.2,146.9,7.79,24.5,0,1,0,0,3.3,0
S06806,51.7,135.6,6.48,23.4,0,0,0,0,2.1,0
S06807,81.5,169.0,3.0,25.8,0,0,0,1,4.4,0
S06808,61.1,162.0,5.0,21.2,1,0,1,0,6.6,0
S06809,44.6,131.5,6.77,24.0,0,0,0,0,5.0,0
S06810,68.3,150.2,5.64,28.2,0,0,1,0,2.7,0
S06811,50.5,124.3,4.64,33.0,0,0,0,0,6.4,0
S06812,56.4,156.9,6.16,29.0,1,0,1,0,1.8,0
S06813,73.9,123.9,3.27,25.8,0,0,0,0,11.8,0
S06814,70.3,128.7,4.28,31.0,0,0,0,0,1.3,0
S06815,48.3,85.9,8.92,25.0,1,0,0,0,2.4,0
S06816,69.8,132.8,7.21,35.8,0,0,0,0,2.5,0
S06817,39.9,174.8,8.87,29.9,0,0,0,0,7.2,0
S06818,47.7,118.0,7.21,20.7,0,0,0,0,1.2,0
S06819,55.6,123.1,6.84,19.0,0,0,0,1,1.7,0
S06820,78.6,127.0,7.64,19.5,1,0,1,0,1.2,0
S06821,60.9,149.9,5.28,25.5,1,0,0,0,6.1,0
S06822,67.6,161.8,5.29,20.5,0,0,0,1,1.2,0
S06823,77.9,113.0,6.75,24.6,0,1,0,0,4.6,0
S06824,56.7,145.9,4.57,26.8,1,0,0,0,2.7,0
S06825,62.3,159.6,7.73,28.2,0,0,0,0,4.7,0
S06826,59.4,131.7,5.27,31.2,0,0,0,0,5.2,0
S06827,64.9,116.9,5.18,35.0,0,0,1,1,1.3,0
S06828,77.1,158.5,4.03,27.3,1,0,0,0,1.4,0
S06829,52.9,148.0,5.49,16.9,1,0,1,0,9.0,0
S06830,44.5,169.3,6.29,21.5,0,0,0,0,2.1,0
S06831,50.8,128.7,5.31,19.5,1,0,0,0,4.0,0
S06832,61.7,146.6,7.18,29.2,1,0,0,0,0.4,0
S06833,65.3,114.6,6.61,24.2,1,0,0,0,7.6,0
S06834,51.2,146.8,6.72,23.9,1,0,0,0,3.5,0
S06835,47.3,131.5,6.73,28.3,1,0,0,0,4.9,0
S06836,64.0,121.1,5.85,15.0,1,0,0,1,2.8,0
S06837,76.8,142.4,6.26,27.5,0,0,0,0,5.5,0
S06838,55.7,145.3,6.37,30.5,0,0,0,0,2.0,0
S06839,74.9,126.4,6.8,22.3,0,0,1,0,1.9,0
S06840,41.8,153.2,7.45,22.7,1,0,1,0,0.8,0
S06841,45.4,130.4,8.71,28.4,1,0,0,0,1.3,0
S06842,72.0,113.8,6.38,24.2,0,0,0,0,6.7,0
S06843,46.7,112.6,8.1,18.8,0,0,1,0,2.5,0
S06844,79.8,108.7,8.48,29.6,1,0,1,0,11.4,0
S06845,58.4,177.5,7.08,27.1,0,0,0,0,0.5,0
S06846,50.7,129.3,3.0,29.6,1,0,0,0,0.3,0
S06847,63.7,157.4,5.15,28.8,1,0,0,1,8.2,0
S06848,47.4,125.6,7.77,28.5,0,0,1,0,0.7,0
S06849,66.4,141.5,9.4,23.7,0,0,0,0,2.4,0
S06850,62.7,156.9,7.92,21.7,0,0,0,0,2.6,0
S06851,48.9,100.8,6.9,20.9,1,0,0,0,1.9,0
S06852,83.3,133.4,4.81,23.3,1,1,0,0,2.8,0
S06853,50.9,135.4,3.08,29.9,1,0,0,0,5.0,0
S06854,75.9,144.3,4.56,30.3,0,0,1,0,1.9,0
S06855,55.1,125.9,5.55,26.6,0,0,0,1,8.0,0
S06856,79.7,152.0,4.13,16.3,1,0,0,0,0.6,0
S06857,59.4,85.4,3.71,23.3,0,0,1,0,5.7,0
S06858,50.5,150.9,8.15,23.3,0,1,0,0,2.7,0
S06859,52.5,180.0,7.87,21.7,0,0,1,0,7.8,0
S06860,72.4,128.5,4.21,34.5,0,0,0,1,1.0,0
S06861,61.7,165.5,7.76,24.5,1,1,0,0,2.7,0
S06862,85.0,139.4,4.11,26.7,0,0,0,1,1.3,0
S06863,65.3,146.8,4.72,19.3,1,0,0,0,4.1,0
S06864,58.3,131.3,6.59,25.9,1,0,1,0,0.8,0
S06865,55.4,134.0,7.23,25.9,0,0,0,1,12.0,0
S06866,63.1,139.6,6.89,26.6,0,0,0,0,5.3,0
S06867,59.0,127.9,9.25,34.8,0,0,0,1,5.1,0
S06868,57.4,150.8,5.13,20.5,0,0,0,0,1.5,0
S06869,50.9,151.7,6.96,29.6,0,0,1,0,1.5,1
S06870,86.1,101.6,8.35,24.4,1,0,0,1,3.3,1
S06871,53.4,145.3,7.91,24.2,1,0,0,1,14.7,1
S06872,76.2,150.8,10.34,18.9,1,0,0,0,10.4,0
S06873,53.3,118.1,4.98,17.2,1,0,0,0,5.7,0
S06874,71.4,152.3,4.34,23.6,0,0,0,0,15.8,0
S06875,44.6,155.1,3.05,24.4,0,0,0,0,5.1,1
S06876,71.0,159.5,5.85,32.7,1,0,0,1,5.3,0
S06877,64.2,132.1,8.65,29.9,0,0,0,0,7.0,0
S06878,55.3,126.2,8.57,31.4,1,0,0,0,2.5,0
S06879,48.4,116.6,7.84,31.3,0,0,0,0,3.2,0
S06880,62.2,148.0,4.2,24.2,0,0,0,0,3.0,0
S06881,62.1,170.5,6.91,29.6,1,0,1,0,2.6,0
S06882,37.4,157.4,8.59,24.5,0,0,0,0,2.8,0
S06883,64.8,141.1,6.68,27.0,0,0,0,0,2.2,0
S06884,46.0,139.2,6.93,30.9,0,0,1,0,9.6,0
S06885,55.3,132.4,5.91,22.7,0,0,1,0,10.9,0
S06886,63.4,134.9,5.28,29.0,0,0,0,0,3.6,0
S06887,79.5,132.6,5.43,36.9,1,0,0,0,2.5,0
S06888,84.3,145.5,6.36,24.7,0,0,1,1,2.1,0
S06889,55.4,119.7,4.6,15.3,1,0,1,0,2.0,0
S06890,49.9,165.3,6.99,21.0,0,0,0,0,4.1,0
S06891,68.2,137.3,6.31,15.0,0,0,1,0,1.5,0
S06892,62.5,146.9,6.97,24.6,0,0,0,0,8.4,0
S06893,78.1,128.5,4.09,24.3,1,0,1,0,3.2,0
S06894,85.9,157.9,6.79,19.3,1,0,0,0,5.3,0
S06895,64.1,129.2,5.52,30.5,0,1,1,0,2.5,0
S06896,67.7,134.8,10.18,25.0,1,0,0,0,3.3,0
S06897,51.9,163.8,5.38,21.3,0,0,0,0,2.8,0
S06898,51.2,104.2,6.19,22.9,1,0,0,0,0.2,0
S06899,60.4,157.9,8.61,33.1,0,0,1,0,2.2,0
S06900,48.4,95.4,4.78,24.9,1,0,0,0,6.2,0
S06901,75.2,147.9,8.98,35.8,0,0,1,0,2.5,0
S06902,65.8,127.8,6.92,22.1,0,0,1,0,1.4,0
S06903,72.7,127.9,5.77,30.3,1,0,0,0,3.4,0
S06904,23.5,177.4,4.48,21.6,0,0,0,0,9.5,0
S06905,47.6,136.7,5.42,25.6,1,0,0,0,1.6,0
S06906,55.7,134.4,6.57,24.5,1,0,0,0,8.9,0
S06907,71.2,103.7,8.7,22.2,0,0,0,0,5.8,0
S06908,53.9,142.9,4.3,21.8,1,0,1,0,7.4,0
S06909,67.4,137.5,7.08,33.6,0,1,1,0,3.2,0
S06910,57.1,125.0,4.52,32.3,0,0,0,1,4.4,0
S06911,48.4,127.4,5.43,18.7,0,0,1,0,5.9,0
S06912,53.6,117.7,6.31,27.9,0,0,1,1,8.5,0
S06913,57.1,164.4,5.08,23.8,1,0,0,0,0.8,0
S06914,70.2,133.1,5.84,22.7,0,0,0,1,2.8,0
S06915,59.3,128.8,6.93,21.0,0,0,0,0,1.8,1
S06916,77.7,155.5,5.86,34.7,0,0,1,0,13.4,0
S06917,75.8,142.3,6.18,26.6,1,0,0,0,11.5,0
S06918,62.5,122.6,3.0,26.7,1,0,1,0,4.9,0
S06919,57.3,135.6,7.02,36.5,1,0,0,0,3.5,0
S06920,65.9,155.7,3.0,24.6,0,0,0,0,6.5,0
S06921,63.9,124.9,7.05,21.5,0,0,0,0,5.3,0
S06922,55.0,120.3,8.33,29.5,0,0,0,0,0.1,0
S06923,77.4,143.2,6.86,28.3,0,0,0,0,3.1,0
S06924,74.9,140.6,4.18,21.5,1,0,0,0,4.1,0
S06925,45.1,118.9,6.39,26.8,0,0,0,0,2.1,0
S06926,73.8,122.3,7.76,23.6,0,0,0,0,2.4,0
S06927,55.8,160.9,6.43,25.0,0,0,0,0,3.9,0
S06928,57.6,122.4,6.02,25.9,0,0,1,0,3.7,0
S06929,72.6,126.7,8.65,22.2,0,0,1,0,2.1,0
S06930,72.1,129.7,5.98,30.5,0,0,0,0,2.6,0
S06931,71.1,114.2,6.89,26.7,0,0,0,0,0.5,0
S06932,61.6,164.6,10.96,27.5,0,0,0,0,4.0,0
S06933,80.7,147.3,7.37,31.6,1,0,1,0,2.8,0
S06934,74.1,100.7,8.15,36.7,0,0,0,0,3.9,0
S06935,68.6,149.8,6.25,21.3,1,0,0,0,2.8,0
S06936,43.9,128.3,5.78,29.5,0,0,1,0,2.4,0
S06937,87.1,144.3,3.84,26.5,1,0,1,0,4.2,0
S06938,65.7,184.2,6.69,31.7,0,0,1,0,1.7,0
S06939,51.0,162.4,5.72,25.0,0,1,0,1,0.4,0
S06940,59.7,92.2,6.64,32.1,1,0,0,0,2.7,0
S06941,50.5,140.9,7.26,24.6,0,0,0,0,2.5,0
S06942,47.3,140.1,8.42,28.1,0,1,0,0,1.1,0
S06943,76.4,140.5,6.29,18.8,0,0,0,1,0.9,0
S06944,72.2,148.0,6.17,30.1,0,1,0,0,5.9,0
S06945,79.3,171.0,6.89,31.8,0,0,0,0,8.2,0
S06946,51.1,117.6,7.52,17.1,1,0,1,0,1.9,0
S06947,67.1,157.7,9.92,25.5,0,0,0,0,2.0,1
S06948,63.8,116.4,5.6,31.2,1,0,1,0,1.9,0
S06949,51.4,137.1,6.47,25.5,1,0,1,0,5.6,0
S06950,44.6,105.7,4.26,15.0,0,0,1,0,2.1,0
S06951,39.1,144.2,5.94,26.9,0,0,1,0,2.4,0
S06952,62.4,131.7,3.97,34.2,1,0,0,0,3.6,0
S06953,75.9,159.4,6.94,31.8,0,0,0,0,0.2,0
S06954,59.8,145.1,6.89,26.6,0,0,0,0,3.9,0
S06955,34.5,152.3,4.03,28.9,0,0,0,0,12.6,0
S06956,68.7,142.5,6.58,32.7,0,0,0,1,0.6,0
S06957,62.0,152.3,7.47,22.2,0,0,0,0,5.9,0
S06958,63.8,114.5,8.01,26.0,0,0,0,0,6.6,0
S06959,46.9,144.4,6.17,20.6,0,0,0,0,4.6,0
S06960,79.8,157.8,7.41,23.5,0,0,0,0,4.1,0
S06961,79.7,122.2,9.47,27.3,0,0,1,0,5.4,0
S06962,61.8,129.8,3.5,28.5,1,0,0,0,8.0,0
S06963,67.4,143.8,8.88,28.8,1,0,1,0,2.3,0
S06964,55.9,150.3,5.01,26.4,1,0,1,0,1.7,0
S06965,51.4,137.5,3.98,22.1,1,0,0,0,7.6,0
S06966,60.4,121.5,6.46,19.2,0,0,0,0,2.1,0
S06967,55.7,144.4,5.46,28.9,0,0,1,0,7.9,0
S06968,57.7,134.7,6.69,18.1,0,0,0,0,6.2,0
S06969,52.0,170.9,3.29,29.1,0,0,0,0,2.0,0
S06970,52.9,134.6,4.41,16.3,1,0,0,0,1.2,0
S06971,57.4,107.5,4.26,27.2,0,0,0,0,2.4,0
S06972,69.7,154.9,4.29,22.4,0,0,0,0,7.1,1
S06973,46.2,143.0,5.3,33.2,0,0,0,0,9.4,0
S06974,67.3,142.6,6.73,28.7,1,0,0,0,6.7,0
S06975,60.6,148.7,3.0,28.8,1,0,0,0,3.1,0
S06976,53.8,138.6,7.36,27.9,0,0,0,0,0.6,0
S06977,61.9,140.7,7.6,23.8,1,0,0,0,4.9,0
S06978,77.7,127.5,7.15,23.8,1,0,0,0,10.8,0
S06979,69.1,135.3,3.67,25.5,0,0,1,0,6.8,0
S06980,82.9,164.9,6.72,28.8,1,0,1,1,2.5,0
S06981,70.1,145.6,7.36,35.7,0,0,0,0,3.9,0
S06982,64.9,132.4,4.69,18.9,0,0,1,0,4.8,0
S06983,37.7,140.4,5.56,32.6,0,0,1,0,3.4,0
S06984,65.9,151.2,6.42,25.7,0,0,0,0,3.8,0
S06985,78.1,157.6,6.02,27.4,0,0,0,0,4.8,0
S06986,76.4,164.5,5.52,27.4,1,1,0,0,5.8,1
S06987,56.5,139.5,9.25,25.5,1,0,0,0,3.7,0
S06988,62.9,147.8,9.12,27.7,0,0,1,0,2.7,0
S06989,68.3,126.5,5.69,29.3,0,0,0,0,7.6,0
S06990,57.7,129.3,5.34,24.9,0,0,0,0,10.2,0
S06991,39.5,103.5,5.16,24.5,0,0,0,0,5.2,0
S06992,70.8,158.4,7.52,32.0,0,0,0,0,2.2,0
S06993,61.6,136.0,7.85,26.0,0,0,0,0,1.5,0
S06994,44.4,141.6,5.72,23.4,1,0,1,0,6.5,0
S06995,45.7,142.6,4.22,30.9,0,0,1,0,3.3,0
S06996,56.5,129.6,5.84,29.2,1,0,1,0,1.8,0
S06997,69.0,144.5,5.67,17.8,0,0,0,0,5.4,0
S06998,49.0,125.6,7.79,23.9,0,0,1,0,6.5,1
S06999,64.8,163.5,7.47,30.2,1,0,1,0,1.7,0
S07000,45.8,141.5,5.66,27.4,1,0,0,0,2.9,0
S07001,66.5,139.0,7.75,31.7,1,0,1,0,5.9,0
S07002,68.4,121.1,5.35,36.9,1,0,0,0,6.6,0
S07003,75.2,128.8,6.09,22.3,0,0,0,0,1.7,0
S07004,53.8,125.8,7.37,21.7,1,0,0,0,1.8,0
S07005,85.8,149.5,5.84,19.0,0,0,1,0,2.2,0
S07006,49.3,143.5,7.96,26.5,0,0,0,0,2.8,0
S07007,58.6,135.9,7.83,28.1,0,0,0,0,1.9,0
S07008,60.7,181.4,9.16,22.6,0,0,1,0,9.3,1
S07009,39.6,168.1,3.99,25.6,0,0,0,1,4.4,0
S07010,47.5,126.6,7.0,30.1,0,0,1,0,8.7,0
S07011,37.6,106.0,6.11,21.2,0,0,1,0,1.8,0
S07012,49.8,139.2,9.74,34.9,1,0,0,0,4.2,0
S07013,74.2,119.7,7.04,30.2,1,0,1,0,3.4,0
S07014,66.2,141.9,6.34,27.1,0,0,1,0,2.2,0
S07015,63.0,144.6,7.53,15.0,0,0,0,1,3.6,1
S07016,57.7,118.0,5.7,22.4,0,0,0,0,1.9,0
S07017,76.1,129.6,4.17,27.4,0,0,1,0,5.0,0
S07018,61.3,162.8,9.53,28.9,0,0,0,0,4.7,0
S07019,38.8,145.9,6.44,33.4,0,0,1,0,2.4,0
S07020,62.0,151.5,9.08,29.2,0,0,0,0,1.2,0
S07021,64.3,127.9,4.17,17.1,1,0,0,0,3.1,0
S07022,41.9,112.2,6.06,24.8,0,0,0,0,1.7,0
S07023,78.7,140.5,5.31,27.1,1,0,0,0,0.2,0
S07024,71.9,143.0,5.82,26.2,0,1,0,0,7.6,0
S07025,38.2,170.6,5.15,21.3,0,0,1,0,4.9,0
S07026,48.9,145.7,6.48,26.1,1,0,1,0,6.3,0
S07027,54.2,129.9,7.16,24.9,0,0,0,1,12.0,0
S07028,71.3,112.2,6.28,27.0,0,0,1,0,3.1,0
S07029,58.9,139.5,7.89,25.2,1,1,0,0,5.5,0
S07030,63.0,156.2,5.85,25.4,1,0,1,0,1.0,0
S07031,64.4,92.3,7.79,31.6,0,0,0,0,2.5,0
S07032,52.7,124.1,3.38,25.6,1,0,0,0,1.4,0
S07033,64.9,181.0,8.29,30.4,0,0,0,0,4.9,0
S07034,56.2,149.6,7.27,21.2,0,0,0,0,4.8,0
S07035,58.9,104.8,7.05,23.2,1,0,0,0,10.9,0
S07036,63.3,113.5,5.07,25.3,1,0,0,0,2.1,0
S07037,50.3,145.3,5.66,26.2,0,0,0,0,1.4,0
S07038,63.5,142.4,4.15,26.3,1,0,0,0,4.2,0
S07039,53.8,174.3,6.49,25.3,0,0,0,0,7.2,0
S07040,52.4,135.5,6.84,26.1,0,0,0,0,6.8,0
S07041,53.6,101.4,6.16,28.5,0,0,0,0,7.5,0
S07042,68.1,149.6,6.33,29.7,0,0,1,0,2.9,0
S07043,69.7,130.2,6.81,31.8,1,0,0,0,1.6,0
S07044,65.7,134.5,5.35,26.5,0,0,1,0,3.1,0
S07045,59.3,109.8,7.5,28.7,0,0,0,0,4.9,0
S07046,52.5,135.0,6.07,23.2,0,0,0,0,1.9,0
S07047,69.6,137.5,7.59,25.5,0,0,0,0,10.1,0
S07048,41.1,135.0,8.34,37.4,1,0,1,0,11.8,0
S07049,54.6,157.0,4.35,24.6,0,0,1,0,2.9,0
S07050,61.1,142.2,4.62,26.7,1,1,0,0,1.6,0
S07051,76.8,147.8,6.52,26.2,1,0,0,0,5.9,0
S07052,50.6,124.3,7.3,28.6,1,0,0,0,7.1,0
S07053,42.9,147.9,5.69,23.5,0,1,0,0,2.0,0
S07054,53.1,123.8,7.19,15.0,0,0,1,0,3.8,0
S07055,66.5,137.0,6.55,28.8,0,0,0,0,1.6,0
S07056,57.6,153.2,9.14,27.2,0,0,1,0,3.8,0
S07057,66.6,114.5,5.15,26.4,0,0,1,0,6.2,0
S07058,57.5,144.3,7.04,26.2,0,0,1,0,6.2,0
S07059,62.2,101.3,7.54,29.2,1,1,0,0,2.1,0
S07060,52.2,128.3,5.28,15.0,0,0,0,0,2.5,0
S07061,66.6,128.9,4.19,26.5,0,0,0,0,3.8,0
S07062,37.8,118.1,6.35,32.2,0,0,1,0,2.6,0
S07063,47.4,139.6,5.01,21.5,0,0,0,0,4.8,0
S07064,71.4,147.3,4.93,22.2,1,0,0,0,5.9,0
S07065,56.5,107.4,4.33,30.8,0,0,1,0,5.3,0
S07066,54.5,139.9,4.87,24.4,0,0,0,0,7.3,0
S07067,56.5,125.3,8.15,19.8,0,0,1,0,2.0,0
S07068,50.0,159.3,5.63,22.8,0,1,0,0,2.2,0
S07069,47.3,133.6,3.22,18.5,1,1,1,0,9.4,0
S07070,76.5,149.5,5.59,21.8,0,0,0,1,4.3,0
S07071,49.0,129.9,7.65,30.7,0,0,0,0,2.3,0
S07072,64.4,110.7,8.7,32.7,0,0,1,0,7.6,0
S07073,77.9,137.8,7.33,23.3,0,0,1,0,4.2,0
S07074,54.4,143.6,6.95,32.3,1,0,0,0,3.7,0
S07075,44.8,137.3,6.66,26.7,0,0,0,0,15.5,0
S07076,67.8,134.9,4.35,30.2,1,0,0,0,8.3,0
S07077,59.2,142.7,5.44,32.4,0,0,0,0,4.8,0
S07078,48.8,130.8,5.28,28.3,0,0,0,0,8.9,0
S07079,54.0,143.8,4.96,29.9,0,0,0,0,5.1,0
S07080,56.2,148.6,10.99,24.7,1,0,1,0,3.1,0
S07081,64.4,131.7,8.39,25.3,0,0,0,0,5.7,0
S07082,46.4,123.7,5.89,32.5,0,0,1,0,5.0,0
S07083,67.4,123.0,6.74,29.3,0,0,1,0,2.3,0
S07084,67.3,122.7,8.86,26.7,1,0,0,0,5.1,0
S07085,49.8,134.7,9.46,19.5,0,1,1,0,15.0,0
S07086,58.8,143.8,6.21,17.8,0,0,0,0,2.0,0
S07087,50.5,138.6,5.98,22.9,0,0,0,0,5.6,0
S07088,63.0,169.8,3.88,28.5,0,0,0,0,2.1,0
S07089,62.5,113.8,7.6,24.8,1,0,0,0,13.0,0
S07090,85.3,130.1,6.19,32.6,0,0,0,0,2.8,0
S07091,54.5,145.5,4.51,32.0,0,0,1,0,2.3,0
S07092,51.3,123.9,4.61,27.5,0,0,0,0,4.4,0
S07093,60.7,113.7,4.89,24.9,0,0,1,1,3.1,1
S07094,56.2,144.6,7.23,23.2,1,0,1,0,10.2,0
S07095,56.9,99.1,6.25,27.9,0,0,0,0,4.4,0
S07096,66.6,142.0,7.15,26.3,0,0,1,0,3.9,0
S07097,64.3,141.8,6.8,27.3,0,1,0,0,1.7,0
S07098,77.6,132.5,6.09,22.5,0,0,0,0,1.8,0
S07099,82.1,135.5,6.57,26.6,0,0,0,0,0.3,0
S07100,55.8,132.0,3.31,20.4,1,0,1,0,2.1,0
S07101,56.4,144.2,7.26,30.6,1,0,0,0,2.2,0
S07102,79.8,137.3,7.44,25.3,0,0,0,0,5.7,0
S07103,72.8,137.3,5.35,30.8,1,0,0,0,3.5,0
S07104,53.0,134.9,7.43,18.2,0,0,0,0,3.1,0
S07105,60.6,148.1,6.17,23.6,0,0,0,0,7.4,0
S07106,57.2,129.9,3.51,19.8,1,0,0,0,1.9,0
S07107,56.6,120.3,5.82,25.0,1,0,0,0,2.8,0
S07108,55.4,124.8,8.14,23.5,0,1,0,0,5.5,0
S07109,49.1,141.6,8.4,31.4,1,0,0,0,2.9,0
S07110,71.4,129.7,5.02,27.5,0,0,0,0,5.6,0
S07111,57.3,155.8,3.99,31.2,0,0,1,0,0.4,0
S07112,67.8,116.4,7.06,22.4,1,0,0,0,4.8,0
S07113,37.4,160.6,6.54,32.0,0,0,1,0,1.3,0
S07114,81.1,98.8,5.01,17.2,0,0,0,0,1.7,0
S07115,58.3,132.3,7.82,31.5,1,0,1,0,6.7,0
S07116,64.9,143.0,8.66,33.2,0,0,0,1,4.7,0
S07117,56.1,152.4,6.51,23.2,0,0,0,0,4.7,0
S07118,55.4,162.9,5.42,19.1,1,0,0,0,6.1,0
S07119,61.2,143.4,5.23,20.5,0,0,0,0,2.2,0
S07120,71.8,146.0,8.1,27.5,1,0,0,0,4.0,0
S07121,59.6,120.5,3.0,22.4,0,0,1,0,5.2,0
S07122,69.2,124.8,4.38,25.4,0,0,0,1,2.6,0
S07123,75.9,114.9,3.0,29.6,0,1,1,0,2.7,1
S07124,51.1,152.3,6.53,30.6,0,0,1,0,3.1,0
S07125,52.4,101.8,8.72,25.8,1,0,0,0,10.3,0
S07126,35.1,151.7,4.7,24.1,0,0,1,0,4.4,0
S07127,54.4,161.2,5.87,31.2,0,1,0,0,2.5,0
S07128,74.6,165.5,8.5,34.5,0,0,0,0,0.6,0
S07129,55.9,111.1,5.86,22.8,0,0,0,0,13.9,0
S07130,63.4,117.3,5.92,21.9,1,0,0,0,4.7,0
S07131,60.0,161.2,6.79,29.8,0,0,0,0,2.3,0
S07132,63.3,126.3,7.23,39.9,0,0,0,0,5.7,0
S07133,66.7,121.9,8.31,29.7,1,0,0,0,5.0,0
S07134,55.7,140.7,7.11,22.4,0,0,0,0,1.7,0
S07135,64.7,153.7,6.45,28.7,0,0,0,0,1.5,0
S07136,23.6,132.2,6.34,31.3,0,0,0,0,6.2,0
S07137,57.2,124.3,6.96,24.2,0,1,0,0,6.8,0
S07138,58.0,152.4,7.19,20.8,0,0,1,0,5.2,0
S07139,44.8,165.7,9.46,27.7,1,0,0,0,2.3,0
S07140,48.2,134.4,7.61,31.3,1,0,1,0,0.8,0
S07141,53.7,143.8,7.89,35.0,0,0,0,0,1.9,0
S07142,54.2,122.5,7.63,22.6,1,1,1,0,4.4,0
S07143,60.3,150.3,6.75,22.7,0,0,0,0,4.8,0
S07144,22.1,146.1,6.44,28.7,1,0,0,1,7.6,0
S07145,58.0,143.2,9.71,28.1,1,0,0,0,4.6,0
S07146,70.0,124.9,6.57,28.9,1,0,1,0,1.7,1
S07147,67.8,130.2,4.97,27.4,0,0,1,0,1.5,0
S07148,70.9,165.5,5.64,28.3,0,0,0,0,4.0,0
S07149,52.1,120.7,4.43,26.5,1,0,0,0,1.8,0
S07150,64.5,129.7,4.49,24.5,0,0,1,1,0.8,0
S07151,61.2,121.0,6.43,24.1,0,0,0,0,0.5,0
S07152,56.7,181.9,7.15,28.0,0,0,0,0,0.8,0
S07153,50.5,145.7,8.5,27.8,1,0,0,1,1.8,0
S07154,57.6,124.9,8.04,30.3,1,0,1,0,11.0,0
S07155,49.9,117.3,6.59,25.0,0,0,0,0,9.9,0
S07156,45.7,159.0,7.91,28.6,1,0,0,0,2.9,0
S07157,63.8,146.6,5.18,23.8,1,0,0,0,1.7,0
S07158,56.0,125.0,6.4,28.2,0,0,0,0,2.5,0
S07159,70.6,130.2,5.83,26.3,0,0,0,0,2.1,0
S07160,63.8,145.0,7.26,31.4,0,0,0,0,2.4,0
S07161,75.9,144.8,9.25,30.7,0,0,0,1,7.1,0
S07162,62.8,157.4,4.99,30.9,1,0,1,0,6.5,0
S07163,88.4,92.6,4.86,29.8,0,0,0,0,2.4,0
S07164,45.5,139.3,7.82,31.2,1,0,1,0,2.5,0
S07165,56.8,148.1,6.75,22.1,1,0,0,0,10.4,0
S07166,56.4,128.0,5.98,20.3,0,0,0,0,2.5,0
S07167,38.1,109.4,6.48,27.8,0,0,1,0,1.7,0
S07168,55.7,143.8,6.9,20.9,1,0,0,0,2.3,0
S07169,39.6,147.1,8.49,21.6,1,0,1,0,14.7,0
S07170,76.0,132.3,5.52,23.0,0,0,0,0,3.0,0
S07171,93.3,148.9,7.23,29.6,1,0,1,0,7.0,1
S07172,64.3,141.1,7.88,30.0,0,0,0,1,5.0,0
S07173,55.8,122.5,4.97,31.5,0,0,0,1,5.3,0
S07174,49.5,124.8,6.01,21.8,1,0,0,1,8.1,0
S07175,51.1,145.7,5.12,19.8,1,0,0,0,3.6,0
S07176,67.2,167.8,4.67,25.8,0,0,0,0,0.8,0
S07177,50.9,143.1,6.59,25.3,1,0,0,0,10.8,0
S07178,74.8,129.1,9.7,30.4,1,0,1,0,1.1,0
S07179,63.1,151.5,9.54,31.6,1,0,1,0,3.3,0
S07180,51.9,137.6,3.21,28.1,1,0,0,1,3.5,0
S07181,58.0,135.7,6.39,29.1,1,0,0,0,5.0,0
S07182,77.1,145.0,4.92,25.1,0,1,0,0,0.5,0
S07183,70.8,133.9,8.69,31.8,1,0,0,0,9.6,0
S07184,66.4,126.8,6.03,20.8,0,0,0,0,3.1,0
S07185,55.0,133.3,7.48,32.2,1,0,0,0,8.7,0
S07186,78.6,118.3,5.06,21.3,1,0,0,0,2.9,0
S07187,50.9,140.9,7.19,38.0,0,0,1,0,3.0,0
S07188,29.9,129.2,8.37,29.9,1,0,0,0,0.9,0
S07189,60.0,163.0,7.36,23.2,0,0,0,0,0.7,0
S07190,56.0,138.0,3.41,23.6,0,0,0,0,7.5,0
S07191,44.9,128.4,7.81,17.4,0,0,0,0,4.2,0
S07192,74.4,106.8,5.18,25.2,0,0,0,0,6.9,0
S07193,70.2,165.7,9.44,31.5,0,1,0,0,4.6,0
S07194,71.4,113.4,4.88,29.5,0,0,1,0,3.3,0
S07195,47.2,159.0,5.91,27.2,1,0,0,0,9.6,0
S07196,51.6,158.0,3.71,35.5,0,0,0,0,3.5,0
S07197,64.5,125.7,5.12,25.6,0,0,0,0,7.0,0
S07198,82.8,128.5,3.31,37.3,0,0,0,0,8.8,0
S07199,62.3,118.3,8.66,29.5,0,0,1,0,9.3,0
S07200,50.7,167.3,4.4,28.1,0,0,0,0,3.2,0
S07201,70.3,130.8,6.4,20.5,1,0,0,0,1.2,0
S07202,68.0,155.0,6.5,33.2,0,0,0,0,2.6,0
S07203,67.0,167.2,3.73,21.3,0,0,0,0,3.9,0
S07204,44.5,114.6,7.47,19.1,0,0,1,0,6.3,0
S07205,59.2,117.8,9.03,34.4,1,0,0,0,2.1,0
S07206,60.7,144.5,6.53,29.6,1,0,0,1,12.2,0
S07207,82.3,126.1,6.71,19.5,1,0,1,0,2.4,1
S07208,76.7,128.1,6.29,18.7,0,0,1,0,3.7,0
S07209,49.0,136.2,3.0,24.4,1,1,0,0,2.8,0
S07210,69.7,188.8,8.12,29.0,1,0,1,0,0.8,0
S07211,25.5,163.6,6.06,18.2,0,0,0,0,2.1,0
S07212,85.4,154.8,4.29,18.5,0,0,0,0,1.1,1
S07213,58.5,151.8,10.67,21.7,0,0,0,0,1.0,0
S07214,72.5,120.2,10.49,36.6,0,0,0,0,10.8,0
S07215,49.6,111.0,7.56,18.8,1,0,0,0,4.3,0
S07216,78.3,139.1,6.23,24.4,1,0,0,0,7.1,0
S07217,78.5,130.5,7.54,28.9,0,0,0,0,8.1,0
S07218,60.7,144.3,5.3,26.6,0,0,0,0,8.5,0
S07219,65.0,133.8,7.71,20.0,0,0,0,1,3.0,0
S07220,53.6,123.0,7.77,21.4,1,0,1,0,2.8,0
S07221,40.0,143.8,7.02,29.1,0,0,0,0,3.1,0
S07222,81.0,144.2,8.05,30.1,1,0,0,0,0.8,1
S07223,70.2,163.0,5.08,27.3,1,0,0,0,6.6,0
S07224,64.9,142.8,8.35,25.1,0,0,0,0,2.3,0
S07225,64.4,142.4,6.42,30.0,0,0,1,0,7.4,0
S07226,49.4,136.9,8.03,25.6,0,0,1,1,3.9,0
S07227,46.4,170.0,6.95,26.4,0,0,0,0,6.8,0
S07228,51.4,123.6,5.82,24.3,0,0,0,0,1.1,0
S07229,61.0,120.2,6.4,27.9,0,0,0,0,3.6,0
S07230,67.9,161.8,6.71,31.8,1,0,0,0,1.7,0
S07231,49.1,137.6,7.38,26.9,0,0,1,0,1.6,0
S07232,56.6,144.9,7.84,27.7,0,0,0,0,4.2,0
S07233,37.2,140.5,7.46,18.0,1,0,0,0,3.5,0
S07234,71.1,116.0,5.67,29.4,0,0,0,0,3.8,0
S07235,69.8,136.3,6.0,35.9,0,0,0,0,2.7,0
S07236,66.7,138.4,3.0,19.1,0,0,0,0,2.9,0
S07237,74.9,143.0,5.81,26.3,1,0,0,0,4.0,0
S07238,42.7,130.2,5.67,29.8,0,0,0,0,4.1,0
S07239,62.7,179.4,3.71,21.5,0,0,1,0,9.3,1
S07240,73.6,146.9,4.79,16.5,0,0,0,0,6.8,0
S07241,60.6,134.2,5.68,20.7,1,0,0,0,10.2,0
S07242,60.9,142.9,3.25,24.5,1,0,1,0,4.4,0
S07243,61.9,149.6,5.64,32.5,0,1,0,1,5.9,0
S07244,64.0,145.0,5.95,27.4,0,0,0,0,2.8,0
S07245,80.9,130.7,4.7,25.4,0,1,1,0,3.2,0
S07246,54.6,108.0,5.57,25.6,0,0,1,1,4.5,0
S07247,47.9,143.7,5.4,30.0,0,0,1,0,4.1,0
S07248,58.0,153.9,8.68,27.4,1,0,1,0,4.3,0
S07249,49.6,137.6,6.33,22.7,0,1,0,0,9.1,0
S07250,48.0,125.2,7.11,19.7,0,0,0,0,1.5,0
S07251,69.5,154.5,8.38,29.1,0,0,1,0,1.5,0
S07252,41.6,159.1,7.03,23.5,1,0,0,1,2.3,0
S07253,51.2,139.7,7.56,34.4,0,0,0,0,3.9,0
S07254,42.5,158.1,6.23,25.6,0,0,0,0,0.9,0
S07255,53.7,142.3,6.28,31.5,1,0,0,0,13.3,0
S07256,54.3,120.8,5.21,31.9,0,0,1,0,1.4,0
S07257,57.8,153.1,4.12,32.1,1,0,0,0,3.1,0
S07258,72.5,152.5,3.17,26.2,1,0,0,0,11.5,0
S07259,54.4,150.5,5.57,27.6,0,0,0,0,9.5,0
S07260,48.4,122.8,6.44,31.2,0,0,1,0,3.1,0
S07261,64.3,140.9,7.55,29.1,0,0,0,0,3.3,0
S07262,64.0,142.6,8.28,29.0,0,0,1,1,2.4,0
S07263,59.2,167.8,7.61,21.3,0,0,0,0,4.8,0
S07264,61.7,122.8,6.7,30.3,1,0,0,0,13.0,0
S07265,88.6,120.6,5.98,25.8,0,0,0,0,1.1,0
S07266,42.5,139.7,10.37,34.0,0,0,1,0,1.6,0
S07267,66.3,135.3,5.79,27.7,0,0,1,0,2.6,1
S07268,74.2,165.7,5.29,31.9,0,0,0,0,5.1,0
S07269,67.0,127.9,6.72,29.9,0,0,0,0,5.5,0
S07270,53.3,139.5,7.47,19.7,1,0,0,0,7.3,0
S07271,73.7,119.9,5.77,24.8,0,0,0,0,4.0,1
S07272,68.9,132.8,5.63,30.5,1,0,0,0,0.2,0
S07273,53.9,115.7,6.73,28.8,1,0,0,0,1.9,0
S07274,87.4,103.4,5.42,18.3,0,0,0,0,2.1,0
S07275,57.1,125.7,7.56,22.8,0,0,0,0,6.1,0
S07276,58.3,133.1,7.43,27.1,0,0,0,0,4.7,0
S07277,77.1,129.9,9.41,23.3,0,0,1,0,4.7,0
S07278,64.2,125.3,5.21,25.8,0,0,0,0,10.7,0
S07279,55.7,113.7,6.22,26.5,0,0,0,0,2.3,0
S07280,72.5,140.2,8.32,25.3,1,0,0,0,0.9,0
S07281,77.0,123.6,7.0,27.4,0,0,0,0,3.8,0
S07282,83.6,126.3,5.25,35.2,0,0,0,0,2.5,0
S07283,70.2,136.4,5.49,24.4,0,0,0,1,7.8,0
S07284,58.6,127.8,6.2,22.0,0,0,0,0,1.9,0
S07285,67.5,163.2,5.79,25.1,0,0,0,0,5.8,0
S07286,60.0,151.1,7.85,29.0,0,0,0,0,5.9,0
S07287,61.7,107.9,7.03,22.5,0,0,0,0,1.0,0
S07288,59.6,159.5,8.14,29.5,0,1,0,0,2.2,0
S07289,55.4,125.9,6.12,29.3,0,1,0,1,7.6,0
S07290,51.4,115.0,6.33,27.2,0,0,0,0,5.5,0
S07291,63.1,143.3,7.54,28.7,1,0,0,0,4.9,0
S07292,61.3,145.7,4.49,26.2,1,0,0,0,5.1,0
S07293,53.9,128.7,8.15,39.9,0,0,0,0,5.5,0
S07294,54.6,130.4,7.2,17.2,0,0,1,0,2.2,0
S07295,66.5,119.2,4.27,19.0,1,0,0,0,8.5,0
S07296,56.6,140.2,8.47,24.5,0,0,1,0,2.9,0
S07297,66.9,148.9,9.56,18.4,0,0,0,0,10.3,0
S07298,55.7,104.9,8.77,23.9,1,1,0,0,5.9,0
S07299,45.4,105.8,6.76,26.0,1,0,0,1,3.2,0
S07300,36.5,128.1,6.1,16.7,0,0,0,0,6.7,0
S07301,57.1,122.8,3.0,17.9,0,0,0,0,8.0,0
S07302,68.3,157.4,6.51,25.1,0,0,1,1,2.3,0
S07303,58.1,164.4,9.06,29.0,1,0,0,0,0.2,0
S07304,49.3,141.0,9.19,24.0,1,0,0,0,10.9,0
S07305,75.7,126.7,7.96,24.3,1,0,0,0,1.3,0
S07306,41.2,110.7,7.09,31.9,1,0,0,0,9.7,0
S07307,60.1,106.5,10.19,27.4,1,0,0,0,3.2,0
S07308,41.1,168.6,7.37,32.8,0,0,0,0,0.8,0
S07309,49.4,94.4,5.57,31.7,1,0,0,0,0.6,0
S07310,65.2,163.0,10.52,30.8,0,0,0,0,1.4,0
S07311,47.4,156.6,9.59,24.0,0,0,0,0,2.0,0
S07312,59.4,113.7,3.49,25.9,0,0,1,0,1.8,0
S07313,48.1,153.8,7.53,17.1,0,0,0,0,0.8,0
S07314,60.0,134.1,6.82,23.5,0,0,0,0,1.6,0
S07315,78.9,156.6,9.93,23.9,1,0,1,0,3.2,0
S07316,65.9,120.8,6.57,18.3,1,0,1,0,2.0,0
S07317,74.8,157.4,5.72,20.9,0,0,0,0,1.5,0
S07318,41.3,96.4,6.7,24.0,0,0,1,0,0.8,0
S07319,68.2,157.3,8.0,32.8,0,0,0,0,3.5,0
S07320,80.2,157.9,6.02,27.5,0,0,0,0,6.6,0
S07321,55.2,160.2,5.88,31.2,0,0,1,0,7.8,0
S07322,62.0,147.1,5.42,28.9,0,0,0,0,1.1,0
S07323,65.4,139.6,6.76,19.0,1,0,0,0,4.0,0
S07324,67.5,138.1,4.23,29.5,0,1,0,0,3.7,0
S07325,64.6,145.4,6.22,24.7,0,0,0,0,3.6,0
S07326,60.0,128.1,4.1,29.5,0,0,0,0,1.4,0
S07327,78.7,145.6,9.44,26.9,0,0,0,0,2.5,0
S07328,55.0,114.0,8.99,18.5,0,0,0,0,4.1,0
S07329,66.7,160.8,4.84,29.9,1,0,1,0,4.8,0
S07330,57.6,164.2,9.48,23.7,0,0,0,1,1.8,0
S07331,51.2,134.5,6.9,26.2,1,0,1,1,2.5,0
S07332,71.2,130.2,5.62,21.8,0,1,0,0,0.6,0
S07333,84.2,131.6,5.99,29.4,1,0,0,0,3.3,0
S07334,33.2,139.6,5.19,20.2,1,0,1,0,7.5,0
S07335,78.7,127.7,5.9,29.2,1,0,0,0,2.6,0
S07336,86.5,148.9,7.39,27.8,0,0,1,0,1.0,0
S07337,74.9,125.9,3.9,18.8,1,1,0,0,7.1,0
S07338,56.8,119.4,7.08,30.5,0,0,0,0,3.2,0
S07339,58.3,154.1,5.57,27.5,0,0,0,0,9.2,0
S07340,56.1,106.0,8.82,28.5,1,0,0,0,5.0,0
S07341,65.1,118.6,9.05,27.2,0,0,0,0,3.1,0
S07342,62.3,152.6,7.42,22.0,0,0,0,0,1.5,0
S07343,57.7,138.9,6.69,30.9,1,0,0,0,1.2,0
S07344,52.2,141.5,7.57,31.9,0,0,0,0,1.2,0
S07345,72.2,139.4,7.72,27.1,0,0,0,0,3.5,0
S07346,60.5,156.2,7.58,27.8,0,0,0,0,6.6,0
S07347,82.8,121.4,7.21,30.1,0,0,0,0,2.5,0
S07348,47.0,116.1,5.67,33.9,0,0,0,0,1.9,0
S07349,59.0,143.9,6.24,24.2,0,0,1,0,5.8,0
S07350,65.8,147.2,4.52,26.2,1,0,0,0,0.4,0
S07351,61.0,134.5,5.98,27.0,0,1,0,0,3.4,0
S07352,74.4,126.4,4.17,38.3,1,0,0,0,9.6,0
S07353,69.8,140.9,5.41,31.7,0,0,1,1,8.2,1
S07354,63.0,137.3,3.26,27.0,0,0,0,0,6.5,0
S07355,45.3,133.8,4.31,24.7,0,0,1,0,3.6,0
S07356,45.8,141.8,6.68,22.2,1,1,0,0,3.0,0
S07357,47.6,153.1,6.58,29.1,1,0,1,0,1.5,0
S07358,54.5,137.3,5.18,23.5,1,1,1,0,3.4,0
S07359,66.0,148.2,3.0,26.4,1,0,0,0,1.7,0
S07360,74.6,169.5,5.89,17.7,1,0,1,0,0.9,1
S07361,65.9,113.4,3.0,31.8,1,0,1,0,3.8,0
S07362,69.0,139.7,5.15,34.3,0,0,0,0,6.1,0
S07363,72.2,153.8,3.0,19.1,0,0,0,0,5.3,0
S07364,51.4,153.6,6.46,36.2,1,0,0,1,1.1,0
S07365,49.3,120.4,8.48,22.4,0,0,0,0,2.3,0
S07366,42.9,89.9,10.11,30.1,0,0,1,0,1.0,0
S07367,69.8,140.3,8.22,28.6,0,1,0,0,4.7,1
S07368,65.3,115.9,6.98,22.7,0,0,0,0,6.0,0
S07369,68.4,157.3,4.97,30.7,0,0,0,0,8.0,0
S07370,51.7,162.5,7.16,27.4,0,0,0,0,2.8,0
S07371,68.6,151.3,8.5,23.9,1,0,0,0,5.7,0
S07372,86.2,129.1,3.0,23.2,1,0,1,1,1.8,0
S07373,49.4,175.2,7.53,21.6,0,0,0,0,4.5,0
S07374,54.6,160.1,6.69,30.2,1,0,1,0,1.8,0
S07375,59.0,156.8,5.08,39.9,0,0,0,0,3.1,0
S07376,44.0,99.1,8.33,20.0,1,0,0,0,2.9,0
S07377,51.6,97.9,5.53,24.4,0,0,1,0,2.1,0
S07378,66.2,142.5,9.38,18.5,0,0,0,0,10.5,0
S07379,62.7,134.3,7.16,30.4,1,1,0,0,2.9,0
S07380,57.3,139.2,4.89,20.9,0,0,0,0,1.4,0
S07381,36.8,149.5,8.49,30.7,0,0,0,1,2.3,1
S07382,43.4,148.0,4.96,26.5,0,0,0,0,3.9,0
S07383,40.9,130.3,8.3,27.0,0,0,0,0,2.4,0
S07384,68.3,116.2,4.14,28.0,0,0,1,0,5.8,0
S07385,69.2,144.0,3.0,30.5,0,0,0,0,11.0,0
S07386,55.1,133.8,6.79,24.8,0,0,0,0,5.1,0
S07387,70.2,134.8,5.35,27.0,1,0,0,0,1.5,0
S07388,68.9,152.8,6.43,19.5,1,0,0,0,2.1,0
S07389,48.0,146.5,7.81,26.4,0,0,1,0,4.4,0
S07390,75.2,149.8,5.21,30.2,1,0,0,1,1.7,0
S07391,71.6,139.6,8.49,18.6,0,1,0,1,1.7,1
S07392,59.3,148.0,6.83,24.3,0,0,0,0,4.3,0
S07393,70.2,150.9,4.41,28.0,0,1,0,1,3.3,0
S07394,55.0,141.0,6.4,21.7,1,0,0,0,3.8,0
S07395,54.3,152.8,4.27,23.0,0,0,0,0,7.2,0
S07396,53.6,143.3,7.06,26.3,0,0,0,0,2.0,0
S07397,53.2,108.3,6.19,31.3,0,0,0,0,1.3,0
S07398,52.2,108.9,5.04,17.1,0,0,0,0,0.5,0
S07399,60.3,171.7,8.43,40.6,0,0,0,0,3.2,0
S07400,54.2,147.4,9.24,30.1,1,1,0,0,11.0,0
S07401,74.2,158.0,5.88,31.7,0,0,0,0,6.4,0
S07402,64.0,140.6,4.96,30.3,0,0,1,0,5.7,0
S07403,47.0,146.5,7.83,25.6,1,0,1,0,5.8,0
S07404,63.4,144.6,8.64,27.1,0,0,0,0,2.3,0
S07405,48.3,140.6,7.73,30.7,0,1,0,0,0.4,0
S07406,65.4,157.8,3.0,27.6,1,0,0,0,1.1,0
S07407,53.3,128.6,5.92,29.6,0,0,0,0,5.6,0
S07408,53.2,160.3,4.63,27.1,1,0,1,0,7.4,0
S07409,52.2,130.7,8.63,32.7,0,0,0,0,6.0,0
S07410,49.4,139.8,8.6,24.4,0,0,1,0,1.7,0
S07411,45.9,120.7,3.85,27.0,0,0,0,0,2.6,0
S07412,55.6,129.0,7.82,20.3,0,0,0,0,1.7,0
S07413,61.0,151.7,6.2,27.7,1,0,0,0,2.1,0
S07414,43.5,142.6,6.25,21.4,0,0,0,0,6.3,0
S07415,54.5,107.5,8.34,28.8,0,0,0,0,1.8,0
S07416,60.1,161.2,7.66,24.8,1,0,1,0,4.3,0
S07417,53.7,129.6,7.73,26.5,1,0,0,0,6.6,0
S07418,58.0,107.2,8.64,24.3,1,0,0,0,4.6,0
S07419,67.2,95.2,5.62,27.3,0,0,0,0,5.2,0
S07420,72.3,114.8,6.69,29.7,0,0,0,0,0.8,0
S07421,58.8,156.3,9.62,28.2,0,0,0,1,4.0,0
S07422,43.1,126.4,4.46,24.6,0,0,0,0,2.2,0
S07423,52.6,124.9,9.08,28.4,0,0,0,0,7.6,0
S07424,37.0,141.3,7.01,30.7,0,0,0,0,0.6,0
S07425,61.5,137.3,6.84,21.7,0,0,0,0,5.9,0
S07426,59.7,163.2,6.96,29.8,0,0,0,0,5.8,0
S07427,33.0,162.1,6.08,26.9,0,0,1,0,4.8,0
S07428,72.8,110.4,7.43,22.4,1,0,1,0,2.0,0
S07429,45.7,166.8,5.1,24.6,0,0,0,0,2.9,0
S07430,50.0,138.9,5.36,28.7,1,0,0,0,1.9,0
S07431,60.8,126.4,4.84,26.7,1,0,0,0,15.1,0
S07432,39.0,135.5,7.13,31.1,1,0,1,0,6.6,0
S07433,56.7,149.8,8.79,26.4,1,0,1,0,1.8,0
S07434,69.1,141.8,3.0,26.8,0,0,0,0,4.0,0
S07435,80.7,118.1,7.25,33.5,1,0,0,0,1.0,0
S07436,50.1,136.8,8.55,33.7,0,0,0,0,8.0,0
S07437,75.2,135.9,5.73,30.2,1,1,1,0,6.7,1
S07438,62.1,137.2,8.44,20.0,0,0,0,0,3.7,0
S07439,52.2,113.0,6.4,28.2,0,0,0,0,0.8,0
S07440,50.0,137.1,5.16,25.3,0,0,1,0,10.2,0
S07441,64.0,93.3,5.43,30.4,1,0,0,0,3.0,1
S07442,74.4,151.2,3.0,26.9,0,0,1,0,3.2,1
S07443,39.6,181.3,5.17,33.3,1,0,0,0,0.9,0
S07444,79.5,153.6,8.77,23.4,0,0,0,0,6.8,0
S07445,89.3,140.1,8.15,19.9,0,0,0,0,4.3,0
S07446,67.7,141.7,7.16,32.8,1,0,0,1,6.5,0
S07447,56.3,134.9,7.81,28.5,1,0,0,0,1.4,0
S07448,75.6,94.0,7.96,31.4,0,0,0,0,1.6,0
S07449,71.0,153.3,6.57,27.2,0,0,0,0,5.4,0
S07450,58.6,158.8,7.87,29.4,0,0,1,0,1.2,0
S07451,80.7,126.9,6.7,34.7,0,0,0,0,1.1,0
S07452,39.7,160.3,8.26,30.6,1,0,1,0,4.4,0
S07453,45.1,144.0,5.83,29.1,0,0,1,0,10.4,0
S07454,78.9,150.8,4.51,22.3,0,0,0,0,3.4,0
S07455,47.6,152.3,3.66,24.1,1,0,0,0,6.1,0
S07456,71.8,149.3,3.0,25.2,1,0,1,0,6.3,0
S07457,42.5,143.7,4.52,27.9,1,0,0,0,8.2,0
S07458,60.9,125.4,6.43,21.6,1,0,0,0,7.9,0
S07459,64.5,134.1,3.29,21.2,0,0,1,0,4.4,0
S07460,54.2,154.8,6.11,25.7,0,0,0,0,0.5,0
S07461,53.5,146.2,6.74,29.5,0,0,1,0,3.3,0
S07462,48.9,144.2,3.81,27.9,0,0,0,0,3.3,0
S07463,84.8,117.6,5.72,29.7,1,1,0,0,0.9,0
S07464,65.2,150.0,6.74,31.0,0,0,0,0,2.3,0
S07465,71.7,126.9,6.41,29.7,1,0,1,0,6.5,1
S07466,72.9,144.8,6.21,27.5,1,0,0,0,3.3,0
S07467,63.3,146.7,7.19,24.7,0,0,0,0,2.2,0
S07468,34.1,108.9,5.97,32.3,0,0,1,0,4.3,0
S07469,44.9,114.3,7.7,17.8,1,0,0,0,10.3,0
S07470,65.5,125.8,6.68,22.8,0,0,0,0,9.4,0
S07471,49.3,115.2,8.4,17.1,0,0,1,0,0.7,0
S07472,72.5,152.9,5.91,23.7,0,0,0,0,4.0,0
S07473,56.5,122.4,6.66,23.6,1,0,0,0,5.3,0
S07474,66.5,152.6,6.23,26.8,0,0,0,1,0.1,0
S07475,72.3,141.2,7.85,24.0,0,0,0,0,13.6,0
S07476,63.5,121.8,6.22,32.1,1,1,0,0,0.5,0
S07477,50.7,143.7,3.0,36.7,1,0,1,1,0.3,0
S07478,67.1,111.7,9.12,22.2,1,0,0,0,3.7,1
S07479,49.9,142.0,8.79,23.0,0,0,0,0,1.0,0
S07480,57.7,148.4,8.14,23.9,0,0,0,0,11.5,0
S07481,58.9,132.1,8.07,28.7,0,0,1,0,1.1,0
S07482,63.1,148.7,5.0,32.8,0,0,0,0,3.0,0
S07483,50.0,116.5,5.22,18.0,0,1,1,1,1.5,0
S07484,54.2,155.1,3.96,34.0,0,0,0,0,5.5,0
S07485,59.5,124.5,8.57,25.9,1,0,0,0,8.7,0
S07486,56.1,106.2,7.3,27.9,0,0,1,0,1.3,1
S07487,63.6,118.9,5.23,32.8,1,0,1,1,20.0,1
S07488,41.8,128.1,8.41,17.9,0,0,0,0,2.4,0
S07489,61.7,140.8,5.26,22.5,1,0,0,0,3.4,0
S07490,63.8,122.5,6.47,22.3,0,0,0,0,5.7,0
S07491,42.9,113.3,3.87,16.3,0,0,0,0,4.6,0
S07492,69.8,141.9,5.35,29.3,0,1,0,0,4.0,1
S07493,36.8,132.7,5.14,27.4,0,0,0,0,4.2,0
S07494,68.8,141.4,6.74,27.9,0,0,0,0,1.7,0
S07495,68.8,122.4,8.41,26.8,0,0,0,0,5.1,0
S07496,59.2,112.5,7.88,28.8,0,0,1,0,2.7,0
S07497,37.5,139.3,6.15,25.6,0,0,0,0,8.6,0
S07498,83.4,120.0,3.86,24.9,0,0,0,0,1.7,0
S07499,75.0,148.2,4.96,22.7,0,0,0,0,10.4,0
S07500,66.4,148.5,5.18,15.0,0,0,0,0,2.2,0
S07501,71.2,105.9,6.74,26.4,0,0,1,0,0.9,0
S07502,48.1,150.1,3.68,29.1,1,0,0,1,3.8,0
S07503,73.8,125.4,4.99,29.6,0,0,0,0,4.7,0
S07504,68.2,155.1,8.06,25.4,0,0,0,0,4.6,0
S07505,85.0,133.6,7.66,27.7,0,0,0,0,11.7,0
S07506,59.3,101.8,7.02,27.0,0,0,0,0,4.6,0
S07507,55.0,119.8,3.0,29.2,0,0,0,0,3.9,0
S07508,44.6,131.2,6.6,24.3,1,0,0,1,5.3,1
S07509,65.3,135.8,7.76,30.3,1,0,1,1,5.9,0
S07510,55.9,147.0,7.99,27.2,0,0,0,0,1.3,0
S07511,54.3,159.4,5.26,27.3,0,0,0,1,2.8,0
S07512,44.9,133.7,6.77,29.6,0,0,1,0,2.4,0
S07513,52.8,138.8,4.51,27.4,0,0,1,0,0.6,0
S07514,79.1,132.0,6.67,29.5,0,0,1,1,0.5,0
S07515,60.7,104.7,3.27,31.1,0,0,0,0,6.2,0
S07516,64.4,120.8,5.32,23.1,0,0,0,0,10.5,0
S07517,57.9,143.1,6.93,24.0,1,0,1,0,1.4,0
S07518,54.2,146.3,6.82,36.3,1,0,0,0,1.7,0
S07519,70.3,141.3,6.38,28.3,0,0,1,0,1.5,0
S07520,69.3,150.9,5.59,29.5,0,0,0,0,11.2,0
S07521,59.0,115.8,7.74,26.4,0,0,1,1,3.1,0
S07522,69.3,135.7,6.64,25.4,0,0,0,0,4.3,0
S07523,49.5,129.1,6.97,28.2,0,0,0,0,0.8,0
S07524,77.2,119.3,6.73,33.3,0,0,0,0,3.4,0
S07525,58.3,144.0,4.86,29.7,0,0,0,1,1.5,0
S07526,62.8,106.3,4.34,30.6,1,0,1,1,2.1,0
S07527,50.7,152.0,5.07,26.2,0,0,0,0,4.2,0
S07528,61.6,126.3,7.17,22.3,0,0,0,0,1.8,1
S07529,49.0,153.1,6.0,26.6,0,0,1,0,0.6,0
S07530,70.5,137.9,6.5,21.2,1,0,0,0,5.8,0
S07531,52.3,116.9,6.63,15.0,0,0,0,0,4.7,0
S07532,62.3,146.4,5.65,25.6,1,0,0,0,2.1,0
S07533,54.6,121.0,10.33,21.7,1,0,1,0,6.3,1
S07534,61.5,129.6,6.94,30.4,1,1,0,0,0.9,0
S07535,48.9,153.8,6.12,37.1,1,0,0,0,4.6,0
S07536,53.0,147.3,9.71,18.1,0,0,1,0,2.1,0
S07537,66.1,132.8,8.48,19.8,1,0,0,0,7.9,0
S07538,64.2,155.2,5.95,27.1,0,0,0,0,1.4,0
S07539,65.5,149.9,6.87,32.9,1,0,0,0,2.7,1
S07540,91.3,152.3,4.9,24.4,1,0,0,0,5.8,0
S07541,53.9,114.0,4.13,33.9,0,0,0,0,1.1,0
S07542,34.0,160.9,7.27,27.1,1,0,0,0,2.2,0
S07543,42.5,137.0,6.68,21.9,0,0,0,1,0.4,0
S07544,64.0,131.6,6.21,22.1,0,0,1,0,1.5,0
S07545,67.7,127.1,5.38,27.1,1,0,0,0,1.4,0
S07546,32.4,101.1,9.14,25.2,1,0,1,1,2.0,0
S07547,50.2,99.1,8.11,28.9,0,0,0,0,3.5,0
S07548,68.3,163.3,4.23,33.5,0,0,0,0,2.6,0
S07549,76.6,110.7,11.19,26.0,0,0,0,0,2.3,0
S07550,47.4,99.2,3.86,20.0,1,0,1,1,12.6,0
S07551,70.4,132.9,7.83,24.7,0,0,0,0,1.9,0
S07552,50.9,151.4,6.47,24.6,1,0,1,0,8.2,0
S07553,66.2,137.9,9.52,19.0,1,0,0,1,1.4,0
S07554,65.5,170.9,5.13,25.5,0,0,0,0,2.1,0
S07555,73.9,129.1,7.96,29.6,1,0,0,0,1.5,1
S07556,65.9,121.5,4.39,19.4,1,0,0,0,4.6,0
S07557,58.8,180.9,5.8,27.3,1,0,1,0,4.0,0
S07558,49.8,151.2,4.62,21.2,0,0,1,1,3.0,0
S07559,57.3,125.8,6.91,27.5,0,0,0,1,12.2,0
S07560,53.5,102.8,3.0,30.1,0,0,0,0,4.7,0
S07561,81.0,109.2,5.51,28.3,0,0,0,0,11.1,0
S07562,71.6,139.7,4.56,28.3,0,0,0,1,3.0,0
S07563,32.0,159.0,9.5,22.0,0,0,0,0,4.1,0
S07564,57.5,142.5,6.2,34.1,0,0,1,0,6.8,0
S07565,62.1,142.8,3.0,27.6,0,0,0,0,2.0,0
S07566,41.3,95.6,7.51,23.1,1,0,1,0,12.8,0
S07567,74.6,129.7,3.9,25.5,0,0,0,0,3.6,0
S07568,83.0,143.4,9.14,27.0,0,0,1,0,8.3,0
S07569,62.3,117.4,8.66,26.0,1,0,0,1,0.3,0
S07570,54.0,142.3,6.29,30.0,0,0,1,0,2.8,0
S07571,60.5,151.6,7.03,31.1,1,1,0,0,4.9,0
S07572,91.2,172.1,7.14,20.4,1,0,0,1,5.3,0
S07573,81.8,158.0,9.21,28.8,0,0,0,0,16.2,0
S07574,51.0,146.0,4.02,28.5,0,1,0,0,11.5,0
S07575,69.5,112.5,6.07,38.6,1,0,1,0,0.4,0
S07576,59.2,100.6,5.67,24.6,0,0,1,0,11.1,0
S07577,67.7,134.3,8.64,26.6,1,0,0,1,1.4,0
S07578,88.7,122.7,5.29,24.8,0,0,0,0,4.1,0
S07579,45.9,134.8,3.0,26.1,1,0,0,1,0.6,0
S07580,71.0,146.9,4.78,27.2,0,1,1,0,7.5,0
S07581,68.2,164.7,9.07,21.9,0,0,0,0,8.2,0
S07582,67.5,147.0,8.45,24.2,0,0,1,0,4.2,0
S07583,37.6,156.0,5.23,22.8,0,0,0,1,3.6,0
S07584,78.7,161.7,6.41,24.6,1,0,1,0,5.0,0
S07585,78.5,112.3,5.21,30.7,1,0,0,0,9.8,0
S07586,65.6,112.8,5.56,24.6,1,0,1,0,3.9,0
S07587,64.9,134.2,3.16,25.4,0,0,1,0,2.7,0
S07588,59.3,112.5,4.52,26.0,1,0,0,0,5.7,0
S07589,72.8,154.6,8.94,21.3,0,0,0,0,6.0,0
S07590,67.3,172.0,7.35,25.4,0,0,1,0,3.2,0
S07591,66.3,142.2,6.13,25.0,0,0,0,0,4.8,0
S07592,65.9,134.4,6.93,31.1,0,0,0,0,1.9,0
S07593,80.9,117.5,7.84,26.6,0,0,0,0,3.1,0
S07594,43.2,131.1,7.34,22.4,1,0,0,0,2.9,0
S07595,52.0,121.0,9.61,24.0,0,0,0,0,2.6,0
S07596,77.2,128.1,6.08,25.7,0,0,1,0,5.2,0
S07597,45.7,114.5,4.9,21.9,0,0,0,0,3.6,0
S07598,59.1,148.7,4.93,22.7,1,0,0,0,2.4,0
S07599,66.6,152.1,6.88,22.5,0,0,0,0,3.7,0
S07600,33.5,135.5,7.76,26.3,1,0,0,0,2.2,0
S07601,53.0,149.8,7.53,34.6,1,0,1,0,5.9,0
S07602,54.5,168.5,6.33,27.6,0,1,0,0,1.1,0
S07603,71.1,151.8,4.57,26.3,1,0,0,0,2.1,0
S07604,64.3,148.8,6.4,34.9,0,1,1,0,1.1,0
S07605,84.0,138.0,6.62,24.2,0,0,1,0,2.2,0
S07606,59.7,172.9,8.6,28.5,1,0,0,0,7.1,0
S07607,55.5,122.7,4.54,25.2,0,0,0,0,4.6,0
S07608,45.7,135.0,5.67,21.7,0,0,0,0,1.4,0
S07609,48.6,127.9,8.65,25.0,0,0,0,0,10.2,0
S07610,51.6,134.8,7.31,28.9,1,0,0,0,4.3,0
S07611,51.0,168.4,9.66,32.7,0,0,0,1,1.1,0
S07612,53.2,144.8,4.53,26.1,0,0,1,0,2.1,0
S07613,74.4,108.5,8.1,26.4,1,1,0,0,1.5,0
S07614,52.3,137.9,7.32,27.4,0,0,1,0,4.0,0
S07615,58.4,165.9,5.55,21.6,0,0,0,0,0.7,0
S07616,48.6,126.3,6.07,26.3,0,0,1,0,6.2,0
S07617,46.0,150.7,7.09,31.0,0,0,0,0,12.3,0
S07618,74.7,131.6,3.52,37.9,1,0,0,0,5.3,0
S07619,64.7,144.5,6.39,27.4,1,1,1,0,0.3,0
S07620,64.1,130.9,4.56,27.6,0,0,0,0,9.0,0
S07621,57.0,106.9,4.81,21.3,0,1,0,0,0.6,0
S07622,61.0,175.5,7.11,23.8,0,0,1,0,7.5,0
S07623,73.8,104.7,4.13,27.5,1,0,0,0,2.7,0
S07624,65.7,122.4,5.63,25.9,1,0,0,0,8.1,0
S07625,66.9,160.4,7.14,26.0,0,1,1,0,3.0,0
S07626,75.9,135.6,6.06,32.1,0,1,0,0,3.2,0
S07627,64.5,134.3,4.41,21.4,1,1,0,0,6.0,1
S07628,77.9,149.9,5.07,28.3,0,0,1,0,1.8,0
S07629,51.0,134.5,3.54,17.8,1,0,0,0,0.7,0
S07630,71.4,142.9,9.77,29.3,0,0,0,1,4.3,0
S07631,65.6,91.8,6.5,20.1,1,0,0,0,2.1,0
S07632,62.7,159.3,5.37,22.0,0,0,1,0,3.4,0
S07633,55.1,134.0,5.21,22.0,0,0,1,0,5.4,0
S07634,81.4,168.9,4.95,24.7,0,0,0,0,6.5,0
S07635,53.9,175.7,5.84,21.5,0,0,0,0,7.4,0
S07636,49.9,108.5,5.39,28.0,0,0,0,0,5.8,0
S07637,64.3,127.2,5.4,31.1,1,0,1,0,1.6,1
S07638,69.6,146.7,6.88,28.2,1,0,0,1,5.3,0
S07639,49.2,166.5,7.57,24.6,1,0,1,0,4.4,0
S07640,65.2,157.8,4.03,15.0,0,0,0,0,0.7,0
S07641,69.3,123.6,7.11,26.6,0,0,0,0,4.0,0
S07642,64.4,104.9,5.35,33.4,0,0,0,0,9.1,0
S07643,54.5,140.4,7.69,25.7,1,0,1,0,4.4,0
S07644,43.8,141.7,5.95,24.3,0,0,0,0,0.1,0
S07645,63.2,121.4,9.85,19.5,0,0,0,0,7.3,0
S07646,72.4,142.0,5.32,27.9,1,0,0,0,12.0,0
S07647,72.1,110.2,6.22,23.0,0,0,0,0,2.9,1
S07648,81.1,135.6,5.91,31.0,0,0,0,0,9.2,0
S07649,63.0,159.5,5.24,29.5,0,0,1,0,6.1,0
S07650,76.9,119.4,6.52,24.3,1,0,0,0,4.1,0
S07651,49.6,139.4,7.07,25.4,0,0,0,0,9.2,0
S07652,57.1,115.7,8.59,24.9,0,0,0,0,5.1,0
S07653,74.5,113.4,6.62,31.2,0,0,0,0,6.9,0
S07654,73.6,123.4,7.36,41.8,0,1,1,0,3.2,0
S07655,68.0,160.0,4.47,20.9,1,0,0,0,3.6,0
S07656,45.7,153.2,7.03,21.1,0,0,0,1,6.0,0
S07657,67.1,129.3,5.65,18.8,1,0,1,1,2.1,0
S07658,64.7,164.8,8.98,28.9,0,1,0,0,4.5,0
S07659,71.9,159.0,5.81,26.6,0,0,0,0,1.0,0
S07660,54.5,104.4,5.11,28.1,1,0,0,0,3.8,0
S07661,50.2,140.5,6.72,30.0,1,1,0,0,1.0,0
S07662,36.7,129.6,7.28,29.6,1,0,0,0,5.2,0
S07663,89.8,149.4,6.0,30.4,0,0,0,0,2.4,0
S07664,66.3,147.9,6.19,19.3,1,0,1,0,4.5,0
S07665,84.0,119.3,8.17,22.5,1,1,0,0,2.6,0
S07666,49.7,134.8,5.0,21.1,0,1,0,0,3.7,0
S07667,50.7,145.9,4.14,19.1,1,0,0,0,3.1,0
S07668,75.7,147.6,7.72,29.1,0,0,0,0,2.5,0
S07669,78.5,143.3,6.24,31.4,0,0,1,0,9.2,1
S07670,64.7,136.0,5.29,46.2,0,0,0,0,2.9,0
S07671,53.7,140.5,8.88,25.1,1,0,1,0,1.6,0
S07672,55.8,122.9,5.81,20.2,0,0,1,0,3.8,0
S07673,49.7,159.8,7.79,30.0,0,0,0,0,2.8,0
S07674,36.3,101.4,7.04,19.2,0,0,0,0,3.5,0
S07675,66.1,148.2,9.6,20.9,0,0,0,1,2.5,0
S07676,56.0,140.0,8.6,29.9,0,0,0,0,1.5,0
S07677,78.0,149.7,4.07,22.7,0,0,0,0,4.6,0
S07678,66.1,146.1,4.6,20.4,0,0,0,0,1.5,0
S07679,51.8,121.2,3.64,36.2,1,0,0,0,5.0,0
S07680,43.5,110.8,7.94,24.2,0,0,0,0,4.2,0
S07681,64.9,139.6,7.56,30.5,0,1,1,0,6.3,0
S07682,49.9,149.2,4.87,30.6,0,0,0,0,0.6,0
S07683,64.2,139.5,8.45,31.3,0,0,0,0,2.2,0
S07684,77.3,103.5,6.4,27.2,0,0,1,0,4.2,0
S07685,73.9,153.5,6.84,25.5,0,0,0,0,16.6,0
S07686,58.8,132.4,5.61,18.7,0,0,0,0,6.8,0
S07687,50.8,108.4,3.85,22.3,1,0,1,0,5.1,0
S07688,55.2,135.3,4.75,31.3,0,0,1,0,5.5,0
S07689,64.6,159.9,4.9,31.7,1,0,0,0,3.6,0
S07690,68.8,119.8,6.59,22.3,0,0,0,0,1.0,0
S07691,56.1,149.2,8.75,25.9,0,0,0,0,1.4,0
S07692,66.5,143.1,4.61,17.9,0,0,1,1,1.2,0
S07693,66.8,122.2,8.93,20.6,1,0,1,0,4.6,0
S07694,64.6,148.9,8.08,21.2,1,0,0,0,3.4,0
S07695,69.3,145.9,3.94,23.3,0,0,1,0,3.1,0
S07696,29.2,130.6,7.25,28.7,1,0,0,1,2.1,0
S07697,65.7,141.5,8.07,22.7,0,0,0,0,3.0,0
S07698,66.4,142.0,4.67,26.8,1,1,0,0,3.1,0
S07699,85.5,110.9,5.37,37.4,1,1,0,0,1.0,0
S07700,37.9,130.1,7.38,24.2,0,0,0,1,2.0,0
S07701,63.2,124.2,6.47,21.0,1,0,0,0,2.0,0
S07702,71.4,138.6,6.97,27.5,0,0,0,0,5.9,0
S07703,48.6,160.0,6.84,25.9,0,0,0,0,8.7,0
S07704,72.8,99.5,6.07,28.0,0,1,0,0,6.0,0
S07705,75.6,126.8,3.0,26.7,1,0,0,0,3.3,0
S07706,63.9,129.6,7.54,25.9,1,0,0,0,0.4,0
S07707,61.6,149.5,7.87,29.9,1,0,0,0,2.5,0
S07708,80.3,152.9,6.95,33.8,0,0,0,0,2.1,0
S07709,61.7,128.8,3.82,24.8,0,1,0,0,1.8,0
S07710,69.5,152.9,6.91,26.1,0,0,0,0,14.1,0
S07711,59.1,133.9,9.85,33.4,0,0,0,0,2.4,0
S07712,68.8,157.1,7.34,34.6,0,0,0,0,0.9,0
S07713,55.9,151.2,7.93,23.7,0,0,0,0,1.5,0
S07714,69.7,128.2,5.3,25.0,0,0,0,0,3.1,0
S07715,76.6,127.1,5.64,21.5,0,0,1,1,3.2,0
S07716,74.3,147.2,5.96,25.9,1,0,1,0,0.2,0
S07717,33.7,148.5,5.88,35.9,0,0,0,0,1.2,0
S07718,36.7,130.0,7.46,22.9,0,0,1,1,6.4,0
S07719,58.9,146.0,3.54,25.2,0,0,0,0,6.1,0
S07720,57.3,142.9,5.32,26.5,1,0,0,0,0.9,0
S07721,27.9,139.1,8.33,22.6,0,0,0,0,6.9,0
S07722,87.1,123.5,4.07,20.8,1,0,0,0,4.0,0
S07723,56.0,137.1,5.22,36.4,1,0,0,1,0.4,0
S07724,36.7,133.4,5.13,27.8,0,0,1,0,2.3,0
S07725,49.5,150.8,9.74,26.4,1,0,0,0,5.9,0
S07726,64.7,139.1,6.11,31.1,0,0,0,0,2.7,0
S07727,61.1,157.8,8.03,23.6,0,0,0,1,3.6,0
S07728,63.2,163.1,3.97,33.9,0,0,1,0,0.7,0
S07729,78.3,135.0,8.22,20.5,1,0,1,0,0.2,0
S07730,45.8,127.3,3.32,25.9,0,0,1,0,5.6,0
S07731,67.8,129.5,5.87,32.4,1,0,0,0,3.0,0
S07732,54.0,145.5,7.48,15.9,0,0,1,0,3.6,0
S07733,67.4,144.3,6.47,31.1,0,0,0,1,2.2,0
S07734,65.9,95.1,6.06,31.3,1,0,0,0,3.6,0
S07735,30.0,126.2,6.72,21.7,0,0,0,0,5.5,0
S07736,72.3,136.0,7.17,25.0,1,0,0,0,9.7,0
S07737,55.0,121.4,7.77,22.8,0,1,0,0,2.8,0
S07738,61.9,97.0,7.43,26.2,0,0,0,0,1.6,0
S07739,78.2,123.2,5.27,29.3,0,0,0,0,5.9,0
S07740,48.2,141.0,7.13,27.6,0,0,1,0,0.8,0
S07741,52.8,130.1,7.66,31.9,0,0,0,0,7.6,0
S07742,52.9,116.6,6.99,25.1,1,0,1,1,3.1,0
S07743,70.8,138.8,7.38,28.2,1,0,1,0,6.2,0
S07744,37.2,151.6,3.0,30.3,0,0,1,0,7.7,0
S07745,79.3,118.0,5.58,34.9,0,0,1,0,3.0,0
S07746,44.7,118.5,5.98,25.2,0,1,0,0,1.6,0
S07747,60.6,133.3,7.63,21.5,1,0,0,0,7.4,0
S07748,66.8,168.4,5.99,20.2,0,0,1,0,2.0,0
S07749,71.8,137.6,3.94,29.0,0,1,1,0,0.2,0
S07750,81.8,91.7,4.97,29.3,0,0,1,0,0.6,0
S07751,62.7,152.0,4.21,31.4,0,0,1,0,7.3,1
S07752,54.4,138.0,7.25,32.6,1,0,0,0,1.8,0
S07753,55.1,100.4,3.45,27.6,1,0,1,0,4.7,0
S07754,76.0,149.8,7.28,23.8,0,0,0,1,0.6,0
S07755,41.8,111.9,5.25,18.1,0,1,1,0,1.6,0
S07756,82.8,137.3,6.16,27.0,1,0,1,0,0.5,0
S07757,77.7,123.7,5.78,24.1,0,0,1,0,5.7,0
S07758,58.4,144.9,7.91,27.0,1,0,0,0,5.5,0
S07759,59.6,145.4,4.81,21.2,0,0,0,0,6.9,0
S07760,35.1,102.0,7.06,25.9,0,0,0,0,5.3,0
S07761,64.4,132.5,8.75,22.2,0,0,0,0,4.1,0
S07762,81.3,126.9,3.0,26.5,1,0,1,0,4.7,0
S07763,65.7,115.0,5.57,29.8,0,0,0,0,7.3,0
S07764,33.0,162.5,7.39,20.7,0,0,0,0,4.4,0
S07765,80.0,138.7,8.17,29.3,0,0,1,0,4.8,0
S07766,69.8,127.1,7.88,35.8,0,0,0,0,3.5,0
S07767,64.3,153.1,6.0,27.5,1,0,0,0,2.7,0
S07768,58.3,149.0,7.36,23.6,0,0,0,0,5.7,0
S07769,67.5,135.9,6.7,22.2,1,0,0,0,2.6,0
S07770,39.4,126.3,4.71,18.7,0,0,0,0,3.9,0
S07771,66.3,155.8,6.98,24.8,1,0,0,0,6.0,0
S07772,55.1,125.0,5.97,30.4,1,0,0,0,2.4,0
S07773,75.3,147.1,8.41,27.3,0,0,0,0,0.2,0
S07774,49.0,137.9,4.99,36.3,1,0,0,0,8.5,0
S07775,55.4,115.7,7.4,25.2,0,0,1,1,0.4,0
S07776,34.0,126.3,5.91,18.8,0,0,0,0,3.9,0
S07777,74.3,139.7,8.2,19.2,1,1,0,0,5.4,0
S07778,62.1,140.8,7.78,34.2,1,0,1,0,3.7,0
S07779,60.9,137.9,9.31,24.8,0,0,1,0,3.4,0
S07780,60.9,105.7,7.71,36.8,1,0,0,0,4.4,0
S07781,64.5,150.7,7.09,17.0,1,0,1,0,5.0,0
S07782,69.4,149.2,4.8,26.5,1,1,0,0,2.2,0
S07783,66.1,139.3,5.09,26.9,0,0,0,0,1.0,0
S07784,66.8,143.8,6.82,30.8,0,0,1,0,1.5,0
S07785,45.1,130.2,5.95,31.4,0,0,0,0,13.5,0
S07786,52.4,142.6,8.35,23.2,0,1,0,0,3.0,0
S07787,56.1,124.1,7.67,24.8,0,1,0,0,1.5,0
S07788,65.7,153.2,9.4,22.6,1,0,0,0,4.2,0
S07789,56.5,118.7,8.0,29.0,1,0,0,1,13.1,1
S07790,52.9,113.3,3.0,22.9,0,0,0,0,6.2,0
S07791,70.6,146.5,3.4,26.2,1,0,1,0,5.2,1
S07792,57.2,164.6,6.75,31.3,0,0,0,0,5.0,0
S07793,69.2,154.0,5.12,29.5,0,0,0,0,11.0,0
S07794,54.1,139.7,5.09,26.7,1,0,0,0,1.0,0
S07795,49.7,113.5,7.87,32.8,1,1,0,1,10.8,0
S07796,66.0,112.9,5.67,28.7,1,0,0,0,0.9,0
S07797,54.6,150.2,7.48,26.2,1,0,0,0,1.0,1
S07798,61.8,146.4,9.57,20.9,1,0,0,0,2.9,0
S07799,72.6,132.2,6.61,35.4,0,0,0,0,3.7,0
S07800,60.8,128.8,5.23,25.9,0,0,0,0,2.6,0
S07801,81.4,141.4,8.12,27.5,0,0,0,1,3.3,0
S07802,45.8,142.8,6.36,29.1,1,0,0,0,1.5,0
S07803,57.6,143.0,5.25,27.7,0,0,0,0,1.0,0
S07804,67.2,140.0,5.17,28.6,1,0,1,0,9.7,0
S07805,42.1,117.7,5.45,16.7,0,0,0,0,4.1,0
S07806,43.8,141.0,8.28,20.5,0,0,0,0,6.7,0
S07807,59.9,137.2,6.27,29.2,0,1,0,0,1.2,0
S07808,47.8,134.4,6.78,28.5,1,1,0,0,1.7,0
S07809,63.7,135.7,6.95,33.1,0,0,0,0,8.0,0
S07810,71.5,140.0,5.13,29.3,0,0,0,0,15.2,0
S07811,48.0,140.9,7.77,22.5,0,0,0,0,12.1,0
S07812,66.5,145.2,8.89,29.6,0,0,0,0,8.0,0
S07813,46.8,157.0,3.0,30.3,0,0,1,0,1.2,0
S07814,61.1,158.4,7.38,30.7,0,0,0,0,5.2,0
S07815,85.4,144.3,9.63,26.2,0,0,0,0,1.8,0
S07816,65.9,103.2,4.5,29.2,0,0,1,0,5.0,0
S07817,51.6,109.0,8.62,31.0,0,0,0,0,3.1,0
S07818,58.0,157.8,4.5,31.7,0,0,0,0,8.9,0
S07819,79.5,145.4,4.14,34.6,0,0,0,0,7.4,0
S07820,59.3,129.2,4.92,30.7,0,0,0,1,5.8,0
S07821,64.7,148.9,4.2,18.9,1,0,0,1,2.8,0
S07822,51.8,150.9,5.08,34.2,1,0,0,0,7.8,0
S07823,67.5,130.8,9.02,29.9,1,0,1,0,14.4,0
S07824,51.4,104.6,3.93,27.7,1,0,0,0,1.1,0
S07825,64.1,164.4,3.88,31.0,0,0,0,0,4.6,0
S07826,61.3,141.4,8.25,20.6,0,0,1,0,0.4,0
S07827,36.2,110.6,7.02,28.7,0,0,0,0,2.2,0
S07828,61.2,105.1,7.03,26.7,0,0,0,0,5.2,0
S07829,69.3,159.9,6.93,25.0,1,0,0,0,1.7,0
S07830,60.7,140.4,6.77,26.5,0,0,1,0,7.9,0
S07831,67.1,132.0,8.38,32.0,1,0,0,1,3.5,1
S07832,47.5,143.7,9.43,28.3,0,0,1,0,8.3,0
S07833,85.7,122.1,4.12,22.4,1,0,1,0,6.6,0
S07834,59.1,95.2,6.5,28.1,1,0,0,0,1.8,0
S07835,59.3,117.7,8.06,29.6,0,0,0,0,5.9,0
S07836,59.3,114.1,5.3,26.8,1,0,0,0,3.5,0
S07837,40.5,125.2,5.31,22.9,0,0,1,0,6.4,0
S07838,70.8,110.7,9.87,20.7,0,0,0,0,5.6,0
S07839,75.4,149.8,6.32,31.3,1,0,0,0,2.5,0
S07840,67.0,139.4,9.53,29.0,0,0,0,0,2.1,0
S07841,74.2,90.7,3.46,20.8,1,0,0,0,1.7,0
S07842,56.4,142.2,5.73,27.3,1,0,0,0,1.5,0
S07843,55.6,100.9,5.4,30.9,1,0,0,0,1.2,0
S07844,54.2,148.8,5.87,19.9,0,0,0,0,2.9,0
S07845,44.4,133.2,6.03,32.3,0,0,0,0,7.2,0
S07846,51.3,100.8,7.56,35.4,1,0,1,0,3.0,0
S07847,44.2,132.1,3.95,31.3,0,0,0,0,4.8,0
S07848,75.5,132.1,8.03,23.1,0,0,0,0,4.7,0
S07849,37.9,155.1,4.19,20.1,1,0,1,0,2.1,0
S07850,61.3,148.2,5.6,30.4,1,0,1,1,6.7,0
S07851,28.4,124.4,5.5,27.4,1,0,0,0,3.6,0
S07852,60.8,127.8,6.94,15.2,1,0,0,0,0.8,0
S07853,74.8,140.4,6.38,29.6,1,0,0,0,4.0,0
S07854,66.5,166.5,5.27,29.9,1,0,0,0,1.5,0
S07855,54.9,134.2,7.95,32.4,0,0,1,0,2.7,0
S07856,75.0,141.3,6.2,17.8,1,0,0,0,1.0,0
S07857,80.6,156.6,5.33,23.2,0,0,0,0,3.0,0
S07858,64.5,108.5,6.03,22.6,1,0,0,1,5.3,0
S07859,46.8,148.3,7.31,27.5,0,0,1,0,0.9,0
S07860,50.7,100.9,6.83,25.1,0,0,0,0,4.0,0
S07861,62.0,133.6,5.84,24.4,1,0,1,0,8.0,0
S07862,70.9,159.2,5.43,32.1,0,0,0,0,5.3,0
S07863,54.3,148.8,4.92,22.3,0,0,0,0,1.3,0
S07864,56.5,132.6,6.27,23.2,0,1,1,0,6.5,0
S07865,68.6,145.0,5.43,29.8,1,0,0,0,1.3,0
S07866,61.2,135.2,8.24,28.6,0,0,0,0,2.4,0
S07867,54.5,146.5,6.88,30.7,0,0,0,1,4.0,0
S07868,54.9,111.5,7.39,28.1,1,0,0,0,6.7,0
S07869,37.1,109.6,9.64,32.2,1,0,1,0,13.4,0
S07870,42.8,126.0,4.47,32.3,0,0,1,0,4.1,0
S07871,31.8,139.9,7.87,23.3,1,0,0,0,1.4,0
S07872,52.7,157.7,3.87,26.7,0,0,1,0,3.0,0
S07873,54.0,128.8,3.92,28.4,1,0,0,0,3.2,0
S07874,61.0,150.7,6.42,25.5,0,0,0,0,1.0,0
S07875,54.9,159.0,6.28,18.0,0,0,1,0,2.8,0
S07876,57.9,160.9,5.0,26.1,0,1,1,0,6.1,0
S07877,68.7,155.3,10.3,36.4,1,0,1,0,8.6,0
S07878,70.7,149.5,3.58,22.0,0,0,0,0,3.1,0
S07879,80.7,132.8,4.8,28.4,1,0,0,0,1.3,0
S07880,58.1,116.1,5.2,30.4,1,0,0,1,2.1,0
S07881,45.2,147.2,5.49,19.1,0,0,0,0,7.8,0
S07882,57.2,125.1,7.78,21.2,0,1,0,0,1.5,0
S07883,77.2,142.3,10.26,23.4,0,0,0,0,2.1,0
S07884,77.1,142.8,4.69,27.1,1,0,0,0,4.5,0
S07885,65.4,112.0,7.98,32.9,1,0,0,0,1.8,0
S07886,63.8,124.4,7.6,38.3,0,0,0,0,7.7,0
S07887,56.9,158.3,7.93,21.8,0,0,1,0,1.3,0
S07888,63.1,116.4,5.85,28.2,0,0,0,0,0.8,0
S07889,49.5,154.4,6.36,25.7,0,0,0,1,7.2,0
S07890,56.4,148.2,6.03,28.1,0,1,0,0,2.2,0
S07891,68.7,145.8,3.47,26.0,0,0,0,0,6.2,0
S07892,60.5,106.5,8.09,27.6,0,0,0,0,10.3,0
S07893,52.9,152.7,8.62,22.7,1,0,0,0,13.0,0
S07894,56.2,105.4,5.82,26.9,1,1,0,0,5.7,0
S07895,45.2,123.4,4.27,30.5,0,0,0,0,7.1,0
S07896,65.3,142.9,6.33,29.5,1,0,0,0,4.8,0
S07897,57.6,115.6,4.94,27.4,1,0,0,0,1.1,0
S07898,60.3,146.0,4.97,25.1,0,1,1,0,2.2,0
S07899,62.0,158.0,7.17,40.9,0,0,0,0,4.3,0
S07900,67.4,114.4,3.94,30.1,0,0,1,1,6.7,0
S07901,48.5,153.0,7.12,21.6,1,0,0,0,3.6,0
S07902,67.8,136.3,5.47,30.7,0,0,0,0,8.7,0
S07903,58.6,145.8,5.65,32.5,0,0,1,0,3.8,0
S07904,59.8,121.6,5.12,28.5,1,0,0,0,1.5,0
S07905,75.9,185.3,3.46,28.6,1,0,1,0,5.0,0
S07906,56.6,139.4,6.96,26.2,1,0,0,0,0.3,0
S07907,56.2,152.0,6.43,27.9,1,0,0,0,1.3,0
S07908,60.1,156.9,7.14,26.7,0,1,0,0,5.4,0
S07909,64.4,132.3,10.27,20.4,0,0,0,0,4.3,0
S07910,68.6,124.3,8.69,28.2,1,0,1,0,8.2,0
S07911,61.4,127.1,6.85,21.7,0,0,0,0,5.3,0
S07912,38.3,156.3,3.0,21.2,0,0,0,0,1.1,0
S07913,39.3,114.1,3.83,23.5,0,0,1,0,1.0,0
S07914,84.2,129.2,3.38,30.1,0,0,1,0,2.9,0
S07915,63.8,138.8,5.45,29.4,0,0,0,0,7.0,0
S07916,76.5,150.6,9.49,22.6,0,0,0,0,0.7,0
S07917,50.6,107.9,7.27,24.4,1,0,1,0,2.3,0
S07918,74.3,130.9,5.96,35.8,0,0,0,0,4.6,0
S07919,57.8,157.3,3.0,22.0,1,0,1,0,1.5,0
S07920,65.1,158.4,7.23,22.9,0,0,0,0,7.5,0
S07921,61.3,156.9,4.55,32.0,0,0,0,0,0.6,0
S07922,72.9,127.2,3.77,18.1,1,0,0,0,9.3,1
S07923,69.0,123.5,4.23,27.5,0,0,0,0,1.6,0
S07924,69.2,141.9,8.4,22.7,1,0,0,0,2.5,0
S07925,43.2,132.7,4.26,27.3,0,0,0,1,3.7,0
S07926,45.6,139.0,5.06,21.9,0,0,0,0,9.3,0
S07927,71.6,114.6,4.52,25.4,1,0,0,0,5.1,0
S07928,49.9,134.6,6.47,20.3,0,0,0,1,2.4,0
S07929,73.2,149.8,5.64,22.4,1,0,0,0,2.3,0
S07930,60.9,145.2,5.19,27.2,1,0,0,1,5.9,0
S07931,59.4,132.2,5.8,28.0,0,0,1,0,4.9,0
S07932,94.4,140.4,3.14,19.1,0,0,0,0,8.2,0
S07933,44.3,167.8,6.98,20.1,0,0,0,0,1.9,0
S07934,52.7,152.8,7.63,22.7,0,0,1,0,1.7,0
S07935,53.6,133.1,6.84,26.9,1,1,0,0,1.9,0
S07936,79.5,145.4,8.3,25.6,0,0,0,1,3.7,1
S07937,59.7,85.0,8.98,27.1,1,0,0,0,5.5,0
S07938,62.2,156.1,5.23,27.7,0,0,1,1,8.9,0
S07939,61.3,157.1,5.5,20.8,1,0,0,0,2.8,0
S07940,50.9,174.0,7.7,23.7,0,0,0,0,2.3,0
S07941,64.6,120.5,6.96,26.0,0,0,0,0,1.1,0
S07942,70.0,118.8,7.7,30.6,0,0,0,0,4.5,0
S07943,76.7,165.9,5.33,30.5,0,0,1,0,3.5,0
S07944,48.5,124.4,7.8,29.4,1,0,0,0,1.4,0
S07945,70.0,121.5,6.83,26.8,0,0,0,0,6.5,0
S07946,66.9,119.1,3.0,26.6,0,0,0,0,9.4,0
S07947,60.0,135.1,6.12,22.7,1,0,1,0,5.0,0
S07948,73.2,136.9,6.48,26.0,0,0,0,0,12.1,0
S07949,67.6,130.9,5.45,28.4,1,0,0,0,3.9,0
S07950,71.8,146.7,3.31,25.8,0,0,0,0,1.9,0
S07951,69.4,121.4,10.08,28.6,0,0,0,0,3.2,0
S07952,67.0,112.5,7.52,16.9,0,0,0,0,2.6,0
S07953,57.0,144.9,9.09,22.3,1,0,0,0,3.0,0
S07954,64.4,126.2,6.61,27.3,0,0,0,0,3.6,0
S07955,58.0,110.6,5.02,27.5,1,0,0,0,9.1,0
S07956,80.2,138.1,7.17,29.7,1,0,0,0,3.9,0
S07957,69.8,123.8,5.76,18.9,0,0,0,0,2.5,0
S07958,75.2,149.7,7.51,23.3,0,0,0,0,4.7,0
S07959,62.6,138.1,6.96,24.7,0,0,0,0,1.4,0
S07960,71.1,116.7,7.2,29.8,0,0,1,0,5.1,0
S07961,57.0,131.6,5.52,25.7,1,0,1,0,6.6,0
S07962,71.1,128.9,7.95,29.0,0,0,0,0,6.8,0
S07963,79.9,108.1,7.27,18.6,0,0,0,0,7.4,0
S07964,58.1,137.7,9.46,30.5,0,0,0,0,1.5,0
S07965,80.1,156.5,7.14,24.6,1,0,1,0,1.0,0
S07966,46.1,138.7,8.91,28.1,0,0,0,0,5.4,0
S07967,62.3,132.2,8.68,33.3,1,0,1,1,4.9,0
S07968,76.6,178.5,6.08,24.8,0,0,0,0,11.2,0
S07969,55.9,143.1,8.94,23.6,1,0,0,0,1.1,0
S07970,58.8,148.7,6.74,17.8,0,0,0,0,6.4,0
S07971,63.2,109.7,6.51,25.2,0,0,0,0,8.3,0
S07972,72.5,127.2,4.87,26.8,0,0,1,0,2.3,0
S07973,65.9,122.7,4.06,28.1,1,0,0,0,5.6,0
S07974,44.6,102.9,6.62,24.9,1,0,0,0,6.1,0
S07975,58.6,125.0,6.55,27.3,1,0,1,0,3.0,0
S07976,70.7,141.3,8.91,22.3,0,0,0,0,0.7,0
S07977,44.8,163.6,3.5,22.0,0,0,0,0,3.8,0
S07978,62.5,142.1,3.78,33.5,1,0,0,0,2.0,0
S07979,47.0,138.1,5.69,24.8,1,0,0,0,3.6,0
S07980,41.7,154.2,6.08,20.7,0,0,1,0,3.4,0
S07981,56.0,140.3,6.37,26.5,0,0,0,0,2.1,0
S07982,42.4,133.3,6.35,22.5,0,0,0,0,7.5,0
S07983,53.5,175.5,7.14,28.1,1,0,1,0,2.4,0
S07984,77.6,120.0,5.57,27.1,0,0,0,0,12.2,0
S07985,78.4,131.3,8.13,34.7,0,0,0,0,3.1,0
S07986,51.6,130.3,6.27,15.6,1,0,0,0,3.5,0
S07987,48.3,156.2,7.42,30.4,1,0,0,0,6.2,0
S07988,58.7,166.8,6.28,22.8,0,1,1,0,11.6,0
S07989,76.3,170.5,8.8,26.2,1,0,1,0,2.0,0
S07990,57.5,170.1,7.28,29.0,0,0,0,0,3.2,0
S07991,56.6,113.1,7.89,22.3,1,0,0,0,0.8,0
S07992,61.8,141.3,9.33,21.0,0,0,0,0,2.6,0
S07993,45.0,128.4,6.49,33.8,0,0,1,0,0.6,0
S07994,60.2,117.5,3.18,28.5,0,0,1,0,4.2,0
S07995,57.9,148.5,8.16,25.3,0,0,0,0,2.3,0
S07996,63.9,150.9,3.9,28.3,0,0,0,0,3.5,0
S07997,48.9,121.9,6.31,25.4,1,0,1,0,4.2,0
S07998,58.1,134.0,9.3,29.1,1,0,1,0,3.0,1
S07999,58.1,110.8,4.99,20.2,1,0,0,0,3.6,0
S08000,58.9,126.3,5.66,26.3,0,0,0,0,1.4,0
